Protocollo;Gruppo;DataOraIncidente;Localizzazione1;STRADA1;Localizzazione2;STRADA2;Strada02;Chilometrica;DaSpecificare;NaturaIncidente;particolaritastrade;TipoStrada;FondoStradale;Pavimentazione;Segnaletica;CondizioneAtmosferica;Traffico;Visibilita;Illuminazione;NUM_FERITI;NUM_RISERVATA;NUM_MORTI;NUM_ILLESI;Longitudine;Latitudine;Confermato;Progressivo;TipoVeicolo;StatoVeicolo;TipoPersona;Sesso;Tipolesione;Deceduto;DecedutoDopo;CinturaCascoUtilizzato;Airbag
2991073;11;01/10/2016 10:45;Strada Urbana;VIA DUCCIO DI BUONINSEGNA;in corrispondenza;;del civico n.;25;;Veicolo in marcia contro veicolo fermo;Rettilineo;Una carreggiata a doppio senso;Asciutto;Asfaltata;Verticale ed orizzontale;Sereno;Normale;Buona;Ore Diurne;0;0;0;2;12.48918;41.8298;-1;2;Autovettura privata;In marcia / fermata / arresto;Conducente;M;Illeso;0;;Non accertato;Inesploso
2991088;10;01/10/2016 10:15;Strada Urbana;VIA TUSCOLANA;da specificare;;;;alt. studi di Cinecittà;Infortunio per sola frenata improvvisa;Rettilineo;Due carreggiate;Asciutto;Asfaltata;Orizzontale;Sereno;Normale;Buona;Ore Diurne;1;0;0;0;12.57355;41.85002;-1;1;Motociclo a solo;In marcia / fermata / arresto;Conducente;M;Rimandato;0;NON DECEDUTO;Non accertato;
2991090;20;02/10/2016 18:45;Strada Urbana;VIA LUIGI BODIO;all'intersezione con;VIA GIOVANNI ARRIVABENE;VIA GIOVANNI ARRIVABENE;;;Scontro frontale/laterale DX fra veicoli in marcia;Intersezione non regolata/non segnalata;Una carreggiata a senso unico di marcia;Asciutto;Asfaltata;Verticale ed orizzontale;Nuvoloso;Scarso;Buona;Ore Diurne;0;0;0;3;12.46679;41.94504;-1;1;Autovettura privata;In marcia / fermata / arresto;Passeggero;F;Illeso;0;;Utilizzato;Inesploso
2991090;20;02/10/2016 18:45;Strada Urbana;VIA LUIGI BODIO;all'intersezione con;VIA GIOVANNI ARRIVABENE;VIA GIOVANNI ARRIVABENE;;;Scontro frontale/laterale DX fra veicoli in marcia;Intersezione non regolata/non segnalata;Una carreggiata a senso unico di marcia;Asciutto;Asfaltata;Verticale ed orizzontale;Nuvoloso;Scarso;Buona;Ore Diurne;0;0;0;3;12.46679;41.94504;-1;1;Autovettura privata;In marcia / fermata / arresto;Conducente;M;Illeso;0;;Utilizzato;Inesploso
2991090;20;02/10/2016 18:45;Strada Urbana;VIA LUIGI BODIO;all'intersezione con;VIA GIOVANNI ARRIVABENE;VIA GIOVANNI ARRIVABENE;;;Scontro frontale/laterale DX fra veicoli in marcia;Intersezione non regolata/non segnalata;Una carreggiata a senso unico di marcia;Asciutto;Asfaltata;Verticale ed orizzontale;Nuvoloso;Scarso;Buona;Ore Diurne;0;0;0;3;12.46679;41.94504;-1;2;Autovettura privata;In marcia / fermata / arresto;Conducente;F;Illeso;0;;Non accertato;Inesploso
2991101;10;01/10/2016 10:30;Statale entro l'abitato;VIA APPIA NUOVA;da specificare;;;;f. c. civico 1220;Tamponamento;Rettilineo;Due carreggiate;Asciutto;Asfaltata;Orizzontale;Sereno;Normale;Buona;Ore Diurne;0;0;0;3;12.5516;41.83656;-1;1;Autovettura privata;In marcia / fermata / arresto;Conducente;M;Illeso;0;;Non accertato;Inesploso
2991101;10;01/10/2016 10:30;Statale entro l'abitato;VIA APPIA NUOVA;da specificare;;;;f. c. civico 1220;Tamponamento;Rettilineo;Due carreggiate;Asciutto;Asfaltata;Orizzontale;Sereno;Normale;Buona;Ore Diurne;0;0;0;3;12.5516;41.83656;-1;1;Autovettura privata;In marcia / fermata / arresto;Passeggero;F;Illeso;0;;Non accertato;Inesploso
2991101;10;01/10/2016 10:30;Statale entro l'abitato;VIA APPIA NUOVA;da specificare;;;;f. c. civico 1220;Tamponamento;Rettilineo;Due carreggiate;Asciutto;Asfaltata;Orizzontale;Sereno;Normale;Buona;Ore Diurne;0;0;0;3;12.5516;41.83656;-1;2;Autovettura privata;In marcia / fermata / arresto;Conducente;M;Illeso;0;;Non accertato;Inesploso
2991107;8;02/10/2016 14:50;Strada Urbana;VIA ANTEO;in prossimità;;del civico n.;41;;Investimento di pedone;Rettilineo;Una carreggiata a doppio senso;Bagnato (pioggia);Strada pavimentata dissestata;Verticale;Nuvoloso;Scarso;Buona;Ore Diurne;1;0;0;2;12.61538;41.88038;-1;;;;Pedone;F;Rimandato;0;NON DECEDUTO;;
2991107;8;02/10/2016 14:50;Strada Urbana;VIA ANTEO;in prossimità;;del civico n.;41;;Investimento di pedone;Rettilineo;Una carreggiata a doppio senso;Bagnato (pioggia);Strada pavimentata dissestata;Verticale;Nuvoloso;Scarso;Buona;Ore Diurne;1;0;0;2;12.61538;41.88038;-1;2;Autovettura privata;In marcia / fermata / arresto;Conducente;F;Illeso;0;;;
2991107;8;02/10/2016 14:50;Strada Urbana;VIA ANTEO;in prossimità;;del civico n.;41;;Investimento di pedone;Rettilineo;Una carreggiata a doppio senso;Bagnato (pioggia);Strada pavimentata dissestata;Verticale;Nuvoloso;Scarso;Buona;Ore Diurne;1;0;0;2;12.61538;41.88038;-1;2;Autovettura privata;In marcia / fermata / arresto;Passeggero;M;Illeso;0;;;
2991111;8;02/10/2016 09:55;Strada Urbana;VIALE OXFORD;all'intersezione con;VIALE OXFORD;VIALE OXFORD;;;Tamponamento;Rotatoria;Una carreggiata a senso unico di marcia;Asciutto;Asfaltata;Verticale ed orizzontale;Nuvoloso;Normale;Buona;Ore Diurne;0;0;0;2;12.62784;41.85897;-1;1;Autovettura privata;In marcia / fermata / arresto;Conducente;F;Illeso;0;;Non accertato;Inesploso
2991111;8;02/10/2016 09:55;Strada Urbana;VIALE OXFORD;all'intersezione con;VIALE OXFORD;VIALE OXFORD;;;Tamponamento;Rotatoria;Una carreggiata a senso unico di marcia;Asciutto;Asfaltata;Verticale ed orizzontale;Nuvoloso;Normale;Buona;Ore Diurne;0;0;0;2;12.62784;41.85897;-1;2;Autovettura privata;In marcia / fermata / arresto;Conducente;M;Illeso;0;;Non accertato;Inesploso
2991115;10;03/10/2016 06:50;Strada Urbana;VIALE PALMIRO TOGLIATTI;all'intersezione semaforizzata con;VIA SANTI ROMANO;VIA SANTI ROMANO;;;Scontro laterale fra veicoli in marcia;Intersezione semaforizzata;Più di due carreggiate;Asciutto;Asfaltata;Verticale ed orizzontale;Nuvoloso;Normale;Sufficiente;Sufficiente;0;0;0;2;12.56877;41.86251;-1;1;Autocarro superiore 35 q.;In marcia / fermata / arresto;Conducente;M;Illeso;0;;Non accertato;Inesistente
2991115;10;03/10/2016 06:50;Strada Urbana;VIALE PALMIRO TOGLIATTI;all'intersezione semaforizzata con;VIA SANTI ROMANO;VIA SANTI ROMANO;;;Scontro laterale fra veicoli in marcia;Intersezione semaforizzata;Più di due carreggiate;Asciutto;Asfaltata;Verticale ed orizzontale;Nuvoloso;Normale;Sufficiente;Sufficiente;0;0;0;2;12.56877;41.86251;-1;2;Autovettura privata;In marcia / fermata / arresto;Conducente;M;Illeso;0;;Non accertato;Inesploso
2991117;8;02/10/2016 13:30;Strada Urbana;VIALE OXFORD;da specificare;;;;rampa di immissione rotatoria V.le Oxford;Tamponamento;Rettilineo;Una carreggiata a senso unico di marcia;Bagnato (pioggia);Asfaltata;Verticale ed orizzontale;Nuvoloso;Normale;Buona;Ore Diurne;1;0;0;1;12.62775;41.86036;-1;1;Autovettura privata;In marcia / fermata / arresto;Conducente;F;Rifiuta cure immediate;0;NON DECEDUTO;Non accertato;Inesploso
2991117;8;02/10/2016 13:30;Strada Urbana;VIALE OXFORD;da specificare;;;;rampa di immissione rotatoria V.le Oxford;Tamponamento;Rettilineo;Una carreggiata a senso unico di marcia;Bagnato (pioggia);Asfaltata;Verticale ed orizzontale;Nuvoloso;Normale;Buona;Ore Diurne;1;0;0;1;12.62775;41.86036;-1;2;Autovettura privata;In marcia / fermata / arresto;Conducente;M;Illeso;0;;Non accertato;Inesploso
2991132;5;03/10/2016 02:10;Strada Urbana;PIAZZA DEI RE DI ROMA;da specificare;;;;fronte civico 79;Veicolo in marcia contro ostacolo fisso;Rotatoria;Una carreggiata a senso unico di marcia;Asciutto;Asfaltata;Verticale ed orizzontale;Nuvoloso;Scarso;Buona;Sufficiente;0;0;0;2;12.51363;41.88133;-1;1;Autovettura privata;In marcia / fermata / arresto;Conducente;M;Illeso;0;;Non accertato;Esploso
2991132;5;03/10/2016 02:10;Strada Urbana;PIAZZA DEI RE DI ROMA;da specificare;;;;fronte civico 79;Veicolo in marcia contro ostacolo fisso;Rotatoria;Una carreggiata a senso unico di marcia;Asciutto;Asfaltata;Verticale ed orizzontale;Nuvoloso;Scarso;Buona;Sufficiente;0;0;0;2;12.51363;41.88133;-1;1;Autovettura privata;In marcia / fermata / arresto;Passeggero;M;Illeso;0;;Non accertato;
2991139;10;02/10/2016 18:45;Strada Urbana;VIA UMBERTO QUINTAVALLE;da specificare;;;;area parcheggio prox Via P. Togliatti;Investimento di pedone;Rettilineo;Una carreggiata a senso unico di marcia;Asciutto;Asfaltata;Verticale ed orizzontale;Sereno;Normale;Sufficiente;Sufficiente;1;0;0;2;12.57377;41.85444;-1;;;;Pedone;M;Rimandato;0;NON DECEDUTO;;
2991139;10;02/10/2016 18:45;Strada Urbana;VIA UMBERTO QUINTAVALLE;da specificare;;;;area parcheggio prox Via P. Togliatti;Investimento di pedone;Rettilineo;Una carreggiata a senso unico di marcia;Asciutto;Asfaltata;Verticale ed orizzontale;Sereno;Normale;Sufficiente;Sufficiente;1;0;0;2;12.57377;41.85444;-1;1;Autovettura privata;In marcia / fermata / arresto;Conducente;M;Illeso;0;;Non accertato;Inesploso
2991139;10;02/10/2016 18:45;Strada Urbana;VIA UMBERTO QUINTAVALLE;da specificare;;;;area parcheggio prox Via P. Togliatti;Investimento di pedone;Rettilineo;Una carreggiata a senso unico di marcia;Asciutto;Asfaltata;Verticale ed orizzontale;Sereno;Normale;Sufficiente;Sufficiente;1;0;0;2;12.57377;41.85444;-1;1;Autovettura privata;In marcia / fermata / arresto;Passeggero;F;Illeso;0;;Non accertato;Inesploso
2991148;9;01/10/2016 00:35;Strada Urbana;VIA APPIA NUOVA;in corrispondenza;;del civico n.;896;;Tamponamento Multiplo;Rettilineo;Due carreggiate;Asciutto;Asfaltata;Verticale ed orizzontale;Sereno;Normale;Sufficiente;Sufficiente;2;0;0;3;12.55146;41.84195;-1;1;Autovettura privata;In marcia / fermata / arresto;Conducente;M;Illeso;0;;Non accertato;Inesploso
2991148;9;01/10/2016 00:35;Strada Urbana;VIA APPIA NUOVA;in corrispondenza;;del civico n.;896;;Tamponamento Multiplo;Rettilineo;Due carreggiate;Asciutto;Asfaltata;Verticale ed orizzontale;Sereno;Normale;Sufficiente;Sufficiente;2;0;0;3;12.55146;41.84195;-1;1;Autovettura privata;In marcia / fermata / arresto;Passeggero;M;Illeso;0;;Non accertato;Inesploso
2991148;9;01/10/2016 00:35;Strada Urbana;VIA APPIA NUOVA;in corrispondenza;;del civico n.;896;;Tamponamento Multiplo;Rettilineo;Due carreggiate;Asciutto;Asfaltata;Verticale ed orizzontale;Sereno;Normale;Sufficiente;Sufficiente;2;0;0;3;12.55146;41.84195;-1;2;Autovettura privata;In marcia / fermata / arresto;Conducente;F;Rimandato;0;NON DECEDUTO;Non accertato;Inesploso
2991148;9;01/10/2016 00:35;Strada Urbana;VIA APPIA NUOVA;in corrispondenza;;del civico n.;896;;Tamponamento Multiplo;Rettilineo;Due carreggiate;Asciutto;Asfaltata;Verticale ed orizzontale;Sereno;Normale;Sufficiente;Sufficiente;2;0;0;3;12.55146;41.84195;-1;2;Autovettura privata;In marcia / fermata / arresto;Passeggero;M;Rimandato;0;NON DECEDUTO;Non accertato;Inesploso
2991148;9;01/10/2016 00:35;Strada Urbana;VIA APPIA NUOVA;in corrispondenza;;del civico n.;896;;Tamponamento Multiplo;Rettilineo;Due carreggiate;Asciutto;Asfaltata;Verticale ed orizzontale;Sereno;Normale;Sufficiente;Sufficiente;2;0;0;3;12.55146;41.84195;-1;3;Autovettura privata;In marcia / fermata / arresto;Conducente;M;Illeso;0;;Non accertato;Inesploso
2991151;8;01/10/2016 23:15;Strada Urbana;VIA CASILINA;in prossimità;;del civico n.;1336;;Tamponamento;Rettilineo;Una carreggiata a doppio senso;Bagnato (pioggia);Asfaltata;Verticale ed orizzontale;Pioggia in atto;Normale;Buona;Sufficiente;1;0;0;2;12.6103;41.86394;-1;1;Autovettura privata;In marcia / fermata / arresto;Conducente;M;Illeso;0;;Non accertato;Inesploso
2991151;8;01/10/2016 23:15;Strada Urbana;VIA CASILINA;in prossimità;;del civico n.;1336;;Tamponamento;Rettilineo;Una carreggiata a doppio senso;Bagnato (pioggia);Asfaltata;Verticale ed orizzontale;Pioggia in atto;Normale;Buona;Sufficiente;1;0;0;2;12.6103;41.86394;-1;1;Autovettura privata;In marcia / fermata / arresto;Passeggero;F;Rifiuta cure immediate;0;NON DECEDUTO;Non accertato;Inesploso
2991151;8;01/10/2016 23:15;Strada Urbana;VIA CASILINA;in prossimità;;del civico n.;1336;;Tamponamento;Rettilineo;Una carreggiata a doppio senso;Bagnato (pioggia);Asfaltata;Verticale ed orizzontale;Pioggia in atto;Normale;Buona;Sufficiente;1;0;0;2;12.6103;41.86394;-1;2;Autovettura privata;In marcia / fermata / arresto;Conducente;F;Illeso;0;;Non accertato;Inesploso
2991154;8;01/10/2016 11:45;Regionale entro l'abitato;VIA CASILINA;all'intersezione con;VIA TOMMASO MERCANDETTI;VIA TOMMASO MERCANDETTI;;;Scontro laterale fra veicoli in marcia;Incrocio;Una carreggiata a doppio senso;Asciutto;Asfaltata;Orizzontale;Sereno;Normale;Buona;Ore Diurne;0;0;0;2;12.60933;41.86405;-1;1;Autovettura privata;In marcia / fermata / arresto;Conducente;F;Illeso;0;;Non accertato;Inesploso
2991154;8;01/10/2016 11:45;Regionale entro l'abitato;VIA CASILINA;all'intersezione con;VIA TOMMASO MERCANDETTI;VIA TOMMASO MERCANDETTI;;;Scontro laterale fra veicoli in marcia;Incrocio;Una carreggiata a doppio senso;Asciutto;Asfaltata;Orizzontale;Sereno;Normale;Buona;Ore Diurne;0;0;0;2;12.60933;41.86405;-1;2;Motociclo a solo;In marcia / fermata / arresto;Conducente;M;Illeso;0;;Non accertato;
2991165;8;02/10/2016 18:10;Strada Urbana;VIALE DI TORRE MAURA;in prossimità;;del civico n.;92;;Scontro laterale fra veicoli in marcia;Curva a visuale libera;Una carreggiata a senso unico di marcia;Asciutto;Asfaltata;Verticale ed orizzontale;Nuvoloso;Normale;Buona;Ore Diurne;1;0;0;4;12.59103;41.86465;-1;1;Autovettura privata;In marcia / fermata / arresto;Conducente;F;Illeso;0;;Non accertato;Inesploso
2991165;8;02/10/2016 18:10;Strada Urbana;VIALE DI TORRE MAURA;in prossimità;;del civico n.;92;;Scontro laterale fra veicoli in marcia;Curva a visuale libera;Una carreggiata a senso unico di marcia;Asciutto;Asfaltata;Verticale ed orizzontale;Nuvoloso;Normale;Buona;Ore Diurne;1;0;0;4;12.59103;41.86465;-1;1;Autovettura privata;In marcia / fermata / arresto;Passeggero;M;Illeso;0;;Non accertato;Inesistente
2991165;8;02/10/2016 18:10;Strada Urbana;VIALE DI TORRE MAURA;in prossimità;;del civico n.;92;;Scontro laterale fra veicoli in marcia;Curva a visuale libera;Una carreggiata a senso unico di marcia;Asciutto;Asfaltata;Verticale ed orizzontale;Nuvoloso;Normale;Buona;Ore Diurne;1;0;0;4;12.59103;41.86465;-1;1;Autovettura privata;In marcia / fermata / arresto;Passeggero;F;Illeso;0;;Non accertato;Inesploso
2991165;8;02/10/2016 18:10;Strada Urbana;VIALE DI TORRE MAURA;in prossimità;;del civico n.;92;;Scontro laterale fra veicoli in marcia;Curva a visuale libera;Una carreggiata a senso unico di marcia;Asciutto;Asfaltata;Verticale ed orizzontale;Nuvoloso;Normale;Buona;Ore Diurne;1;0;0;4;12.59103;41.86465;-1;1;Autovettura privata;In marcia / fermata / arresto;Passeggero;F;Illeso;0;;Non accertato;Inesploso
2991165;8;02/10/2016 18:10;Strada Urbana;VIALE DI TORRE MAURA;in prossimità;;del civico n.;92;;Scontro laterale fra veicoli in marcia;Curva a visuale libera;Una carreggiata a senso unico di marcia;Asciutto;Asfaltata;Verticale ed orizzontale;Nuvoloso;Normale;Buona;Ore Diurne;1;0;0;4;12.59103;41.86465;-1;2;Autovettura privata;In marcia / fermata / arresto;Conducente;M;Rimandato;0;NON DECEDUTO;Non accertato;Inesploso
2991166;6;02/10/2016 17:50;Strada Urbana;VIA PRENESTINA;all'intersezione con;VIA COLLATINA;VIA COLLATINA;;;Tamponamento;Intersezione semaforizzata;Più di due carreggiate;Bagnato (umidità in atto);Asfaltata;Verticale ed orizzontale;Nuvoloso;Intenso;Buona;Ore Diurne;3;0;0;2;12.56303;41.89506;-1;1;Autobus di linea;In marcia / fermata / arresto;Conducente;M;Illeso;0;;Non accertato;Inesistente
2991166;6;02/10/2016 17:50;Strada Urbana;VIA PRENESTINA;all'intersezione con;VIA COLLATINA;VIA COLLATINA;;;Tamponamento;Intersezione semaforizzata;Più di due carreggiate;Bagnato (umidità in atto);Asfaltata;Verticale ed orizzontale;Nuvoloso;Intenso;Buona;Ore Diurne;3;0;0;2;12.56303;41.89506;-1;2;Autovettura privata;In marcia / fermata / arresto;Conducente;M;Illeso;0;;;
2991166;6;02/10/2016 17:50;Strada Urbana;VIA PRENESTINA;all'intersezione con;VIA COLLATINA;VIA COLLATINA;;;Tamponamento;Intersezione semaforizzata;Più di due carreggiate;Bagnato (umidità in atto);Asfaltata;Verticale ed orizzontale;Nuvoloso;Intenso;Buona;Ore Diurne;3;0;0;2;12.56303;41.89506;-1;2;Autovettura privata;In marcia / fermata / arresto;Passeggero;F;Rimandato;0;NON DECEDUTO;;
2991166;6;02/10/2016 17:50;Strada Urbana;VIA PRENESTINA;all'intersezione con;VIA COLLATINA;VIA COLLATINA;;;Tamponamento;Intersezione semaforizzata;Più di due carreggiate;Bagnato (umidità in atto);Asfaltata;Verticale ed orizzontale;Nuvoloso;Intenso;Buona;Ore Diurne;3;0;0;2;12.56303;41.89506;-1;2;Autovettura privata;In marcia / fermata / arresto;Passeggero;F;Rimandato;0;NON DECEDUTO;;
2991167;6;01/10/2016 19:15;Strada Urbana;VIA DI TOR PIGNATTARA;in corrispondenza;;del civico n.;94;;Tamponamento;Rettilineo;Una carreggiata a doppio senso;Asciutto;Asfaltata;Verticale ed orizzontale;Nuvoloso;Intenso;Sufficiente;Ore Diurne;0;0;0;3;12.54168;41.87782;-1;1;Autovettura privata;In marcia / fermata / arresto;Conducente;M;Illeso;0;;;
2991167;6;01/10/2016 19:15;Strada Urbana;VIA DI TOR PIGNATTARA;in corrispondenza;;del civico n.;94;;Tamponamento;Rettilineo;Una carreggiata a doppio senso;Asciutto;Asfaltata;Verticale ed orizzontale;Nuvoloso;Intenso;Sufficiente;Ore Diurne;0;0;0;3;12.54168;41.87782;-1;1;Autovettura privata;In marcia / fermata / arresto;Passeggero;F;Illeso;0;;;
2991167;6;01/10/2016 19:15;Strada Urbana;VIA DI TOR PIGNATTARA;in corrispondenza;;del civico n.;94;;Tamponamento;Rettilineo;Una carreggiata a doppio senso;Asciutto;Asfaltata;Verticale ed orizzontale;Nuvoloso;Intenso;Sufficiente;Ore Diurne;0;0;0;3;12.54168;41.87782;-1;2;Autovettura privata;In marcia / fermata / arresto;Conducente;F;Illeso;0;;;
2991170;8;02/10/2016 17:40;Strada Urbana;VIA DI GROTTE CELONI;in prossimità;;del civico n.;12;;Veicolo in marcia contro ostacolo accidentale;Rettilineo;Una carreggiata a doppio senso;Bagnato (pioggia);Strada pavimentata dissestata;Verticale;Nuvoloso;Normale;Buona;Ore Diurne;0;0;0;2;12.64183;41.86198;-1;1;Autovettura privata;In marcia / fermata / arresto;Conducente;M;Illeso;0;;Non accertato;Inesploso
2991170;8;02/10/2016 17:40;Strada Urbana;VIA DI GROTTE CELONI;in prossimità;;del civico n.;12;;Veicolo in marcia contro ostacolo accidentale;Rettilineo;Una carreggiata a doppio senso;Bagnato (pioggia);Strada pavimentata dissestata;Verticale;Nuvoloso;Normale;Buona;Ore Diurne;0;0;0;2;12.64183;41.86198;-1;1;Autovettura privata;In marcia / fermata / arresto;Passeggero;F;Illeso;0;;Non accertato;Inesploso
2991174;8;02/10/2016 12:30;Strada Urbana;VIA AMICO ASPERTINI;all'intersezione con;VIA ORAZIO BORGIANNI;VIA ORAZIO BORGIANNI;;;Veicolo in marcia contro ostacolo accidentale;Incrocio;Una carreggiata a doppio senso;Bagnato (pioggia);Con buche;Verticale ed orizzontale;Pioggia in atto;Normale;Buona;Ore Diurne;0;0;0;1;12.6299;41.87275;-1;1;Autovettura privata;In marcia / fermata / arresto;Conducente;M;Illeso;0;;Non accertato;
2991178;8;02/10/2016 11:15;Strada Urbana;VIA AMBROGIO NECCHI;da specificare;;;;prox Via E. Breda;Veicolo in marcia contro ostacolo accidentale;Rettilineo;Una carreggiata a senso unico di marcia;Bagnato (pioggia);Asfaltata;Verticale ed orizzontale;Nuvoloso;Normale;Buona;Ore Diurne;0;0;0;1;12.64294;41.86183;-1;1;Autovettura privata;In marcia / fermata / arresto;Conducente;M;Illeso;0;;Non accertato;Inesploso
2991181;7;01/10/2016 23:35;Strada Urbana;VIA PRENESTINA;all'intersezione con;VIA DI TOR TRE TESTE;VIA DI TOR TRE TESTE;;;Scontro frontale/laterale DX fra veicoli in marcia;Incrocio;Una carreggiata a doppio senso;Bagnato (pioggia);Asfaltata;Verticale ed orizzontale;Pioggia in atto;Scarso;Sufficiente;Insufficiente;1;0;0;1;12.59115;41.89409;-1;1;Autovettura privata;In marcia / fermata / arresto;Conducente;M;Illeso;0;;Non accertato;Inesploso
2991181;7;01/10/2016 23:35;Strada Urbana;VIA PRENESTINA;all'intersezione con;VIA DI TOR TRE TESTE;VIA DI TOR TRE TESTE;;;Scontro frontale/laterale DX fra veicoli in marcia;Incrocio;Una carreggiata a doppio senso;Bagnato (pioggia);Asfaltata;Verticale ed orizzontale;Pioggia in atto;Scarso;Sufficiente;Insufficiente;1;0;0;1;12.59115;41.89409;-1;2;Autovettura privata;In marcia / fermata / arresto;Conducente;M;Rimandato;0;NON DECEDUTO;Non accertato;Inesploso
2991183;8;02/10/2016 22:35;Strada Urbana;VIA RAOUL CHIODELLI;in prossimità;;del civico n.;55;;Veicolo in marcia contro ostacolo accidentale;Rettilineo;Due carreggiate;Asciutto;Con buche;Verticale ed orizzontale;Nuvoloso;Scarso;Buona;Sufficiente;0;0;0;1;12.66195;41.90597;-1;1;Autovettura privata;In marcia / fermata / arresto;Conducente;M;Illeso;0;;Non accertato;Inesploso
2991184;8;02/10/2016 13:45;Strada Urbana;VIA DI PRATOLUNGO CASILINO;in prossimità;;del civico n.;110;;Veicolo in marcia contro ostacolo accidentale;Rettilineo;Una carreggiata a doppio senso;Asciutto;Asfaltata;Assente;Nuvoloso;Scarso;Buona;Ore Diurne;0;0;0;1;12.66466;41.88678;-1;1;Autovettura privata;In marcia / fermata / arresto;Conducente;M;Illeso;0;;Non accertato;Inesploso
2991190;9;01/10/2016 23:30;Strada Urbana;VIA WALTER TOBAGI;all'intersezione semaforizzata con;VIA DEI RUDERI DI CASA CALDA;VIA DEI RUDERI DI CASA CALDA;;;Tamponamento Multiplo;Intersezione semaforizzata;Due carreggiate;Bagnato (pioggia);Asfaltata;Verticale ed orizzontale;Pioggia in atto;Normale;Sufficiente;Insufficiente;0;0;0;5;12.59738;41.87507;-1;1;Autovettura privata;In marcia / fermata / arresto;Conducente;M;Illeso;0;;Non accertato;Inesploso
2991190;9;01/10/2016 23:30;Strada Urbana;VIA WALTER TOBAGI;all'intersezione semaforizzata con;VIA DEI RUDERI DI CASA CALDA;VIA DEI RUDERI DI CASA CALDA;;;Tamponamento Multiplo;Intersezione semaforizzata;Due carreggiate;Bagnato (pioggia);Asfaltata;Verticale ed orizzontale;Pioggia in atto;Normale;Sufficiente;Insufficiente;0;0;0;5;12.59738;41.87507;-1;1;Autovettura privata;In marcia / fermata / arresto;Passeggero;M;Illeso;0;;Non accertato;Inesploso
2991190;9;01/10/2016 23:30;Strada Urbana;VIA WALTER TOBAGI;all'intersezione semaforizzata con;VIA DEI RUDERI DI CASA CALDA;VIA DEI RUDERI DI CASA CALDA;;;Tamponamento Multiplo;Intersezione semaforizzata;Due carreggiate;Bagnato (pioggia);Asfaltata;Verticale ed orizzontale;Pioggia in atto;Normale;Sufficiente;Insufficiente;0;0;0;5;12.59738;41.87507;-1;2;Autovettura privata;In marcia / fermata / arresto;Conducente;M;Illeso;0;;Non accertato;Inesploso
2991190;9;01/10/2016 23:30;Strada Urbana;VIA WALTER TOBAGI;all'intersezione semaforizzata con;VIA DEI RUDERI DI CASA CALDA;VIA DEI RUDERI DI CASA CALDA;;;Tamponamento Multiplo;Intersezione semaforizzata;Due carreggiate;Bagnato (pioggia);Asfaltata;Verticale ed orizzontale;Pioggia in atto;Normale;Sufficiente;Insufficiente;0;0;0;5;12.59738;41.87507;-1;2;Autovettura privata;In marcia / fermata / arresto;Passeggero;M;Illeso;0;;Non accertato;Inesploso
2991190;9;01/10/2016 23:30;Strada Urbana;VIA WALTER TOBAGI;all'intersezione semaforizzata con;VIA DEI RUDERI DI CASA CALDA;VIA DEI RUDERI DI CASA CALDA;;;Tamponamento Multiplo;Intersezione semaforizzata;Due carreggiate;Bagnato (pioggia);Asfaltata;Verticale ed orizzontale;Pioggia in atto;Normale;Sufficiente;Insufficiente;0;0;0;5;12.59738;41.87507;-1;3;Motociclo a solo;In marcia / fermata / arresto;Conducente;M;Illeso;0;;Non accertato;
2991192;1;02/10/2016 04:30;Strada Urbana;LUNGOTEVERE AVENTINO;all'intersezione con;PONTE PALATINO;PONTE PALATINO;;;Veicolo in marcia contro ostacolo fisso;Incrocio;Una carreggiata a senso unico di marcia;Bagnato (pioggia);Asfaltata;Verticale ed orizzontale;Nuvoloso;Scarso;Buona;Sufficiente;1;0;0;1;12.47894;41.88549;-1;1;Autovettura privata;In marcia / fermata / arresto;Conducente;M;Illeso;0;;;
2991192;1;02/10/2016 04:30;Strada Urbana;LUNGOTEVERE AVENTINO;all'intersezione con;PONTE PALATINO;PONTE PALATINO;;;Veicolo in marcia contro ostacolo fisso;Incrocio;Una carreggiata a senso unico di marcia;Bagnato (pioggia);Asfaltata;Verticale ed orizzontale;Nuvoloso;Scarso;Buona;Sufficiente;1;0;0;1;12.47894;41.88549;-1;1;Autovettura privata;In marcia / fermata / arresto;Passeggero;M;Rimandato;0;NON DECEDUTO;;
2991198;11;02/10/2016 21:15;Strada Urbana;VIA ODERISI DA GUBBIO;all'intersezione semaforizzata con;VIA GIACOMO GRIMALDI;VIA GIACOMO GRIMALDI;;;Scontro laterale fra veicoli in marcia;Incrocio;Una carreggiata a doppio senso;Asciutto;Asfaltata;Verticale ed orizzontale;Sereno;Scarso;Buona;Sufficiente;0;0;0;2;12.46527;41.86551;-1;1;Autovettura privata;In marcia / fermata / arresto;Conducente;M;Illeso;0;;Non accertato;