Protocollo;Gruppo;DataOraIncidente;Localizzazione1;STRADA1;Localizzazione2;STRADA2;Strada02;Chilometrica;DaSpecificare;NaturaIncidente;particolaritastrade;TipoStrada;FondoStradale;Pavimentazione;Segnaletica;CondizioneAtmosferica;Traffico;Visibilita;Illuminazione;NUM_FERITI;NUM_RISERVATA;NUM_MORTI;NUM_ILLESI;Longitudine;Latitudine;Confermato;Progressivo;TipoVeicolo;StatoVeicolo;TipoPersona;Sesso;Tipolesione;Deceduto;DecedutoDopo;CinturaCascoUtilizzato;Airbag
2996689;7;05/10/2016 08:40;Strada Urbana;VIALE ALESSANDRINO;all'intersezione con;VIA DEGLI OLMI;VIA DEGLI OLMI;;;Scontro frontale/laterale DX fra veicoli in marcia;Intersezione stradale segnalata;Una carreggiata a doppio senso;Asciutto;Asfaltata;Verticale ed orizzontale;Sereno;Intenso;Buona;Ore Diurne;0;0;0;2;12.57791;41.87918;-1;1;Autovettura privata;In marcia / fermata / arresto;Conducente;M;Illeso;0;;Non accertato;Inesploso
2996689;7;05/10/2016 08:40;Strada Urbana;VIALE ALESSANDRINO;all'intersezione con;VIA DEGLI OLMI;VIA DEGLI OLMI;;;Scontro frontale/laterale DX fra veicoli in marcia;Intersezione stradale segnalata;Una carreggiata a doppio senso;Asciutto;Asfaltata;Verticale ed orizzontale;Sereno;Intenso;Buona;Ore Diurne;0;0;0;2;12.57791;41.87918;-1;2;Motociclo a solo;In marcia / fermata / arresto;Conducente;M;Illeso;0;;Non accertato;
2996692;19;05/10/2016 12:50;Strada Urbana;VIA PIETRO BEMBO;all'intersezione con;LARGO CARLO SACCONI;LARGO CARLO SACCONI;;;Investimento di pedone;Intersezione non regolata/non segnalata;Una carreggiata a doppio senso;Asciutto;Asfaltata;Verticale ed orizzontale;Sereno;Scarso;Buona;Ore Diurne;1;0;0;1;12.41011;41.91319;-1;;;;Pedone;M;Rifiuta cure immediate;0;NON DECEDUTO;;
2996692;19;05/10/2016 12:50;Strada Urbana;VIA PIETRO BEMBO;all'intersezione con;LARGO CARLO SACCONI;LARGO CARLO SACCONI;;;Investimento di pedone;Intersezione non regolata/non segnalata;Una carreggiata a doppio senso;Asciutto;Asfaltata;Verticale ed orizzontale;Sereno;Scarso;Buona;Ore Diurne;1;0;0;1;12.41011;41.91319;-1;1;Autovettura privata;In marcia / fermata / arresto;Conducente;M;Illeso;0;;;
2996693;20;05/10/2016 10:20;Strada Urbana;VIA GHISALBA;all'intersezione con;VIA BISUSCHIO;VIA BISUSCHIO;;;Scontro frontale/laterale SX fra veicoli in marcia;Intersezione stradale segnalata;Una carreggiata a doppio senso;Asciutto;Asfaltata;Verticale ed orizzontale;Sereno;Normale;Buona;Ore Diurne;0;0;0;1;12.47835;41.99185;-1;1;Motociclo a solo;In marcia / fermata / arresto;Conducente;M;Illeso;0;;Non accertato;
2996703;17;04/10/2016 12:20;Strada Urbana;VIALE DELLE MILIZIE;all'intersezione semaforizzata con;VIA CARLO ALBERTO DALLA CHIESA;VIA CARLO ALBERTO DALLA CHIESA;;;Scontro frontale/laterale DX fra veicoli in marcia;Intersezione semaforizzata;Due carreggiate;Asciutto;Asfaltata;Verticale ed orizzontale;Sereno;Normale;Buona;Ore Diurne;1;0;0;1;12.46182;41.91207;-1;1;Motociclo a solo;In marcia / fermata / arresto;Conducente;M;Rimandato;0;NON DECEDUTO;;
2996703;17;04/10/2016 12:20;Strada Urbana;VIALE DELLE MILIZIE;all'intersezione semaforizzata con;VIA CARLO ALBERTO DALLA CHIESA;VIA CARLO ALBERTO DALLA CHIESA;;;Scontro frontale/laterale DX fra veicoli in marcia;Intersezione semaforizzata;Due carreggiate;Asciutto;Asfaltata;Verticale ed orizzontale;Sereno;Normale;Buona;Ore Diurne;1;0;0;1;12.46182;41.91207;-1;2;Autovettura privata;In marcia / fermata / arresto;Conducente;F;Illeso;0;;;
2996710;1;05/10/2016 19:45;Strada Urbana;CORSO D'ITALIA;all'intersezione semaforizzata con;PIAZZALE BRASILE;PIAZZALE BRASILE;;;Tamponamento;Intersezione semaforizzata;Una carreggiata a senso unico di marcia;Asciutto;Asfaltata;Verticale ed orizzontale;Sereno;Normale;Sufficiente;Sufficiente;0;0;0;8;12.49704;41.91087;-1;1;Autovettura privata;In marcia / fermata / arresto;Conducente;F;Illeso;0;;;
2996710;1;05/10/2016 19:45;Strada Urbana;CORSO D'ITALIA;all'intersezione semaforizzata con;PIAZZALE BRASILE;PIAZZALE BRASILE;;;Tamponamento;Intersezione semaforizzata;Una carreggiata a senso unico di marcia;Asciutto;Asfaltata;Verticale ed orizzontale;Sereno;Normale;Sufficiente;Sufficiente;0;0;0;8;12.49704;41.91087;-1;1;Autovettura privata;In marcia / fermata / arresto;Passeggero;M;Illeso;0;;;
2996710;1;05/10/2016 19:45;Strada Urbana;CORSO D'ITALIA;all'intersezione semaforizzata con;PIAZZALE BRASILE;PIAZZALE BRASILE;;;Tamponamento;Intersezione semaforizzata;Una carreggiata a senso unico di marcia;Asciutto;Asfaltata;Verticale ed orizzontale;Sereno;Normale;Sufficiente;Sufficiente;0;0;0;8;12.49704;41.91087;-1;2;Autovettura di polizia;In marcia / fermata / arresto;Conducente;M;Illeso;0;;;
2996710;1;05/10/2016 19:45;Strada Urbana;CORSO D'ITALIA;all'intersezione semaforizzata con;PIAZZALE BRASILE;PIAZZALE BRASILE;;;Tamponamento;Intersezione semaforizzata;Una carreggiata a senso unico di marcia;Asciutto;Asfaltata;Verticale ed orizzontale;Sereno;Normale;Sufficiente;Sufficiente;0;0;0;8;12.49704;41.91087;-1;2;Autovettura di polizia;In marcia / fermata / arresto;Passeggero;M;Illeso;0;;;
2996710;1;05/10/2016 19:45;Strada Urbana;CORSO D'ITALIA;all'intersezione semaforizzata con;PIAZZALE BRASILE;PIAZZALE BRASILE;;;Tamponamento;Intersezione semaforizzata;Una carreggiata a senso unico di marcia;Asciutto;Asfaltata;Verticale ed orizzontale;Sereno;Normale;Sufficiente;Sufficiente;0;0;0;8;12.49704;41.91087;-1;2;Autovettura di polizia;In marcia / fermata / arresto;Passeggero;M;Illeso;0;;;
2996710;1;05/10/2016 19:45;Strada Urbana;CORSO D'ITALIA;all'intersezione semaforizzata con;PIAZZALE BRASILE;PIAZZALE BRASILE;;;Tamponamento;Intersezione semaforizzata;Una carreggiata a senso unico di marcia;Asciutto;Asfaltata;Verticale ed orizzontale;Sereno;Normale;Sufficiente;Sufficiente;0;0;0;8;12.49704;41.91087;-1;2;Autovettura di polizia;In marcia / fermata / arresto;Passeggero;M;Illeso;0;;;
2996711;20;05/10/2016 19:30;Strada Urbana;VIA FLAMINIA;in prossimità;;del civico n.;871;;Veicolo in marcia contro ostacolo fisso;Rettilineo;Due carreggiate;Bagnato (pioggia);Asfaltata;Verticale ed orizzontale;Nuvoloso;Normale;Buona;Sufficiente;1;0;0;0;12.48458;41.95571;-1;1;Autovettura privata;In marcia / fermata / arresto;Conducente;F;Rimandato;0;NON DECEDUTO;;
2996726;19;05/10/2016 19:00;Strada Urbana;VIA MATTIA BATTISTINI;in prossimità;;del civico n.;71;;Scontro laterale fra veicoli in marcia;Rettilineo;Una carreggiata a doppio senso;Asciutto;Asfaltata;Verticale ed orizzontale;Sereno;Normale;Buona;Sufficiente;0;0;0;1;12.41399;41.90638;-1;1;Autovettura privata;In marcia / fermata / arresto;Conducente;F;Illeso;0;;Non accertato;Inesploso
2996744;4;05/10/2016 10:20;Strada Urbana;VIA SALARIA;in corrispondenza;;del civico n.;1311;;Scontro frontale/laterale SX fra veicoli in marcia;Rettilineo;Due carreggiate;Asciutto;Asfaltata;Verticale ed orizzontale;Sereno;Normale;Buona;Ore Diurne;0;0;0;2;12.51685;41.99661;-1;1;Autovettura privata;In marcia / fermata / arresto;Conducente;M;Illeso;0;;Non accertato;Inesploso
2996744;4;05/10/2016 10:20;Strada Urbana;VIA SALARIA;in corrispondenza;;del civico n.;1311;;Scontro frontale/laterale SX fra veicoli in marcia;Rettilineo;Due carreggiate;Asciutto;Asfaltata;Verticale ed orizzontale;Sereno;Normale;Buona;Ore Diurne;0;0;0;2;12.51685;41.99661;-1;1;Autovettura privata;In marcia / fermata / arresto;Passeggero;F;Illeso;0;;Non accertato;
2996748;19;06/10/2016 03:30;Strada Urbana;GALLERIA GIOVANNI XXIII;in prossimità;;della chilometrica;1.4;;Veicolo in marcia contro ostacolo fisso;Rettilineo;Una carreggiata a senso unico di marcia;Bagnato (pioggia);Asfaltata;Verticale ed orizzontale;Pioggia in atto;Scarso;Insufficiente;Sufficiente;1;0;0;0;12.44128;41.94052;-1;1;Autovettura privata;In marcia / fermata / arresto;Conducente;M;Rifiuta cure immediate;0;NON DECEDUTO;Non accertato;
2996763;17;05/10/2016 01:30;Strada Urbana;VIA SABOTINO;all'intersezione con;VIA MONTE SANTO;VIA MONTE SANTO;;;Scontro frontale/laterale SX fra veicoli in marcia;Intersezione stradale segnalata;Due carreggiate;Asciutto;Asfaltata;Verticale ed orizzontale;Sereno;Scarso;Sufficiente;Sufficiente;1;0;0;1;12.46021;41.91696;-1;1;Autovettura pubblica;In marcia / fermata / arresto;Conducente;M;Illeso;0;;;
2996763;17;05/10/2016 01:30;Strada Urbana;VIA SABOTINO;all'intersezione con;VIA MONTE SANTO;VIA MONTE SANTO;;;Scontro frontale/laterale SX fra veicoli in marcia;Intersezione stradale segnalata;Due carreggiate;Asciutto;Asfaltata;Verticale ed orizzontale;Sereno;Scarso;Sufficiente;Sufficiente;1;0;0;1;12.46021;41.91696;-1;2;Motociclo a solo;In marcia / fermata / arresto;Conducente;M;Rimandato;0;NON DECEDUTO;;
2996793;17;05/10/2016 14:45;Strada Urbana;VIA BERNARDINO TELESIO;all'intersezione con;VIA GIORDANO BRUNO;VIA GIORDANO BRUNO;;;Scontro frontale/laterale SX fra veicoli in marcia;Intersezione non regolata/non segnalata;Una carreggiata a senso unico di marcia;Asciutto;Asfaltata;Verticale ed orizzontale;Sereno;Normale;Buona;Ore Diurne;1;0;0;2;12.45182;41.91139;-1;1;Autovettura privata;In marcia / fermata / arresto;Conducente;F;Illeso;0;;;
2996793;17;05/10/2016 14:45;Strada Urbana;VIA BERNARDINO TELESIO;all'intersezione con;VIA GIORDANO BRUNO;VIA GIORDANO BRUNO;;;Scontro frontale/laterale SX fra veicoli in marcia;Intersezione non regolata/non segnalata;Una carreggiata a senso unico di marcia;Asciutto;Asfaltata;Verticale ed orizzontale;Sereno;Normale;Buona;Ore Diurne;1;0;0;2;12.45182;41.91139;-1;2;Autovettura privata;In marcia / fermata / arresto;Conducente;M;Rifiuta cure immediate;0;NON DECEDUTO;;
2996793;17;05/10/2016 14:45;Strada Urbana;VIA BERNARDINO TELESIO;all'intersezione con;VIA GIORDANO BRUNO;VIA GIORDANO BRUNO;;;Scontro frontale/laterale SX fra veicoli in marcia;Intersezione non regolata/non segnalata;Una carreggiata a senso unico di marcia;Asciutto;Asfaltata;Verticale ed orizzontale;Sereno;Normale;Buona;Ore Diurne;1;0;0;2;12.45182;41.91139;-1;2;Autovettura privata;In marcia / fermata / arresto;Passeggero;F;Illeso;0;;;
2996815;4;05/10/2016 16:40;Strada Urbana;VIA VALLE CORTENO;da specificare;;;;in prossimità VIA VALSASSINA;Veicolo in marcia contro veicolo fermo;Rettilineo;Una carreggiata a senso unico di marcia;Asciutto;Asfaltata;Verticale;Nuvoloso;Scarso;Buona;Ore Diurne;0;0;0;2;12.52887;41.93608;-1;1;Autovettura privata;In marcia / fermata / arresto;Conducente;M;Illeso;0;;Non accertato;Inesploso
2996815;4;05/10/2016 16:40;Strada Urbana;VIA VALLE CORTENO;da specificare;;;;in prossimità VIA VALSASSINA;Veicolo in marcia contro veicolo fermo;Rettilineo;Una carreggiata a senso unico di marcia;Asciutto;Asfaltata;Verticale;Nuvoloso;Scarso;Buona;Ore Diurne;0;0;0;2;12.52887;41.93608;-1;2;Autovettura privata;In marcia / fermata / arresto;Conducente;F;Illeso;0;;Non accertato;Inesploso
2996830;20;05/10/2016 16:00;Strada Urbana;VIA DELLA VILLA DI LIVIA;in corrispondenza;;del civico n.;59;;Scontro laterale fra veicoli in marcia;Rettilineo;Una carreggiata a doppio senso;Asciutto;Asfaltata;Verticale;Sereno;Scarso;Buona;Ore Diurne;0;0;0;2;12.48869;42.01826;-1;1;Autobus di linea;In marcia / fermata / arresto;Conducente;M;Illeso;0;;;
2996830;20;05/10/2016 16:00;Strada Urbana;VIA DELLA VILLA DI LIVIA;in corrispondenza;;del civico n.;59;;Scontro laterale fra veicoli in marcia;Rettilineo;Una carreggiata a doppio senso;Asciutto;Asfaltata;Verticale;Sereno;Scarso;Buona;Ore Diurne;0;0;0;2;12.48869;42.01826;-1;2;Autovettura privata;In marcia / fermata / arresto;Conducente;M;Illeso;0;;;
2996844;2;05/10/2016 08:40;Strada Urbana;VIA GIOVANNI ALDEGA;all'intersezione con;LARGO NICOLA SPINELLI;LARGO NICOLA SPINELLI;;;Scontro laterale fra veicoli in marcia;Intersezione stradale segnalata;Una carreggiata a senso unico di marcia;Asciutto;Asfaltata;Verticale ed orizzontale;Sereno;Normale;Buona;Ore Diurne;0;0;0;2;12.49418;41.91673;-1;1;Autobus urbano;In marcia / fermata / arresto;Conducente;M;Illeso;0;;;
2996844;2;05/10/2016 08:40;Strada Urbana;VIA GIOVANNI ALDEGA;all'intersezione con;LARGO NICOLA SPINELLI;LARGO NICOLA SPINELLI;;;Scontro laterale fra veicoli in marcia;Intersezione stradale segnalata;Una carreggiata a senso unico di marcia;Asciutto;Asfaltata;Verticale ed orizzontale;Sereno;Normale;Buona;Ore Diurne;0;0;0;2;12.49418;41.91673;-1;2;Autovettura di polizia;In marcia / fermata / arresto;Conducente;M;Illeso;0;;;
2996845;2;05/10/2016 07:55;Strada Urbana;VIALE XVII OLIMPIADE;all'intersezione con;VIALE TIZIANO;VIALE TIZIANO;;;Scontro laterale fra veicoli in marcia;Intersezione stradale segnalata;Due carreggiate;Asciutto;Asfaltata;Verticale ed orizzontale;Sereno;Normale;Buona;Ore Diurne;1;0;0;3;12.46869;41.932;-1;1;Autovettura privata;In marcia / fermata / arresto;Conducente;M;Illeso;0;;;
2996845;2;05/10/2016 07:55;Strada Urbana;VIALE XVII OLIMPIADE;all'intersezione con;VIALE TIZIANO;VIALE TIZIANO;;;Scontro laterale fra veicoli in marcia;Intersezione stradale segnalata;Due carreggiate;Asciutto;Asfaltata;Verticale ed orizzontale;Sereno;Normale;Buona;Ore Diurne;1;0;0;3;12.46869;41.932;-1;1;Autovettura privata;In marcia / fermata / arresto;Passeggero;F;Illeso;0;;;
2996845;2;05/10/2016 07:55;Strada Urbana;VIALE XVII OLIMPIADE;all'intersezione con;VIALE TIZIANO;VIALE TIZIANO;;;Scontro laterale fra veicoli in marcia;Intersezione stradale segnalata;Due carreggiate;Asciutto;Asfaltata;Verticale ed orizzontale;Sereno;Normale;Buona;Ore Diurne;1;0;0;3;12.46869;41.932;-1;1;Autovettura privata;In marcia / fermata / arresto;Passeggero;M;Illeso;0;;;
2996845;2;05/10/2016 07:55;Strada Urbana;VIALE XVII OLIMPIADE;all'intersezione con;VIALE TIZIANO;VIALE TIZIANO;;;Scontro laterale fra veicoli in marcia;Intersezione stradale segnalata;Due carreggiate;Asciutto;Asfaltata;Verticale ed orizzontale;Sereno;Normale;Buona;Ore Diurne;1;0;0;3;12.46869;41.932;-1;2;Velocipede;In marcia / fermata / arresto;Conducente;M;Rimandato;0;NON DECEDUTO;Esente;
2996851;2;05/10/2016 09:50;Strada Urbana;VIA TAGLIAMENTO;in prossimità;;del civico n.;37;;Investimento di pedone;Rettilineo;Una carreggiata a doppio senso;Asciutto;Asfaltata;Verticale;Sereno;Normale;Buona;Ore Diurne;1;0;0;1;12.50301;41.92006;-1;;;;Pedone;F;Ricoverato;0;NON DECEDUTO;;
2996851;2;05/10/2016 09:50;Strada Urbana;VIA TAGLIAMENTO;in prossimità;;del civico n.;37;;Investimento di pedone;Rettilineo;Una carreggiata a doppio senso;Asciutto;Asfaltata;Verticale;Sereno;Normale;Buona;Ore Diurne;1;0;0;1;12.50301;41.92006;-1;1;Ciclomotore;In marcia / fermata / arresto;Conducente;M;Illeso;0;;Non accertato;
2996856;2;05/10/2016 12:48;Strada Urbana;VIALE REGINA MARGHERITA;all'intersezione semaforizzata con;VIA GARIGLIANO;VIA GARIGLIANO;;;Scontro frontale/laterale SX fra veicoli in marcia;Incrocio;Più di due carreggiate;Asciutto;Asfaltata;Verticale ed orizzontale;Sereno;Intenso;Buona;Ore Diurne;0;0;0;2;12.49946;41.91874;-1;1;Autovettura privata;In marcia / fermata / arresto;Conducente;F;Illeso;0;;;
2996856;2;05/10/2016 12:48;Strada Urbana;VIALE REGINA MARGHERITA;all'intersezione semaforizzata con;VIA GARIGLIANO;VIA GARIGLIANO;;;Scontro frontale/laterale SX fra veicoli in marcia;Incrocio;Più di due carreggiate;Asciutto;Asfaltata;Verticale ed orizzontale;Sereno;Intenso;Buona;Ore Diurne;0;0;0;2;12.49946;41.91874;-1;2;Vettura tranviaria;In marcia / fermata / arresto;Conducente;M;Illeso;0;;Esente;
2996858;2;05/10/2016 13:15;Strada Urbana;VIA SALARIA;in corrispondenza;;del civico n.;504;;Veicolo in marcia contro ostacolo accidentale;Rettilineo;Una carreggiata a doppio senso;Asciutto;Asfaltata;Verticale ed orizzontale;Sereno;Scarso;Buona;Ore Diurne;0;0;0;1;12.50925;41.93607;-1;1;Motociclo a solo;In marcia / fermata / arresto;Conducente;M;Illeso;0;;;
2996860;2;05/10/2016 17:50;Strada Urbana;VIALE DEL MURO TORTO;da specificare;;;;alt. via di Porta Pinciana.;Ribaltamento senza urto contro ostacolo fisso;Rettilineo;Una carreggiata a senso unico di marcia;Bagnato (pioggia);Asfaltata;Verticale ed orizzontale;Pioggia in atto;Normale;Buona;Ore Diurne;0;0;0;1;12.48784;41.90966;-1;1;Motociclo a solo;In marcia / fermata / arresto;Conducente;M;Illeso;0;;Non accertato;
2996864;2;05/10/2016 20:30;Strada Urbana;PIAZZALE DON GIOVANNI MINZONI;all'intersezione con;VIA GIUSEPPE MANGILI;VIA GIUSEPPE MANGILI;;;Scontro laterale fra veicoli in marcia;Intersezione stradale segnalata;Una carreggiata a doppio senso;Asciutto;Asfaltata;Verticale ed orizzontale;Sereno;Scarso;Buona;Sufficiente;0;0;0;2;12.48057;41.92068;-1;1;Autovettura pubblica;In marcia / fermata / arresto;Conducente;F;Illeso;0;;;
2996864;2;05/10/2016 20:30;Strada Urbana;PIAZZALE DON GIOVANNI MINZONI;all'intersezione con;VIA GIUSEPPE MANGILI;VIA GIUSEPPE MANGILI;;;Scontro laterale fra veicoli in marcia;Intersezione stradale segnalata;Una carreggiata a doppio senso;Asciutto;Asfaltata;Verticale ed orizzontale;Sereno;Scarso;Buona;Sufficiente;0;0;0;2;12.48057;41.92068;-1;2;Autovettura privata;In marcia / fermata / arresto;Conducente;M;Illeso;0;;;
2996866;2;05/10/2016 20:05;Strada Urbana;VIA TRIPOLI;all'intersezione con;VIA TRIPOLITANIA;VIA TRIPOLITANIA;;;Investimento di pedone;Intersezione stradale segnalata;Una carreggiata a doppio senso;Asciutto;Asfaltata;Verticale ed orizzontale;Sereno;Normale;Sufficiente;Sufficiente;1;0;0;1;12.51751;41.92888;-1;;;;Pedone;F;Rimandato;0;NON DECEDUTO;;
2996866;2;05/10/2016 20:05;Strada Urbana;VIA TRIPOLI;all'intersezione con;VIA TRIPOLITANIA;VIA TRIPOLITANIA;;;Investimento di pedone;Intersezione stradale segnalata;Una carreggiata a doppio senso;Asciutto;Asfaltata;Verticale ed orizzontale;Sereno;Normale;Sufficiente;Sufficiente;1;0;0;1;12.51751;41.92888;-1;1;Motociclo a solo;In marcia / fermata / arresto;Conducente;M;Illeso;0;;Non accertato;
2996880;4;05/10/2016 19:40;Strada Urbana;VIA DELLA BUFALOTTA;all'intersezione con;VIA DI TOR S. GIOVANNI;VIA DI TOR S. GIOVANNI;;;Scontro laterale fra veicoli in marcia;Rotatoria;Una carreggiata a senso unico di marcia;Asciutto;Asfaltata;Verticale;Nuvoloso;Normale;Buona;Ore Diurne;0;0;0;3;12.54978;41.96725;-1;1;Autovettura di polizia;In marcia / fermata / arresto;Conducente;M;Illeso;0;;Non accertato;
2996880;4;05/10/2016 19:40;Strada Urbana;VIA DELLA BUFALOTTA;all'intersezione con;VIA DI TOR S. GIOVANNI;VIA DI TOR S. GIOVANNI;;;Scontro laterale fra veicoli in marcia;Rotatoria;Una carreggiata a senso unico di marcia;Asciutto;Asfaltata;Verticale;Nuvoloso;Normale;Buona;Ore Diurne;0;0;0;3;12.54978;41.96725;-1;1;Autovettura di polizia;In marcia / fermata / arresto;Passeggero;M;Illeso;0;;Non accertato;
2996880;4;05/10/2016 19:40;Strada Urbana;VIA DELLA BUFALOTTA;all'intersezione con;VIA DI TOR S. GIOVANNI;VIA DI TOR S. GIOVANNI;;;Scontro laterale fra veicoli in marcia;Rotatoria;Una carreggiata a senso unico di marcia;Asciutto;Asfaltata;Verticale;Nuvoloso;Normale;Buona;Ore Diurne;0;0;0;3;12.54978;41.96725;-1;2;Autovettura privata;In marcia / fermata / arresto;Conducente;M;Illeso;0;;Non accertato;
2996889;11;06/10/2016 08:15;Strada Urbana;VIA CRISTOFORO COLOMBO;all'intersezione semaforizzata con;PIAZZA ELIO RUFINO;PIAZZA ELIO RUFINO;;;Tamponamento;Intersezione semaforizzata;Più di due carreggiate;Bagnato (umidità in atto);Asfaltata;Verticale ed orizzontale;Nuvoloso;Normale;Buona;Ore Diurne;5;0;0;0;12.47805;41.84598;-1;1;Autovettura privata;In marcia / fermata / arresto;Conducente;M;Rifiuta cure immediate;0;NON DECEDUTO;Non accertato;Inesistente
2996889;11;06/10/2016 08:15;Strada Urbana;VIA CRISTOFORO COLOMBO;all'intersezione semaforizzata con;PIAZZA ELIO RUFINO;PIAZZA ELIO RUFINO;;;Tamponamento;Intersezione semaforizzata;Più di due carreggiate;Bagnato (umidità in atto);Asfaltata;Verticale ed orizzontale;Nuvoloso;Normale;Buona;Ore Diurne;5;0;0;0;12.47805;41.84598;-1;1;Autovettura privata;In marcia / fermata / arresto;Passeggero;F;Rimandato;0;NON DECEDUTO;Non accertato;Inesistente
2996889;11;06/10/2016 08:15;Strada Urbana;VIA CRISTOFORO COLOMBO;all'intersezione semaforizzata con;PIAZZA ELIO RUFINO;PIAZZA ELIO RUFINO;;;Tamponamento;Intersezione semaforizzata;Più di due carreggiate;Bagnato (umidità in atto);Asfaltata;Verticale ed orizzontale;Nuvoloso;Normale;Buona;Ore Diurne;5;0;0;0;12.47805;41.84598;-1;2;Autovettura privata;In marcia / fermata / arresto;Conducente;F;Rimandato;0;NON DECEDUTO;Non accertato;Inesistente
2996889;11;06/10/2016 08:15;Strada Urbana;VIA CRISTOFORO COLOMBO;all'intersezione semaforizzata con;PIAZZA ELIO RUFINO;PIAZZA ELIO RUFINO;;;Tamponamento;Intersezione semaforizzata;Più di due carreggiate;Bagnato (umidità in atto);Asfaltata;Verticale ed orizzontale;Nuvoloso;Normale;Buona;Ore Diurne;5;0;0;0;12.47805;41.84598;-1;2;Autovettura privata;In marcia / fermata / arresto;Passeggero;F;Rimandato;0;NON DECEDUTO;;
2996889;11;06/10/2016 08:15;Strada Urbana;VIA CRISTOFORO COLOMBO;all'intersezione semaforizzata con;PIAZZA ELIO RUFINO;PIAZZA ELIO RUFINO;;;Tamponamento;Intersezione semaforizzata;Più di due carreggiate;Bagnato (umidità in atto);Asfaltata;Verticale ed orizzontale;Nuvoloso;Normale;Buona;Ore Diurne;5;0;0;0;12.47805;41.84598;-1;2;Autovettura privata;In marcia / fermata / arresto;Passeggero;F;Rimandato;0;NON DECEDUTO;Non accertato;Inesistente
2996912;10;06/10/2016 09:15;Strada Urbana;CIRCONVALLAZIONE ORIENTALE;in prossimità;;del civico n.;4719;;Tamponamento Multiplo;Rettilineo;Una carreggiata a senso unico di marcia;Bagnato (pioggia);Asfaltata;Orizzontale;Nuvoloso;Normale;Buona;Ore Diurne;0;0;0;5;12.58299;41.82598;-1;1;Autocarro inferiore 35 q.;In marcia / fermata / arresto;Conducente;M;Illeso;0;;Non accertato;Inesploso
2996912;10;06/10/2016 09:15;Strada Urbana;CIRCONVALLAZIONE ORIENTALE;in prossimità;;del civico n.;4719;;Tamponamento Multiplo;Rettilineo;Una carreggiata a senso unico di marcia;Bagnato (pioggia);Asfaltata;Orizzontale;Nuvoloso;Normale;Buona;Ore Diurne;0;0;0;5;12.58299;41.82598;-1;2;Autovettura privata;In marcia / fermata / arresto;Conducente;M;Illeso;0;;Non accertato;Inesploso
2996912;10;06/10/2016 09:15;Strada Urbana;CIRCONVALLAZIONE ORIENTALE;in prossimità;;del civico n.;4719;;Tamponamento Multiplo;Rettilineo;Una carreggiata a senso unico di marcia;Bagnato (pioggia);Asfaltata;Orizzontale;Nuvoloso;Normale;Buona;Ore Diurne;0;0;0;5;12.58299;41.82598;-1;3;Autovettura privata;In marcia / fermata / arresto;Conducente;M;Illeso;0;;Non accertato;Inesploso
2996912;10;06/10/2016 09:15;Strada Urbana;CIRCONVALLAZIONE ORIENTALE;in prossimità;;del civico n.;4719;;Tamponamento Multiplo;Rettilineo;Una carreggiata a senso unico di marcia;Bagnato (pioggia);Asfaltata;Orizzontale;Nuvoloso;Normale;Buona;Ore Diurne;0;0;0;5;12.58299;41.82598;-1;3;Autovettura privata;In marcia / fermata / arresto;Passeggero;M;Illeso;0;;Non accertato;Inesploso
2996912;10;06/10/2016 09:15;Strada Urbana;CIRCONVALLAZIONE ORIENTALE;in prossimità;;del civico n.;4719;;Tamponamento Multiplo;Rettilineo;Una carreggiata a senso unico di marcia;Bagnato (pioggia);Asfaltata;Orizzontale;Nuvoloso;Normale;Buona;Ore Diurne;0;0;0;5;12.58299;41.82598;-1;4;Autocarro inferiore 35 q.;In marcia / fermata / arresto;Conducente;M;Illeso;0;;Non accertato;Inesistente
2996924;7;05/10/2016 18:30;Strada Urbana;PIAZZA DEI MIRTI;all'intersezione con;VIA DEI PLATANI;VIA DEI PLATANI;;;Investimento di pedone;Rotatoria;Una carreggiata a senso unico di marcia;Bagnato (pioggia);Asfaltata;Verticale ed orizzontale;Nuvoloso;Normale;Buona;Sufficiente;1;0;0;1;12.56703;41.88109;-1;;;;Pedone;M;Rimandato;0;NON DECEDUTO;;
2996924;7;05/10/2016 18:30;Strada Urbana;PIAZZA DEI MIRTI;all'intersezione con;VIA DEI PLATANI;VIA DEI PLATANI;;;Investimento di pedone;Rotatoria;Una carreggiata a senso unico di marcia;Bagnato (pioggia);Asfaltata;Verticale ed orizzontale;Nuvoloso;Normale;Buona;Sufficiente;1;0;0;1;12.56703;41.88109;-1;1;Autovettura privata;In marcia / fermata / arresto;Conducente;F;Illeso;0;;Non accertato;Inesploso
2996925;20;05/10/2016 10:00;Strada Urbana;VIA CAMPOSAMPIERO;da specificare;;;;in prossimità di Via Flaminia ;Tamponamento Multiplo;Rettilineo;Una carreggiata a doppio senso;Asciutto;Asfaltata;Verticale ed orizzontale;Sereno;Normale;Buona;Ore Diurne;0;0;0;3;12.49309;41.94932;-1;1;Autovettura privata;In marcia / fermata / arresto;Conducente;F;Illeso;0;;;
2996925;20;05/10/2016 10:00;Strada Urbana;VIA CAMPOSAMPIERO;da specificare;;;;in prossimità di Via Flaminia ;Tamponamento Multiplo;Rettilineo;Una carreggiata a doppio senso;Asciutto;Asfaltata;Verticale ed orizzontale;Sereno;Normale;Buona;Ore Diurne;0;0;0;3;12.49309;41.94932;-1;2;Autovettura privata;In marcia / fermata / arresto;Conducente;M;Illeso;0;;;