Protocollo;Gruppo;DataOraIncidente;Localizzazione1;STRADA1;Localizzazione2;STRADA2;Strada02;Chilometrica;DaSpecificare;NaturaIncidente;particolaritastrade;TipoStrada;FondoStradale;Pavimentazione;Segnaletica;CondizioneAtmosferica;Traffico;Visibilita;Illuminazione;NUM_FERITI;NUM_RISERVATA;NUM_MORTI;NUM_ILLESI;Longitudine;Latitudine;Confermato;Progressivo;TipoVeicolo;StatoVeicolo;TipoPersona;Sesso;Tipolesione;Deceduto;DecedutoDopo;CinturaCascoUtilizzato;Airbag
2998533;18;06/10/2016 19:45;Strada Urbana;VIA CORNELIA;da specificare;;;;FRONTE CIV. 104;Scontro laterale fra veicoli in marcia;Rettilineo;Una carreggiata a doppio senso;Bagnato (pioggia);Asfaltata;Orizzontale;Pioggia in atto;Normale;Buona;Sufficiente;0;0;0;2;12.38987;41.90062;-1;1;Motociclo a solo;In marcia / fermata / arresto;Conducente;M;Illeso;0;;;
2998533;18;06/10/2016 19:45;Strada Urbana;VIA CORNELIA;da specificare;;;;FRONTE CIV. 104;Scontro laterale fra veicoli in marcia;Rettilineo;Una carreggiata a doppio senso;Bagnato (pioggia);Asfaltata;Orizzontale;Pioggia in atto;Normale;Buona;Sufficiente;0;0;0;2;12.38987;41.90062;-1;2;Autovettura privata;In marcia / fermata / arresto;Conducente;M;Illeso;0;;;
2998541;8;06/10/2016 06:00;Strada Urbana;VIA DELLE DUE TORRI;da specificare;;;;altezza VIA SANT'ERAMO IN COLLE;Veicolo in marcia contro ostacolo accidentale;Rettilineo;Una carreggiata a doppio senso;Bagnato (umidità in atto);Con buche;Assente;Nuvoloso;Scarso;Sufficiente;Sufficiente;0;0;0;1;12.65437;41.85808;-1;1;Autovettura privata;In marcia / fermata / arresto;Conducente;M;Illeso;0;;Non accertato;Inesploso
2998548;8;06/10/2016 06:50;Strada Urbana;VIA DI TOR BELLA MONACA;all'intersezione con;VIALE DUILIO CAMBELLOTTI;VIALE DUILIO CAMBELLOTTI;;;Scontro laterale fra veicoli in marcia;Intersezione non regolata/non segnalata;Due carreggiate;Bagnato (pioggia);Asfaltata;Verticale ed orizzontale;Pioggia in atto;Normale;Buona;Ore Diurne;0;0;0;4;12.63371;41.87012;-1;1;Autovettura privata;In marcia / fermata / arresto;Conducente;M;Illeso;0;;Non accertato;Inesploso
2998548;8;06/10/2016 06:50;Strada Urbana;VIA DI TOR BELLA MONACA;all'intersezione con;VIALE DUILIO CAMBELLOTTI;VIALE DUILIO CAMBELLOTTI;;;Scontro laterale fra veicoli in marcia;Intersezione non regolata/non segnalata;Due carreggiate;Bagnato (pioggia);Asfaltata;Verticale ed orizzontale;Pioggia in atto;Normale;Buona;Ore Diurne;0;0;0;4;12.63371;41.87012;-1;2;Autovettura privata;In marcia / fermata / arresto;Conducente;M;Illeso;0;;Non accertato;Inesploso
2998548;8;06/10/2016 06:50;Strada Urbana;VIA DI TOR BELLA MONACA;all'intersezione con;VIALE DUILIO CAMBELLOTTI;VIALE DUILIO CAMBELLOTTI;;;Scontro laterale fra veicoli in marcia;Intersezione non regolata/non segnalata;Due carreggiate;Bagnato (pioggia);Asfaltata;Verticale ed orizzontale;Pioggia in atto;Normale;Buona;Ore Diurne;0;0;0;4;12.63371;41.87012;-1;2;Autovettura privata;In marcia / fermata / arresto;Passeggero;F;Illeso;0;;Non accertato;Inesploso
2998548;8;06/10/2016 06:50;Strada Urbana;VIA DI TOR BELLA MONACA;all'intersezione con;VIALE DUILIO CAMBELLOTTI;VIALE DUILIO CAMBELLOTTI;;;Scontro laterale fra veicoli in marcia;Intersezione non regolata/non segnalata;Due carreggiate;Bagnato (pioggia);Asfaltata;Verticale ed orizzontale;Pioggia in atto;Normale;Buona;Ore Diurne;0;0;0;4;12.63371;41.87012;-1;2;Autovettura privata;In marcia / fermata / arresto;Passeggero;F;Illeso;0;;Non accertato;Inesploso
2998549;4;06/10/2016 12:50;Provinciale entro l'abitato;VIA NOMENTANA;in prossimità;;del civico n.;1230;;Veicolo in marcia contro ostacolo accidentale;Rettilineo;Una carreggiata a doppio senso;Bagnato (umidità in atto);Asfaltata;Verticale ed orizzontale;Nuvoloso;Normale;Buona;Ore Diurne;0;0;0;1;12.59445;41.96272;-1;1;Autovettura privata;In marcia / fermata / arresto;Conducente;M;Illeso;0;;Non accertato;Inesploso
2998550;8;06/10/2016 07:40;Strada Urbana;VIA BELMONTE MEZZAGNO;all'intersezione con;VIA VILLAFRANCA TIRRENA;VIA VILLAFRANCA TIRRENA;;;Scontro frontale fra veicoli in marcia;Incrocio;Una carreggiata a senso unico di marcia;Bagnato (umidità in atto);Asfaltata;Verticale;Nuvoloso;Scarso;Buona;Ore Diurne;1;0;0;3;12.67411;41.8622;-1;1;Autovettura privata;In marcia / fermata / arresto;Passeggero;M;Illeso;0;;Non accertato;Inesploso
2998550;8;06/10/2016 07:40;Strada Urbana;VIA BELMONTE MEZZAGNO;all'intersezione con;VIA VILLAFRANCA TIRRENA;VIA VILLAFRANCA TIRRENA;;;Scontro frontale fra veicoli in marcia;Incrocio;Una carreggiata a senso unico di marcia;Bagnato (umidità in atto);Asfaltata;Verticale;Nuvoloso;Scarso;Buona;Ore Diurne;1;0;0;3;12.67411;41.8622;-1;1;Autovettura privata;In marcia / fermata / arresto;Passeggero;F;Illeso;0;;Non accertato;Inesploso
2998550;8;06/10/2016 07:40;Strada Urbana;VIA BELMONTE MEZZAGNO;all'intersezione con;VIA VILLAFRANCA TIRRENA;VIA VILLAFRANCA TIRRENA;;;Scontro frontale fra veicoli in marcia;Incrocio;Una carreggiata a senso unico di marcia;Bagnato (umidità in atto);Asfaltata;Verticale;Nuvoloso;Scarso;Buona;Ore Diurne;1;0;0;3;12.67411;41.8622;-1;1;Autovettura privata;In marcia / fermata / arresto;Conducente;F;Illeso;0;;Non accertato;Inesploso
2998550;8;06/10/2016 07:40;Strada Urbana;VIA BELMONTE MEZZAGNO;all'intersezione con;VIA VILLAFRANCA TIRRENA;VIA VILLAFRANCA TIRRENA;;;Scontro frontale fra veicoli in marcia;Incrocio;Una carreggiata a senso unico di marcia;Bagnato (umidità in atto);Asfaltata;Verticale;Nuvoloso;Scarso;Buona;Ore Diurne;1;0;0;3;12.67411;41.8622;-1;2;Velocipede;In marcia / fermata / arresto;Conducente;M;Rimandato;0;NON DECEDUTO;Esente;
2998554;8;06/10/2016 15:45;Strada Urbana;VIA DI SALONE;da specificare;;;;100 mt prima rotatoria VIA COLLATINA;Veicolo in marcia contro ostacolo accidentale;Rettilineo;Una carreggiata a doppio senso;Asciutto;Asfaltata;Verticale;Nuvoloso;Normale;Buona;Ore Diurne;0;0;0;2;12.62146;41.93752;-1;1;Autovettura privata;In marcia / fermata / arresto;Conducente;M;Illeso;0;;Non accertato;Inesploso
2998554;8;06/10/2016 15:45;Strada Urbana;VIA DI SALONE;da specificare;;;;100 mt prima rotatoria VIA COLLATINA;Veicolo in marcia contro ostacolo accidentale;Rettilineo;Una carreggiata a doppio senso;Asciutto;Asfaltata;Verticale;Nuvoloso;Normale;Buona;Ore Diurne;0;0;0;2;12.62146;41.93752;-1;1;Autovettura privata;In marcia / fermata / arresto;Passeggero;F;Illeso;0;;Non accertato;Inesploso
2998556;8;06/10/2016 07:50;Statale entro l'abitato;VIA CASILINA;in prossimità;;del civico n.;1342;;Investimento di pedone;Rettilineo;Una carreggiata a doppio senso;Bagnato (pioggia);Asfaltata;Verticale ed orizzontale;Pioggia in atto;Intenso;Buona;Ore Diurne;1;0;0;1;12.61073;41.86371;-1;;;;Pedone;F;Rimandato;0;NON DECEDUTO;;
2998556;8;06/10/2016 07:50;Statale entro l'abitato;VIA CASILINA;in prossimità;;del civico n.;1342;;Investimento di pedone;Rettilineo;Una carreggiata a doppio senso;Bagnato (pioggia);Asfaltata;Verticale ed orizzontale;Pioggia in atto;Intenso;Buona;Ore Diurne;1;0;0;1;12.61073;41.86371;-1;1;Motociclo a solo;In marcia / fermata / arresto;Conducente;M;Illeso;0;;Non accertato;
2998559;8;06/10/2016 15:50;Strada Urbana;VIA DI LUNGHEZZINA;in prossimità;;del palo luce n.;240;;Scontro laterale fra veicoli in marcia;Rettilineo;Una carreggiata a doppio senso;Bagnato (umidità in atto);Asfaltata;Verticale ed orizzontale;Nuvoloso;Normale;Buona;Ore Diurne;1;0;0;1;12.67819;41.92641;-1;1;Autovettura privata;In marcia / fermata / arresto;Conducente;F;Illeso;0;;Non accertato;Inesploso
2998559;8;06/10/2016 15:50;Strada Urbana;VIA DI LUNGHEZZINA;in prossimità;;del palo luce n.;240;;Scontro laterale fra veicoli in marcia;Rettilineo;Una carreggiata a doppio senso;Bagnato (umidità in atto);Asfaltata;Verticale ed orizzontale;Nuvoloso;Normale;Buona;Ore Diurne;1;0;0;1;12.67819;41.92641;-1;2;Autovettura privata;In marcia / fermata / arresto;Conducente;F;Rimandato;0;NON DECEDUTO;Non accertato;Inesploso
2998561;8;06/10/2016 08:25;Strada Urbana;VIA GUSTAVO COLONNETTI;da specificare;;;;in prox VIA GIOVANNI CICALI;Tamponamento;Rettilineo;Due carreggiate;Bagnato (umidità in atto);Asfaltata;Verticale ed orizzontale;Nuvoloso;Intenso;Buona;Ore Diurne;0;0;0;5;12.65125;41.91165;-1;1;Autovettura privata;In marcia / fermata / arresto;Conducente;F;Illeso;0;;Non accertato;Inesploso
2998561;8;06/10/2016 08:25;Strada Urbana;VIA GUSTAVO COLONNETTI;da specificare;;;;in prox VIA GIOVANNI CICALI;Tamponamento;Rettilineo;Due carreggiate;Bagnato (umidità in atto);Asfaltata;Verticale ed orizzontale;Nuvoloso;Intenso;Buona;Ore Diurne;0;0;0;5;12.65125;41.91165;-1;1;Autovettura privata;In marcia / fermata / arresto;Passeggero;M;Illeso;0;;Non accertato;Inesploso
2998561;8;06/10/2016 08:25;Strada Urbana;VIA GUSTAVO COLONNETTI;da specificare;;;;in prox VIA GIOVANNI CICALI;Tamponamento;Rettilineo;Due carreggiate;Bagnato (umidità in atto);Asfaltata;Verticale ed orizzontale;Nuvoloso;Intenso;Buona;Ore Diurne;0;0;0;5;12.65125;41.91165;-1;2;Autovettura privata;In marcia / fermata / arresto;Conducente;F;Illeso;0;;Non accertato;Inesploso
2998561;8;06/10/2016 08:25;Strada Urbana;VIA GUSTAVO COLONNETTI;da specificare;;;;in prox VIA GIOVANNI CICALI;Tamponamento;Rettilineo;Due carreggiate;Bagnato (umidità in atto);Asfaltata;Verticale ed orizzontale;Nuvoloso;Intenso;Buona;Ore Diurne;0;0;0;5;12.65125;41.91165;-1;2;Autovettura privata;In marcia / fermata / arresto;Passeggero;F;Illeso;0;;Non accertato;Inesploso
2998564;8;06/10/2016 16:20;Strada Urbana;VIA RAMACCA;in prossimità;;del civico n.;15;;Scontro frontale/laterale SX fra veicoli in marcia;Rettilineo;Una carreggiata a doppio senso;Bagnato (pioggia);Asfaltata;Orizzontale;Pioggia in atto;Scarso;Buona;Ore Diurne;0;0;0;2;12.67987;41.8625;-1;1;Autovettura privata;In marcia / fermata / arresto;Conducente;M;Illeso;0;;Non accertato;Inesploso
2998564;8;06/10/2016 16:20;Strada Urbana;VIA RAMACCA;in prossimità;;del civico n.;15;;Scontro frontale/laterale SX fra veicoli in marcia;Rettilineo;Una carreggiata a doppio senso;Bagnato (pioggia);Asfaltata;Orizzontale;Pioggia in atto;Scarso;Buona;Ore Diurne;0;0;0;2;12.67987;41.8625;-1;2;Autovettura privata;In marcia / fermata / arresto;Conducente;F;Illeso;0;;Non accertato;Esploso
2998565;10;06/10/2016 12:30;Strada Urbana;VIA PUBLIO ELIO;all'intersezione con;VIA PIETRAPAOLA;VIA PIETRAPAOLA;;;Scontro frontale/laterale SX fra veicoli in marcia;Intersezione stradale segnalata;Una carreggiata a senso unico di marcia;Bagnato (pioggia);Asfaltata;Assente;Pioggia in atto;Scarso;Buona;Ore Diurne;0;0;0;2;12.61516;41.8257;-1;1;Autovettura privata;In marcia / fermata / arresto;Conducente;M;Illeso;0;;Non accertato;Esploso
2998565;10;06/10/2016 12:30;Strada Urbana;VIA PUBLIO ELIO;all'intersezione con;VIA PIETRAPAOLA;VIA PIETRAPAOLA;;;Scontro frontale/laterale SX fra veicoli in marcia;Intersezione stradale segnalata;Una carreggiata a senso unico di marcia;Bagnato (pioggia);Asfaltata;Assente;Pioggia in atto;Scarso;Buona;Ore Diurne;0;0;0;2;12.61516;41.8257;-1;2;Autovettura privata;In marcia / fermata / arresto;Conducente;M;Illeso;0;;Non accertato;Inesploso
2998567;8;06/10/2016 09:30;Strada Urbana;VIA ALENDA;in prossimità;;del civico n.;14;;Veicolo in marcia contro ostacolo fisso;Rettilineo;Una carreggiata a senso unico di marcia;Asciutto;Asfaltata;Verticale;Nuvoloso;Scarso;Buona;Ore Diurne;0;0;0;1;12.60973;41.85927;-1;1;Autovettura privata;In marcia / fermata / arresto;Conducente;F;Illeso;0;;Non accertato;Inesploso
2998571;8;06/10/2016 17:15;Regionale entro l'abitato;VIA CASILINA;in prossimità;;del palo luce n.;422;;Tamponamento Multiplo;Rettilineo;Una carreggiata a doppio senso;Bagnato (umidità in atto);Asfaltata;Verticale ed orizzontale;Nuvoloso;Intenso;Buona;Ore Diurne;1;0;0;2;12.60933;41.86405;-1;1;Autovettura privata;In marcia / fermata / arresto;Conducente;M;Illeso;0;;Non accertato;Inesploso
2998571;8;06/10/2016 17:15;Regionale entro l'abitato;VIA CASILINA;in prossimità;;del palo luce n.;422;;Tamponamento Multiplo;Rettilineo;Una carreggiata a doppio senso;Bagnato (umidità in atto);Asfaltata;Verticale ed orizzontale;Nuvoloso;Intenso;Buona;Ore Diurne;1;0;0;2;12.60933;41.86405;-1;2;Autovettura privata;In marcia / fermata / arresto;Conducente;M;Rifiuta cure immediate;0;NON DECEDUTO;Non accertato;Inesploso
2998571;8;06/10/2016 17:15;Regionale entro l'abitato;VIA CASILINA;in prossimità;;del palo luce n.;422;;Tamponamento Multiplo;Rettilineo;Una carreggiata a doppio senso;Bagnato (umidità in atto);Asfaltata;Verticale ed orizzontale;Nuvoloso;Intenso;Buona;Ore Diurne;1;0;0;2;12.60933;41.86405;-1;3;Autovettura privata;In marcia / fermata / arresto;Conducente;F;Illeso;0;;Non accertato;Inesploso
2998572;17;06/10/2016 18:20;Strada Urbana;VIALE DELLE MILIZIE;all'intersezione semaforizzata con;VIALE ANGELICO;VIALE ANGELICO;;;Veicolo in marcia contro veicoli in sosta;Incrocio;Più di due carreggiate;Bagnato (pioggia);Asfaltata;Verticale ed orizzontale;Nuvoloso;Intenso;Sufficiente;Sufficiente;1;0;0;0;12.46189;41.91221;-1;1;Autovettura privata;In marcia / fermata / arresto;Conducente;M;Rimandato;0;NON DECEDUTO;;
2998574;8;06/10/2016 17:20;Strada Urbana;VIALE DELL'ARCHIGINNASIO;all'intersezione con;VIALE GUIDO CARLI;VIALE GUIDO CARLI;;;Veicolo in marcia contro ostacolo fisso;Rotatoria;Una carreggiata a senso unico di marcia;Viscido da liquidi oleosi;Asfaltata;Verticale ed orizzontale;Nuvoloso;Normale;Sufficiente;Ore Diurne;0;0;0;1;12.64207;41.84263;-1;1;Autovettura privata;In marcia / fermata / arresto;Conducente;M;Illeso;0;;Non accertato;Inesploso
2998577;8;06/10/2016 11:30;Statale;VIA CASILINA;da specificare;;;;altezza via COLOMBI DIR GRA;Scontro laterale fra veicoli in marcia;Rettilineo;Una carreggiata a doppio senso;Bagnato (pioggia);Asfaltata;Verticale ed orizzontale;Pioggia in atto;Normale;Buona;Ore Diurne;0;0;0;4;12.5932;41.86711;-1;1;Autovettura privata;In marcia / fermata / arresto;Conducente;M;Illeso;0;;Non accertato;Inesploso
2998577;8;06/10/2016 11:30;Statale;VIA CASILINA;da specificare;;;;altezza via COLOMBI DIR GRA;Scontro laterale fra veicoli in marcia;Rettilineo;Una carreggiata a doppio senso;Bagnato (pioggia);Asfaltata;Verticale ed orizzontale;Pioggia in atto;Normale;Buona;Ore Diurne;0;0;0;4;12.5932;41.86711;-1;1;Autovettura privata;In marcia / fermata / arresto;Passeggero;F;Illeso;0;;Non accertato;Inesploso
2998577;8;06/10/2016 11:30;Statale;VIA CASILINA;da specificare;;;;altezza via COLOMBI DIR GRA;Scontro laterale fra veicoli in marcia;Rettilineo;Una carreggiata a doppio senso;Bagnato (pioggia);Asfaltata;Verticale ed orizzontale;Pioggia in atto;Normale;Buona;Ore Diurne;0;0;0;4;12.5932;41.86711;-1;1;Autovettura privata;In marcia / fermata / arresto;Passeggero;M;Illeso;0;;Non accertato;Inesploso
2998577;8;06/10/2016 11:30;Statale;VIA CASILINA;da specificare;;;;altezza via COLOMBI DIR GRA;Scontro laterale fra veicoli in marcia;Rettilineo;Una carreggiata a doppio senso;Bagnato (pioggia);Asfaltata;Verticale ed orizzontale;Pioggia in atto;Normale;Buona;Ore Diurne;0;0;0;4;12.5932;41.86711;-1;2;Autovettura privata;In marcia / fermata / arresto;Conducente;F;Illeso;0;;Non accertato;Inesploso
2998581;8;06/10/2016 12:45;Strada Urbana;VIA PRENESTINA;all'intersezione con;VIA MIRABELLA ECLANO;VIA MIRABELLA ECLANO;;;Scontro laterale fra veicoli in marcia;Incrocio;Una carreggiata a doppio senso;Bagnato (umidità in atto);Asfaltata;Verticale ed orizzontale;Pioggia in atto;Normale;Buona;Ore Diurne;2;0;0;1;12.63181;41.89261;-1;1;Autovettura privata;In marcia / fermata / arresto;Conducente;M;Illeso;0;;Non accertato;Inesploso
2998581;8;06/10/2016 12:45;Strada Urbana;VIA PRENESTINA;all'intersezione con;VIA MIRABELLA ECLANO;VIA MIRABELLA ECLANO;;;Scontro laterale fra veicoli in marcia;Incrocio;Una carreggiata a doppio senso;Bagnato (umidità in atto);Asfaltata;Verticale ed orizzontale;Pioggia in atto;Normale;Buona;Ore Diurne;2;0;0;1;12.63181;41.89261;-1;2;Motociclo a solo;In marcia / fermata / arresto;Conducente;M;Rifiuta cure immediate;0;NON DECEDUTO;Non accertato;
2998581;8;06/10/2016 12:45;Strada Urbana;VIA PRENESTINA;all'intersezione con;VIA MIRABELLA ECLANO;VIA MIRABELLA ECLANO;;;Scontro laterale fra veicoli in marcia;Incrocio;Una carreggiata a doppio senso;Bagnato (umidità in atto);Asfaltata;Verticale ed orizzontale;Pioggia in atto;Normale;Buona;Ore Diurne;2;0;0;1;12.63181;41.89261;-1;2;Motociclo a solo;In marcia / fermata / arresto;Passeggero;F;Ricoverato;0;NON DECEDUTO;Non accertato;
2998591;8;06/10/2016 13:20;Strada Urbana;VIA AMICO ASPERTINI;da specificare;;;;CAVALCAVIA TOR BELLA MONACA;Scontro frontale/laterale SX fra veicoli in marcia;Rettilineo;Una carreggiata a doppio senso;Bagnato (pioggia);Asfaltata;Orizzontale;Pioggia in atto;Normale;Buona;Ore Diurne;3;0;0;0;12.62994;41.87279;-1;1;Autovettura privata;In marcia / fermata / arresto;Conducente;M;Rimandato;0;NON DECEDUTO;Non accertato;Esploso
2998591;8;06/10/2016 13:20;Strada Urbana;VIA AMICO ASPERTINI;da specificare;;;;CAVALCAVIA TOR BELLA MONACA;Scontro frontale/laterale SX fra veicoli in marcia;Rettilineo;Una carreggiata a doppio senso;Bagnato (pioggia);Asfaltata;Orizzontale;Pioggia in atto;Normale;Buona;Ore Diurne;3;0;0;0;12.62994;41.87279;-1;2;Autovettura privata;In marcia / fermata / arresto;Conducente;M;Rimandato;0;NON DECEDUTO;Non accertato;Esploso
2998591;8;06/10/2016 13:20;Strada Urbana;VIA AMICO ASPERTINI;da specificare;;;;CAVALCAVIA TOR BELLA MONACA;Scontro frontale/laterale SX fra veicoli in marcia;Rettilineo;Una carreggiata a doppio senso;Bagnato (pioggia);Asfaltata;Orizzontale;Pioggia in atto;Normale;Buona;Ore Diurne;3;0;0;0;12.62994;41.87279;-1;2;Autovettura privata;In marcia / fermata / arresto;Passeggero;M;Rimandato;0;NON DECEDUTO;Non accertato;Inesploso
2998592;8;06/10/2016 18:00;Strada Urbana;VIA DON PRIMO MAZZOLARI;da specificare;;;;50 mt ca. da VIA O. A. ROMERO;Veicolo in marcia contro ostacolo accidentale;Rettilineo;Una carreggiata a doppio senso;Bagnato (pioggia);Asfaltata;Verticale ed orizzontale;Nuvoloso;Normale;Sufficiente;Ore Diurne;0;0;0;1;12.67292;41.89613;-1;1;Autovettura privata;In marcia / fermata / arresto;Conducente;M;Illeso;0;;Non accertato;Inesploso
2998593;8;06/10/2016 18:40;Regionale entro l'abitato;VIA CASILINA;all'intersezione con;VIA DEL PONTE DELLA CATENA;VIA DEL PONTE DELLA CATENA;;;Tamponamento;Incrocio;Una carreggiata a doppio senso;Bagnato (umidità in atto);Asfaltata;Orizzontale;Nuvoloso;Intenso;Buona;Sufficiente;3;0;0;0;12.65571;41.86435;-1;1;Autovettura privata;In marcia / fermata / arresto;Conducente;F;Rimandato;0;NON DECEDUTO;Non accertato;Inesploso
2998593;8;06/10/2016 18:40;Regionale entro l'abitato;VIA CASILINA;all'intersezione con;VIA DEL PONTE DELLA CATENA;VIA DEL PONTE DELLA CATENA;;;Tamponamento;Incrocio;Una carreggiata a doppio senso;Bagnato (umidità in atto);Asfaltata;Orizzontale;Nuvoloso;Intenso;Buona;Sufficiente;3;0;0;0;12.65571;41.86435;-1;2;Autovettura privata;In marcia / fermata / arresto;Conducente;M;Rimandato;0;NON DECEDUTO;Non accertato;Inesploso
2998593;8;06/10/2016 18:40;Regionale entro l'abitato;VIA CASILINA;all'intersezione con;VIA DEL PONTE DELLA CATENA;VIA DEL PONTE DELLA CATENA;;;Tamponamento;Incrocio;Una carreggiata a doppio senso;Bagnato (umidità in atto);Asfaltata;Orizzontale;Nuvoloso;Intenso;Buona;Sufficiente;3;0;0;0;12.65571;41.86435;-1;2;Autovettura privata;In marcia / fermata / arresto;Passeggero;F;Rifiuta cure immediate;0;NON DECEDUTO;Non accertato;
2998594;8;06/10/2016 14:00;Statale entro l'abitato;VIA CASILINA;all'intersezione con;VIA DEL PONTE DI PANTANO;VIA DEL PONTE DI PANTANO;;;Scontro frontale fra veicoli in marcia;Incrocio;Una carreggiata a doppio senso;Bagnato (pioggia);Asfaltata;Verticale ed orizzontale;Pioggia in atto;Normale;Sufficiente;Ore Diurne;1;0;0;1;12.60933;41.86405;-1;1;Autovettura privata;In marcia / fermata / arresto;Conducente;M;Illeso;0;;Non accertato;Inesploso
2998594;8;06/10/2016 14:00;Statale entro l'abitato;VIA CASILINA;all'intersezione con;VIA DEL PONTE DI PANTANO;VIA DEL PONTE DI PANTANO;;;Scontro frontale fra veicoli in marcia;Incrocio;Una carreggiata a doppio senso;Bagnato (pioggia);Asfaltata;Verticale ed orizzontale;Pioggia in atto;Normale;Sufficiente;Ore Diurne;1;0;0;1;12.60933;41.86405;-1;2;Motociclo a solo;In marcia / fermata / arresto;Conducente;M;Rimandato;0;NON DECEDUTO;Non accertato;
2998598;1;06/10/2016 16:00;Strada Urbana;VIA MERULANA;in prossimità;;del civico n.;265 a;;Veicolo in marcia contro veicolo fermo;Rettilineo;Una carreggiata a doppio senso;Bagnato (pioggia);Asfaltata;Verticale ed orizzontale;Nuvoloso;Normale;Buona;Ore Diurne;1;0;0;3;12.49961;41.89572;-1;1;Autovettura privata;In marcia / fermata / arresto;Conducente;F;Illeso;0;;Non accertato;
2998598;1;06/10/2016 16:00;Strada Urbana;VIA MERULANA;in prossimità;;del civico n.;265 a;;Veicolo in marcia contro veicolo fermo;Rettilineo;Una carreggiata a doppio senso;Bagnato (pioggia);Asfaltata;Verticale ed orizzontale;Nuvoloso;Normale;Buona;Ore Diurne;1;0;0;3;12.49961;41.89572;-1;1;Autovettura privata;In marcia / fermata / arresto;Passeggero;M;Illeso;0;;Non accertato;
2998598;1;06/10/2016 16:00;Strada Urbana;VIA MERULANA;in prossimità;;del civico n.;265 a;;Veicolo in marcia contro veicolo fermo;Rettilineo;Una carreggiata a doppio senso;Bagnato (pioggia);Asfaltata;Verticale ed orizzontale;Nuvoloso;Normale;Buona;Ore Diurne;1;0;0;3;12.49961;41.89572;-1;1;Autovettura privata;In marcia / fermata / arresto;Passeggero;M;Illeso;0;;Non accertato;
2998598;1;06/10/2016 16:00;Strada Urbana;VIA MERULANA;in prossimità;;del civico n.;265 a;;Veicolo in marcia contro veicolo fermo;Rettilineo;Una carreggiata a doppio senso;Bagnato (pioggia);Asfaltata;Verticale ed orizzontale;Nuvoloso;Normale;Buona;Ore Diurne;1;0;0;3;12.49961;41.89572;-1;2;Motociclo a solo;In marcia / fermata / arresto;Conducente;F;Rimandato;0;NON DECEDUTO;Non accertato;
2998600;8;06/10/2016 19:10;Strada Urbana;VIA DON PRIMO MAZZOLARI;da specificare;;;;altezza VIA O. A. ROMERO;Veicolo in marcia contro ostacolo accidentale;Rettilineo;Una carreggiata a doppio senso;Bagnato (pioggia);Asfaltata;Verticale ed orizzontale;Nuvoloso;Scarso;Buona;Sufficiente;0;0;0;1;12.67292;41.89613;-1;1;Autovettura privata;In marcia / fermata / arresto;Conducente;M;Illeso;0;;Non accertato;Inesistente
2998601;8;06/10/2016 14:45;Strada Urbana;VIA WALTER TOBAGI;all'intersezione con;VIA DI CASA CALDA;VIA DI CASA CALDA;;;Scontro laterale fra veicoli in marcia;Incrocio;Una carreggiata a doppio senso;Bagnato (umidità in atto);Asfaltata;Verticale ed orizzontale;Pioggia in atto;Normale;Sufficiente;Ore Diurne;1;0;0;2;12.59738;41.87507;-1;1;Autovettura privata;In marcia / fermata / arresto;Conducente;M;Illeso;0;;Non accertato;Inesploso
2998601;8;06/10/2016 14:45;Strada Urbana;VIA WALTER TOBAGI;all'intersezione con;VIA DI CASA CALDA;VIA DI CASA CALDA;;;Scontro laterale fra veicoli in marcia;Incrocio;Una carreggiata a doppio senso;Bagnato (umidità in atto);Asfaltata;Verticale ed orizzontale;Pioggia in atto;Normale;Sufficiente;Ore Diurne;1;0;0;2;12.59738;41.87507;-1;1;Autovettura privata;In marcia / fermata / arresto;Passeggero;M;Illeso;0;;Non accertato;Inesploso
2998601;8;06/10/2016 14:45;Strada Urbana;VIA WALTER TOBAGI;all'intersezione con;VIA DI CASA CALDA;VIA DI CASA CALDA;;;Scontro laterale fra veicoli in marcia;Incrocio;Una carreggiata a doppio senso;Bagnato (umidità in atto);Asfaltata;Verticale ed orizzontale;Pioggia in atto;Normale;Sufficiente;Ore Diurne;1;0;0;2;12.59738;41.87507;-1;2;Motociclo a solo;In marcia / fermata / arresto;Conducente;M;Rifiuta cure immediate;0;NON DECEDUTO;Non accertato;
2998603;7;06/10/2016 16:40;Strada Urbana;VIA CASILINA;da specificare;;;;in prossimità di Viale Palmiro Togliatti ;Infortunio per sola frenata improvvisa;Rettilineo;Due carreggiate;Bagnato (pioggia);Asfaltata;Verticale;Nuvoloso;Intenso;Buona;Ore Diurne;1;0;0;1;12.57328;41.87351;-1;1;Autovettura privata;In marcia / fermata / arresto;Conducente;M;Illeso;0;;;
2998603;7;06/10/2016 16:40;Strada Urbana;VIA CASILINA;da specificare;;;;in prossimità di Viale Palmiro Togliatti ;Infortunio per sola frenata improvvisa;Rettilineo;Due carreggiate;Bagnato (pioggia);Asfaltata;Verticale;Nuvoloso;Intenso;Buona;Ore Diurne;1;0;0;1;12.57328;41.87351;-1;2;Motociclo a solo;In marcia / fermata / arresto;Conducente;M;Rimandato;0;NON DECEDUTO;;
2998632;5;06/10/2016;Strada Urbana;VIA TUSCOLANA;in corrispondenza;;del civico n.;1530;;Veicolo in marcia contro ostacolo fisso;Rettilineo;Più di due carreggiate;Bagnato (pioggia);Asfaltata;Orizzontale;Pioggia in atto;Scarso;Sufficiente;Sufficiente;0;0;0;2;12.57505;41.84874;-1;1;Autovettura privata;In marcia / fermata / arresto;Conducente;M;Illeso;0;;Non accertato;Inesploso