Protocollo;Gruppo;DataOraIncidente;Localizzazione1;STRADA1;Localizzazione2;STRADA2;Strada02;Chilometrica;DaSpecificare;NaturaIncidente;particolaritastrade;TipoStrada;FondoStradale;Pavimentazione;Segnaletica;CondizioneAtmosferica;Traffico;Visibilita;Illuminazione;NUM_FERITI;NUM_RISERVATA;NUM_MORTI;NUM_ILLESI;Longitudine;Latitudine;Confermato;Progressivo;TipoVeicolo;StatoVeicolo;TipoPersona;Sesso;Tipolesione;Deceduto;DecedutoDopo;CinturaCascoUtilizzato;Airbag
2998632;5;06/10/2016;Strada Urbana;VIA TUSCOLANA;in corrispondenza;;del civico n.;1530;;Veicolo in marcia contro ostacolo fisso;Rettilineo;Più di due carreggiate;Bagnato (pioggia);Asfaltata;Orizzontale;Pioggia in atto;Scarso;Sufficiente;Sufficiente;0;0;0;2;12.57505;41.84874;-1;1;Autovettura privata;In marcia / fermata / arresto;Passeggero;F;Illeso;0;;Non accertato;Inesploso
2998637;5;07/10/2016 02:00;Strada Urbana;VIA BELMONTE IN SABINA;da specificare;;;;prossimità Via Orbicciani Da Lucca;Veicolo in marcia contro ostacolo accidentale;Curva a visuale libera;Due carreggiate;Bagnato (pioggia);Asfaltata;Orizzontale;Pioggia in atto;Scarso;Sufficiente;Sufficiente;0;0;0;1;12.60226;41.95392;-1;1;Autocarro inferiore 35 q.;In marcia / fermata / arresto;Conducente;M;Illeso;0;;Non accertato;Inesploso
2998641;20;07/10/2016 07:30;Strada Urbana;VIA ORIOLO ROMANO;in prossimità;;del palo luce n.;23;;Veicolo in marcia contro ostacolo accidentale;Curva a visuale libera;Una carreggiata a doppio senso;Bagnato (pioggia);Asfaltata;Verticale ed orizzontale;Pioggia in atto;Normale;Buona;Ore Diurne;0;0;0;2;12.46081;41.96049;-1;1;Autovettura privata;In marcia / fermata / arresto;Conducente;F;Illeso;0;;Non accertato;Inesploso
2998641;20;07/10/2016 07:30;Strada Urbana;VIA ORIOLO ROMANO;in prossimità;;del palo luce n.;23;;Veicolo in marcia contro ostacolo accidentale;Curva a visuale libera;Una carreggiata a doppio senso;Bagnato (pioggia);Asfaltata;Verticale ed orizzontale;Pioggia in atto;Normale;Buona;Ore Diurne;0;0;0;2;12.46081;41.96049;-1;1;Autovettura privata;In marcia / fermata / arresto;Passeggero;M;Illeso;0;;Non accertato;Inesploso
2998676;13;06/10/2016 13:00;Strada Urbana;VIA DI ACILIA;in prossimità;;del civico n.;176/A;;Veicolo in marcia contro ostacolo fisso;Rettilineo;Una carreggiata a doppio senso;Bagnato (pioggia);Asfaltata;Assente;Pioggia in atto;Normale;Sufficiente;Ore Diurne;1;0;0;0;12.36911;41.77694;-1;1;Autovettura privata;In marcia / fermata / arresto;Conducente;F;Rimandato;0;NON DECEDUTO;Non accertato;Inesploso
2998684;2;06/10/2016 23:50;Strada Urbana;VIA UGO OJETTI;da specificare;;;;alt. via G. Stampa;Scontro frontale/laterale DX fra veicoli in marcia;Rettilineo;Due carreggiate;Bagnato (pioggia);Asfaltata;Verticale ed orizzontale;Pioggia in atto;Scarso;Sufficiente;Sufficiente;0;0;0;2;12.5569;41.94962;-1;1;Autovettura privata;In marcia / fermata / arresto;Conducente;M;Illeso;0;;;
2998684;2;06/10/2016 23:50;Strada Urbana;VIA UGO OJETTI;da specificare;;;;alt. via G. Stampa;Scontro frontale/laterale DX fra veicoli in marcia;Rettilineo;Due carreggiate;Bagnato (pioggia);Asfaltata;Verticale ed orizzontale;Pioggia in atto;Scarso;Sufficiente;Sufficiente;0;0;0;2;12.5569;41.94962;-1;2;Motociclo a solo;In marcia / fermata / arresto;Conducente;M;Illeso;0;;;
2998686;12;06/10/2016 14:00;Strada Urbana;VIA CRISTOFORO COLOMBO;all'intersezione con;VIALE AMERICA;VIALE AMERICA;;;Veicolo in marcia contro ostacolo fisso;Incrocio;Due carreggiate;Bagnato (pioggia);Asfaltata;Verticale ed orizzontale;Pioggia in atto;Normale;Buona;Ore Diurne;0;0;0;1;12.46821;41.82964;-1;1;Autovettura privata;In marcia / fermata / arresto;Conducente;F;Illeso;0;;Utilizzato;Inesploso
2998687;16;06/10/2016 18:30;Strada Urbana;VIALE DELLE MURA GIANICOLENSI;in prossimità;;del civico n.;96;;Tamponamento;Curva senza visuale libera;Una carreggiata a doppio senso;Bagnato (pioggia);Asfaltata;Assente;Nuvoloso;Normale;Buona;Sufficiente;0;0;0;2;12.46171;41.88535;-1;1;Autovettura privata;In marcia / fermata / arresto;Conducente;M;Illeso;0;;Non accertato;Inesploso
2998687;16;06/10/2016 18:30;Strada Urbana;VIALE DELLE MURA GIANICOLENSI;in prossimità;;del civico n.;96;;Tamponamento;Curva senza visuale libera;Una carreggiata a doppio senso;Bagnato (pioggia);Asfaltata;Assente;Nuvoloso;Normale;Buona;Sufficiente;0;0;0;2;12.46171;41.88535;-1;2;Autovettura privata;In marcia / fermata / arresto;Conducente;M;Illeso;0;;Non accertato;Inesploso
2998699;10;07/10/2016 09:15;Strada Urbana;VIALE LUIGI SCHIAVONETTI;da specificare;;;;alt. via De Rinaldis dir. Alimena;Veicolo in marcia contro ostacolo fisso;Curva senza visuale libera;Due carreggiate;Bagnato (pioggia);Asfaltata;Verticale ed orizzontale;Pioggia in atto;Normale;Buona;Ore Diurne;0;0;0;1;12.61885;41.84477;-1;1;Autovettura privata;In marcia / fermata / arresto;Conducente;F;Illeso;0;;Non accertato;Inesploso
2998706;12;06/10/2016 22:05;Strada Urbana;VIALE AMERICA;all'intersezione con;VIALE AMERICA;VIALE AMERICA;;;Scontro frontale/laterale DX fra veicoli in marcia;Incrocio;Una carreggiata a doppio senso;Bagnato (pioggia);Asfaltata;Verticale ed orizzontale;Pioggia in atto;Scarso;Sufficiente;Sufficiente;0;0;0;3;12.46417;41.83081;-1;1;Autovettura privata;In marcia / fermata / arresto;Conducente;M;Illeso;0;;Utilizzato;Inesploso
2998706;12;06/10/2016 22:05;Strada Urbana;VIALE AMERICA;all'intersezione con;VIALE AMERICA;VIALE AMERICA;;;Scontro frontale/laterale DX fra veicoli in marcia;Incrocio;Una carreggiata a doppio senso;Bagnato (pioggia);Asfaltata;Verticale ed orizzontale;Pioggia in atto;Scarso;Sufficiente;Sufficiente;0;0;0;3;12.46417;41.83081;-1;2;Autovettura privata;In marcia / fermata / arresto;Conducente;M;Illeso;0;;Utilizzato;Inesploso
2998706;12;06/10/2016 22:05;Strada Urbana;VIALE AMERICA;all'intersezione con;VIALE AMERICA;VIALE AMERICA;;;Scontro frontale/laterale DX fra veicoli in marcia;Incrocio;Una carreggiata a doppio senso;Bagnato (pioggia);Asfaltata;Verticale ed orizzontale;Pioggia in atto;Scarso;Sufficiente;Sufficiente;0;0;0;3;12.46417;41.83081;-1;2;Autovettura privata;In marcia / fermata / arresto;Passeggero;F;Illeso;0;;Utilizzato;Inesploso
2998708;16;06/10/2016 21:15;Strada Urbana;VIALE DI TRASTEVERE;in prossimità;;del civico n.;297;;Investimento di pedone;Rettilineo;Più di due carreggiate;Bagnato (pioggia);Asfaltata;Verticale ed orizzontale;Pioggia in atto;Normale;Sufficiente;Sufficiente;1;1;0;0;12.46613;41.87467;-1;;;;Pedone;M;Prognosi riservata;0;NON DECEDUTO;;
2998708;16;06/10/2016 21:15;Strada Urbana;VIALE DI TRASTEVERE;in prossimità;;del civico n.;297;;Investimento di pedone;Rettilineo;Più di due carreggiate;Bagnato (pioggia);Asfaltata;Verticale ed orizzontale;Pioggia in atto;Normale;Sufficiente;Sufficiente;1;1;0;0;12.46613;41.87467;-1;1;Motociclo a solo;In marcia / fermata / arresto;Conducente;M;Rimandato;0;NON DECEDUTO;Non accertato;
2998736;17;06/10/2016 18:25;Strada Urbana;VIALE ANGELICO;all'intersezione semaforizzata con;VIALE GIUSEPPE MAZZINI;VIALE GIUSEPPE MAZZINI;;;Scontro laterale fra veicoli in marcia;Intersezione semaforizzata;Più di due carreggiate;Bagnato (pioggia);Asfaltata;Verticale ed orizzontale;Nuvoloso;Normale;Buona;Ore Diurne;0;0;0;2;12.45871;41.91737;-1;1;Autovettura privata;In marcia / fermata / arresto;Conducente;F;Illeso;0;;Non accertato;Inesploso
2998736;17;06/10/2016 18:25;Strada Urbana;VIALE ANGELICO;all'intersezione semaforizzata con;VIALE GIUSEPPE MAZZINI;VIALE GIUSEPPE MAZZINI;;;Scontro laterale fra veicoli in marcia;Intersezione semaforizzata;Più di due carreggiate;Bagnato (pioggia);Asfaltata;Verticale ed orizzontale;Nuvoloso;Normale;Buona;Ore Diurne;0;0;0;2;12.45871;41.91737;-1;2;Ciclomotore;In marcia / fermata / arresto;Conducente;M;Illeso;0;;;
2998740;2;07/10/2016 08:40;Strada Urbana;CIRCONVALLAZIONE SALARIA;da specificare;;;;dir. S.Giovanni prox uscita Viale Somalia;Tamponamento Multiplo;Rettilineo;Due carreggiate;Bagnato (pioggia);Asfaltata;Verticale ed orizzontale;Pioggia in atto;Normale;Buona;Ore Diurne;1;0;0;2;12.52046;41.93509;-1;1;Autovettura privata;In marcia / fermata / arresto;Conducente;F;Illeso;0;;;
2998740;2;07/10/2016 08:40;Strada Urbana;CIRCONVALLAZIONE SALARIA;da specificare;;;;dir. S.Giovanni prox uscita Viale Somalia;Tamponamento Multiplo;Rettilineo;Due carreggiate;Bagnato (pioggia);Asfaltata;Verticale ed orizzontale;Pioggia in atto;Normale;Buona;Ore Diurne;1;0;0;2;12.52046;41.93509;-1;2;Autovettura privata;In marcia / fermata / arresto;Conducente;M;Rimandato;0;NON DECEDUTO;;
2998740;2;07/10/2016 08:40;Strada Urbana;CIRCONVALLAZIONE SALARIA;da specificare;;;;dir. S.Giovanni prox uscita Viale Somalia;Tamponamento Multiplo;Rettilineo;Due carreggiate;Bagnato (pioggia);Asfaltata;Verticale ed orizzontale;Pioggia in atto;Normale;Buona;Ore Diurne;1;0;0;2;12.52046;41.93509;-1;3;Autovettura privata;In marcia / fermata / arresto;Conducente;F;Illeso;0;;;
2998744;12;06/10/2016 09:45;Strada Urbana;VIA DI VALLERANELLO;all'intersezione con;VIA PONTINA;VIA PONTINA;;;Scontro laterale fra veicoli in marcia;Intersezione stradale segnalata;Una carreggiata a doppio senso;Bagnato (pioggia);Asfaltata;Verticale ed orizzontale;Nuvoloso;Intenso;Buona;Ore Diurne;0;0;0;2;12.45329;41.79805;-1;1;Autovettura privata;In marcia / fermata / arresto;Conducente;M;Illeso;0;;Utilizzato;Inesploso
2998744;12;06/10/2016 09:45;Strada Urbana;VIA DI VALLERANELLO;all'intersezione con;VIA PONTINA;VIA PONTINA;;;Scontro laterale fra veicoli in marcia;Intersezione stradale segnalata;Una carreggiata a doppio senso;Bagnato (pioggia);Asfaltata;Verticale ed orizzontale;Nuvoloso;Intenso;Buona;Ore Diurne;0;0;0;2;12.45329;41.79805;-1;2;Autovettura privata;In marcia / fermata / arresto;Conducente;F;Illeso;0;;Utilizzato;Inesploso
2998765;16;06/10/2016 22:30;Strada Urbana;VIA AURELIA;da specificare;;;;al Km. 10 altezza fermata autobus n. 73094 ;Veicolo in marcia contro ostacolo fisso;Rettilineo;Due carreggiate;Bagnato (pioggia);Asfaltata;Verticale ed orizzontale;Pioggia in atto;Normale;Sufficiente;Sufficiente;1;0;0;1;12.41307;41.89089;-1;;;;Pedone;F;Rimandato;0;NON DECEDUTO;;
2998765;16;06/10/2016 22:30;Strada Urbana;VIA AURELIA;da specificare;;;;al Km. 10 altezza fermata autobus n. 73094 ;Veicolo in marcia contro ostacolo fisso;Rettilineo;Due carreggiate;Bagnato (pioggia);Asfaltata;Verticale ed orizzontale;Pioggia in atto;Normale;Sufficiente;Sufficiente;1;0;0;1;12.41307;41.89089;-1;1;Autovettura privata;In marcia / fermata / arresto;Conducente;F;Illeso;0;;Non accertato;
2998768;17;06/10/2016 23:00;Strada Urbana;PIAZZALE CLODIO;in prossimità;;del civico n.;3/A;;Investimento di pedone;Rettilineo;Una carreggiata a senso unico di marcia;Bagnato (pioggia);Asfaltata;Assente;Pioggia in atto;Scarso;Sufficiente;Sufficiente;1;0;0;1;12.45594;41.91726;-1;;;;Pedone;M;Rimandato;0;NON DECEDUTO;;
2998768;17;06/10/2016 23:00;Strada Urbana;PIAZZALE CLODIO;in prossimità;;del civico n.;3/A;;Investimento di pedone;Rettilineo;Una carreggiata a senso unico di marcia;Bagnato (pioggia);Asfaltata;Assente;Pioggia in atto;Scarso;Sufficiente;Sufficiente;1;0;0;1;12.45594;41.91726;-1;1;Autovettura privata;In marcia / fermata / arresto;Conducente;M;Illeso;0;;;
2998784;6;07/10/2016 08:40;Strada Urbana;VIALE DELLA VENEZIA GIULIA;in corrispondenza;;del civico n.;62;;Infortunio per sola frenata improvvisa;Rettilineo;Una carreggiata a doppio senso;Bagnato (pioggia);Asfaltata;Orizzontale;Nuvoloso;Normale;Buona;Ore Diurne;1;0;0;1;12.55396;41.89662;-1;1;Motociclo a solo;In marcia / fermata / arresto;Conducente;M;Rifiuta cure immediate;0;NON DECEDUTO;;
2998784;6;07/10/2016 08:40;Strada Urbana;VIALE DELLA VENEZIA GIULIA;in corrispondenza;;del civico n.;62;;Infortunio per sola frenata improvvisa;Rettilineo;Una carreggiata a doppio senso;Bagnato (pioggia);Asfaltata;Orizzontale;Nuvoloso;Normale;Buona;Ore Diurne;1;0;0;1;12.55396;41.89662;-1;2;Autovettura privata;In marcia / fermata / arresto;Conducente;M;Illeso;0;;;
2998787;4;06/10/2016 21:30;Strada Urbana;VIA CARLO LIVI;all'intersezione con;VIA EZIO SCIAMANNA;VIA EZIO SCIAMANNA;;;Scontro frontale/laterale DX fra veicoli in marcia;Incrocio;Una carreggiata a senso unico di marcia;Bagnato (pioggia);Asfaltata;Verticale ed orizzontale;Nuvoloso;Normale;Sufficiente;Sufficiente;2;0;0;1;12.41892;41.9344;-1;1;Autovettura privata;In marcia / fermata / arresto;Conducente;M;Illeso;0;;;
2998787;4;06/10/2016 21:30;Strada Urbana;VIA CARLO LIVI;all'intersezione con;VIA EZIO SCIAMANNA;VIA EZIO SCIAMANNA;;;Scontro frontale/laterale DX fra veicoli in marcia;Incrocio;Una carreggiata a senso unico di marcia;Bagnato (pioggia);Asfaltata;Verticale ed orizzontale;Nuvoloso;Normale;Sufficiente;Sufficiente;2;0;0;1;12.41892;41.9344;-1;1;Autovettura privata;In marcia / fermata / arresto;Passeggero;M;Rimandato;0;NON DECEDUTO;;
2998787;4;06/10/2016 21:30;Strada Urbana;VIA CARLO LIVI;all'intersezione con;VIA EZIO SCIAMANNA;VIA EZIO SCIAMANNA;;;Scontro frontale/laterale DX fra veicoli in marcia;Incrocio;Una carreggiata a senso unico di marcia;Bagnato (pioggia);Asfaltata;Verticale ed orizzontale;Nuvoloso;Normale;Sufficiente;Sufficiente;2;0;0;1;12.41892;41.9344;-1;2;Autovettura privata;In marcia / fermata / arresto;Conducente;M;Rimandato;0;NON DECEDUTO;Non accertato;Inesploso
2998797;12;06/10/2016 10:00;Strada Urbana;VIALE DELLA GRANDE MURAGLIA;all'intersezione con;VIALE DELL'OCEANO PACIFICO;VIALE DELL'OCEANO PACIFICO;;;Scontro laterale fra veicoli in marcia;Incrocio;Due carreggiate;Asciutto;Asfaltata;Verticale ed orizzontale;Nuvoloso;Scarso;Buona;Ore Diurne;0;0;0;3;12.45685;41.8245;-1;1;Autovettura privata;In marcia / fermata / arresto;Conducente;F;Illeso;0;;Utilizzato;Inesploso
2998797;12;06/10/2016 10:00;Strada Urbana;VIALE DELLA GRANDE MURAGLIA;all'intersezione con;VIALE DELL'OCEANO PACIFICO;VIALE DELL'OCEANO PACIFICO;;;Scontro laterale fra veicoli in marcia;Incrocio;Due carreggiate;Asciutto;Asfaltata;Verticale ed orizzontale;Nuvoloso;Scarso;Buona;Ore Diurne;0;0;0;3;12.45685;41.8245;-1;2;Autovettura privata;In marcia / fermata / arresto;Conducente;M;Illeso;0;;;
2998797;12;06/10/2016 10:00;Strada Urbana;VIALE DELLA GRANDE MURAGLIA;all'intersezione con;VIALE DELL'OCEANO PACIFICO;VIALE DELL'OCEANO PACIFICO;;;Scontro laterale fra veicoli in marcia;Incrocio;Due carreggiate;Asciutto;Asfaltata;Verticale ed orizzontale;Nuvoloso;Scarso;Buona;Ore Diurne;0;0;0;3;12.45685;41.8245;-1;3;Autovettura privata;In marcia / fermata / arresto;Conducente;F;Illeso;0;;Utilizzato;Inesploso
2998807;17;06/10/2016 23:10;Strada Urbana;VIA BARLETTA;da specificare;;;;in prossimità  di VIALE DELLE MILIZIE;Veicolo in marcia contro ostacolo fisso;Rettilineo;Più di due carreggiate;Bagnato (pioggia);Asfaltata;Verticale ed orizzontale;Pioggia in atto;Scarso;Sufficiente;Sufficiente;0;0;0;1;12.4579;41.91025;-1;1;Autovettura privata;In marcia / fermata / arresto;Conducente;M;Illeso;0;;Non accertato;Inesploso
2998809;1;06/10/2016 17:00;Strada Urbana;LUNGOTEVERE MARZIO;in prossimità;;del civico n.;1;;Scontro laterale fra veicoli in marcia;Curva a visuale libera;Una carreggiata a senso unico di marcia;Bagnato (pioggia);Asfaltata;Verticale ed orizzontale;Nuvoloso;Intenso;Buona;Ore Diurne;1;0;0;2;12.47485;41.90426;-1;1;Autovettura privata;In marcia / fermata / arresto;Conducente;M;Illeso;0;;Non accertato;Inesploso
2998809;1;06/10/2016 17:00;Strada Urbana;LUNGOTEVERE MARZIO;in prossimità;;del civico n.;1;;Scontro laterale fra veicoli in marcia;Curva a visuale libera;Una carreggiata a senso unico di marcia;Bagnato (pioggia);Asfaltata;Verticale ed orizzontale;Nuvoloso;Intenso;Buona;Ore Diurne;1;0;0;2;12.47485;41.90426;-1;1;Autovettura privata;In marcia / fermata / arresto;Passeggero;F;Illeso;0;;Non accertato;Inesploso
2998809;1;06/10/2016 17:00;Strada Urbana;LUNGOTEVERE MARZIO;in prossimità;;del civico n.;1;;Scontro laterale fra veicoli in marcia;Curva a visuale libera;Una carreggiata a senso unico di marcia;Bagnato (pioggia);Asfaltata;Verticale ed orizzontale;Nuvoloso;Intenso;Buona;Ore Diurne;1;0;0;2;12.47485;41.90426;-1;2;Motociclo a solo;In marcia / fermata / arresto;Conducente;F;Rimandato;0;NON DECEDUTO;Non accertato;
2998853;1;06/10/2016 17:00;Strada Urbana;VIA DELL'AMBA ARADAM;in prossimità;;del palo luce n.;2;;Scontro laterale fra veicoli in marcia;Rettilineo;Una carreggiata a doppio senso;Bagnato (pioggia);Asfaltata;Verticale ed orizzontale;Nuvoloso;Intenso;Buona;Ore Diurne;0;0;0;2;12.50195;41.88498;-1;1;Autovettura di polizia;In marcia / fermata / arresto;Conducente;M;Illeso;0;;Non accertato;Inesploso
2998853;1;06/10/2016 17:00;Strada Urbana;VIA DELL'AMBA ARADAM;in prossimità;;del palo luce n.;2;;Scontro laterale fra veicoli in marcia;Rettilineo;Una carreggiata a doppio senso;Bagnato (pioggia);Asfaltata;Verticale ed orizzontale;Nuvoloso;Intenso;Buona;Ore Diurne;0;0;0;2;12.50195;41.88498;-1;2;Veicolo speciale;In marcia / fermata / arresto;Conducente;M;Illeso;0;;Non accertato;Inesploso
2998861;4;06/10/2016 15:20;Strada Urbana;VIADOTTO SANDRO PERTINI;da specificare;;;;PROSS. RAMPA VIA MONTE GIBERTO;Veicolo in marcia contro ostacolo accidentale;Curva a visuale libera;Due carreggiate;Bagnato (pioggia);Con buche;Verticale ed orizzontale;Pioggia in atto;Scarso;Buona;Ore Diurne;0;0;0;1;12.49637;41.90278;-1;1;Autovettura privata;In marcia / fermata / arresto;Conducente;M;Illeso;0;;Non accertato;Inesploso
2998878;12;06/10/2016 19:30;Strada Urbana;VIA ALDO BANZI;da specificare;;;;prossimità rampa d'immissione Via R. Gigliozzi;Investimento di pedone;Rettilineo;Una carreggiata a doppio senso;Bagnato (pioggia);Asfaltata;Verticale ed orizzontale;Pioggia in atto;Scarso;Sufficiente;Sufficiente;1;0;0;1;12.4355;41.77683;-1;;;;Pedone;F;Rimandato;0;NON DECEDUTO;;
2998878;12;06/10/2016 19:30;Strada Urbana;VIA ALDO BANZI;da specificare;;;;prossimità rampa d'immissione Via R. Gigliozzi;Investimento di pedone;Rettilineo;Una carreggiata a doppio senso;Bagnato (pioggia);Asfaltata;Verticale ed orizzontale;Pioggia in atto;Scarso;Sufficiente;Sufficiente;1;0;0;1;12.4355;41.77683;-1;1;Autovettura privata;In marcia / fermata / arresto;Conducente;M;Illeso;0;;Non accertato;Inesistente
2998880;12;07/10/2016 03:50;Provinciale;VIA DI PRATICA;da specificare;;;;dir. Pomezia, prossimità km 1,600;Fuoriuscita dalla sede stradale;Curva senza visuale libera;Una carreggiata a doppio senso;Bagnato (pioggia);Asfaltata;Verticale ed orizzontale;Pioggia in atto;Scarso;Insufficiente;Inesistente;0;0;0;1;12.42954;41.71986;-1;1;Autovettura privata;In marcia / fermata / arresto;Conducente;M;Illeso;0;;Utilizzato;Inesploso
2998899;4;06/10/2016 16:30;Strada Urbana;VIA UGO OJETTI;in prossimità;;del civico n.;140;;Scontro frontale/laterale DX fra veicoli in marcia;Rettilineo;Due carreggiate;Bagnato (umidità in atto);Asfaltata;Verticale ed orizzontale;Nuvoloso;Normale;Buona;Ore Diurne;1;0;0;3;12.55193;41.94455;-1;1;Autovettura privata;In marcia / fermata / arresto;Conducente;M;Illeso;0;;Non accertato;Inesploso
2998899;4;06/10/2016 16:30;Strada Urbana;VIA UGO OJETTI;in prossimità;;del civico n.;140;;Scontro frontale/laterale DX fra veicoli in marcia;Rettilineo;Due carreggiate;Bagnato (umidità in atto);Asfaltata;Verticale ed orizzontale;Nuvoloso;Normale;Buona;Ore Diurne;1;0;0;3;12.55193;41.94455;-1;1;Autovettura privata;In marcia / fermata / arresto;Passeggero;F;Illeso;0;;Non accertato;Inesploso
2998899;4;06/10/2016 16:30;Strada Urbana;VIA UGO OJETTI;in prossimità;;del civico n.;140;;Scontro frontale/laterale DX fra veicoli in marcia;Rettilineo;Due carreggiate;Bagnato (umidità in atto);Asfaltata;Verticale ed orizzontale;Nuvoloso;Normale;Buona;Ore Diurne;1;0;0;3;12.55193;41.94455;-1;2;Motociclo con passeggero;In marcia / fermata / arresto;Conducente;M;Illeso;0;;Non accertato;
2998899;4;06/10/2016 16:30;Strada Urbana;VIA UGO OJETTI;in prossimità;;del civico n.;140;;Scontro frontale/laterale DX fra veicoli in marcia;Rettilineo;Due carreggiate;Bagnato (umidità in atto);Asfaltata;Verticale ed orizzontale;Nuvoloso;Normale;Buona;Ore Diurne;1;0;0;3;12.55193;41.94455;-1;2;Motociclo con passeggero;In marcia / fermata / arresto;Passeggero;F;Rimandato;0;NON DECEDUTO;Non accertato;
2998903;12;07/10/2016 09:00;Strada Urbana;VIALE DEL PATTINAGGIO;da specificare;;;;dir. Viadotto della Magliana, prox HOTEL SHERATON;Veicolo in marcia contro ostacolo accidentale;Curva senza visuale libera;Una carreggiata a senso unico di marcia;Bagnato (pioggia);Asfaltata;Orizzontale;Pioggia in atto;Normale;Buona;Ore Diurne;0;0;0;1;12.47351;41.84173;-1;1;Motociclo a solo;In marcia / fermata / arresto;Conducente;M;Illeso;0;;Utilizzato;
2998906;18;07/10/2016 07:50;Strada Urbana;VIA GIORGIO DEL VECCHIO;in prossimità;;del civico n.;42;;Veicolo in marcia contro ostacolo accidentale;Rettilineo;Una carreggiata a senso unico di marcia;Bagnato (pioggia);Asfaltata;Verticale ed orizzontale;Pioggia in atto;Normale;Buona;Ore Diurne;0;0;0;2;12.41556;41.89946;-1;1;Autovettura privata;In marcia / fermata / arresto;Conducente;F;Illeso;0;;Non accertato;Inesploso
2998906;18;07/10/2016 07:50;Strada Urbana;VIA GIORGIO DEL VECCHIO;in prossimità;;del civico n.;42;;Veicolo in marcia contro ostacolo accidentale;Rettilineo;Una carreggiata a senso unico di marcia;Bagnato (pioggia);Asfaltata;Verticale ed orizzontale;Pioggia in atto;Normale;Buona;Ore Diurne;0;0;0;2;12.41556;41.89946;-1;1;Autovettura privata;In marcia / fermata / arresto;Passeggero;F;Illeso;0;;Non accertato;
2998941;18;07/10/2016 08:30;Strada Urbana;VIA ODOARDO GIOVE;all'intersezione con;VIA MARGHERITA DE COLMAR;VIA MARGHERITA DE COLMAR;;;Scontro frontale/laterale SX fra veicoli in marcia;Intersezione non regolata/non segnalata;Una carreggiata a doppio senso;Bagnato (pioggia);Asfaltata;Assente;Pioggia in atto;Intenso;Buona;Ore Diurne;1;0;0;1;12.405;41.91384;-1;1;Autovettura privata;In marcia / fermata / arresto;Conducente;M;Illeso;0;;Non accertato;Inesploso
2998941;18;07/10/2016 08:30;Strada Urbana;VIA ODOARDO GIOVE;all'intersezione con;VIA MARGHERITA DE COLMAR;VIA MARGHERITA DE COLMAR;;;Scontro frontale/laterale SX fra veicoli in marcia;Intersezione non regolata/non segnalata;Una carreggiata a doppio senso;Bagnato (pioggia);Asfaltata;Assente;Pioggia in atto;Intenso;Buona;Ore Diurne;1;0;0;1;12.405;41.91384;-1;2;Ciclomotore;In marcia / fermata / arresto;Conducente;M;Rimandato;0;NON DECEDUTO;Non accertato;
2998990;10;07/10/2016 11:50;Strada Urbana;VIA MONTAURO;in prossimità;;del civico n.;01-mar;;Scontro laterale fra veicoli in marcia;Rettilineo;Una carreggiata a doppio senso;Asciutto;Asfaltata;Verticale;Sereno;Scarso;Buona;Ore Diurne;0;0;0;3;12.61663;41.8154;-1;1;Autovettura privata;In marcia / fermata / arresto;Conducente;M;Illeso;0;;Non accertato;Inesploso
2998990;10;07/10/2016 11:50;Strada Urbana;VIA MONTAURO;in prossimità;;del civico n.;01-mar;;Scontro laterale fra veicoli in marcia;Rettilineo;Una carreggiata a doppio senso;Asciutto;Asfaltata;Verticale;Sereno;Scarso;Buona;Ore Diurne;0;0;0;3;12.61663;41.8154;-1;1;Autovettura privata;In marcia / fermata / arresto;Passeggero;M;Illeso;0;;Non accertato;Inesistente
2998990;10;07/10/2016 11:50;Strada Urbana;VIA MONTAURO;in prossimità;;del civico n.;01-mar;;Scontro laterale fra veicoli in marcia;Rettilineo;Una carreggiata a doppio senso;Asciutto;Asfaltata;Verticale;Sereno;Scarso;Buona;Ore Diurne;0;0;0;3;12.61663;41.8154;-1;2;Autovettura privata;In marcia / fermata / arresto;Conducente;M;Illeso;0;;Non accertato;Inesploso
2999141;11;07/10/2016 12:00;Strada Urbana;VIA GIACOMO TREVIS;in corrispondenza;;del civico n.;68;;Scontro laterale fra veicoli in marcia;Rettilineo;Una carreggiata a senso unico di marcia;Asciutto;Asfaltata;Verticale ed orizzontale;Sereno;Scarso;Buona;Ore Diurne;0;0;0;3;12.49879;41.86467;-1;1;Autovettura privata;In marcia / fermata / arresto;Conducente;M;Illeso;0;;Non accertato;Inesploso
2999141;11;07/10/2016 12:00;Strada Urbana;VIA GIACOMO TREVIS;in corrispondenza;;del civico n.;68;;Scontro laterale fra veicoli in marcia;Rettilineo;Una carreggiata a senso unico di marcia;Asciutto;Asfaltata;Verticale ed orizzontale;Sereno;Scarso;Buona;Ore Diurne;0;0;0;3;12.49879;41.86467;-1;1;Autovettura privata;In marcia / fermata / arresto;Passeggero;M;Illeso;0;;Non accertato;Inesploso