Protocollo;Gruppo;DataOraIncidente;Localizzazione1;STRADA1;Localizzazione2;STRADA2;Strada02;Chilometrica;DaSpecificare;NaturaIncidente;particolaritastrade;TipoStrada;FondoStradale;Pavimentazione;Segnaletica;CondizioneAtmosferica;Traffico;Visibilita;Illuminazione;NUM_FERITI;NUM_RISERVATA;NUM_MORTI;NUM_ILLESI;Longitudine;Latitudine;Confermato;Progressivo;TipoVeicolo;StatoVeicolo;TipoPersona;Sesso;Tipolesione;Deceduto;DecedutoDopo;CinturaCascoUtilizzato;Airbag
2999141;11;07/10/2016 12:00;Strada Urbana;VIA GIACOMO TREVIS;in corrispondenza;;del civico n.;68;;Scontro laterale fra veicoli in marcia;Rettilineo;Una carreggiata a senso unico di marcia;Asciutto;Asfaltata;Verticale ed orizzontale;Sereno;Scarso;Buona;Ore Diurne;0;0;0;3;12.49879;41.86467;-1;2;Autovettura privata;In marcia / fermata / arresto;Conducente;M;Illeso;0;;;
2999165;4;06/10/2016 16:30;Strada Urbana;VIA TEOFILO FOLENGO;all'intersezione con;VIA FERDINANDO MARTINI;VIA FERDINANDO MARTINI;;;Veicolo in marcia contro veicolo arresto;Incrocio;Una carreggiata a senso unico di marcia;Bagnato (umidità in atto);Asfaltata;Verticale;Nuvoloso;Scarso;Buona;Ore Diurne;0;0;0;4;12.54986;41.94347;-1;1;Autovettura privata;In marcia / fermata / arresto;Conducente;M;Illeso;0;;Non accertato;
2999165;4;06/10/2016 16:30;Strada Urbana;VIA TEOFILO FOLENGO;all'intersezione con;VIA FERDINANDO MARTINI;VIA FERDINANDO MARTINI;;;Veicolo in marcia contro veicolo arresto;Incrocio;Una carreggiata a senso unico di marcia;Bagnato (umidità in atto);Asfaltata;Verticale;Nuvoloso;Scarso;Buona;Ore Diurne;0;0;0;4;12.54986;41.94347;-1;1;Autovettura privata;In marcia / fermata / arresto;Passeggero;M;Illeso;0;;;
2999165;4;06/10/2016 16:30;Strada Urbana;VIA TEOFILO FOLENGO;all'intersezione con;VIA FERDINANDO MARTINI;VIA FERDINANDO MARTINI;;;Veicolo in marcia contro veicolo arresto;Incrocio;Una carreggiata a senso unico di marcia;Bagnato (umidità in atto);Asfaltata;Verticale;Nuvoloso;Scarso;Buona;Ore Diurne;0;0;0;4;12.54986;41.94347;-1;1;Autovettura privata;In marcia / fermata / arresto;Passeggero;M;Illeso;0;;;
2999165;4;06/10/2016 16:30;Strada Urbana;VIA TEOFILO FOLENGO;all'intersezione con;VIA FERDINANDO MARTINI;VIA FERDINANDO MARTINI;;;Veicolo in marcia contro veicolo arresto;Incrocio;Una carreggiata a senso unico di marcia;Bagnato (umidità in atto);Asfaltata;Verticale;Nuvoloso;Scarso;Buona;Ore Diurne;0;0;0;4;12.54986;41.94347;-1;2;Autovettura privata;In marcia / fermata / arresto;Conducente;F;Illeso;0;;Non accertato;
2999197;12;07/10/2016 12:20;Provinciale entro l'abitato;VIA LAURENTINA;in prossimità;;del civico n.;630;;Tamponamento Multiplo;Rettilineo;Due carreggiate;Asciutto;Asfaltata;Verticale ed orizzontale;Nuvoloso;Normale;Buona;Ore Diurne;0;0;0;3;12.48069;41.82102;-1;1;Autovettura privata;In marcia / fermata / arresto;Conducente;M;Illeso;0;;Non accertato;Inesploso
2999197;12;07/10/2016 12:20;Provinciale entro l'abitato;VIA LAURENTINA;in prossimità;;del civico n.;630;;Tamponamento Multiplo;Rettilineo;Due carreggiate;Asciutto;Asfaltata;Verticale ed orizzontale;Nuvoloso;Normale;Buona;Ore Diurne;0;0;0;3;12.48069;41.82102;-1;2;Autovettura privata;In marcia / fermata / arresto;Conducente;F;Illeso;0;;Utilizzato;Inesploso
2999197;12;07/10/2016 12:20;Provinciale entro l'abitato;VIA LAURENTINA;in prossimità;;del civico n.;630;;Tamponamento Multiplo;Rettilineo;Due carreggiate;Asciutto;Asfaltata;Verticale ed orizzontale;Nuvoloso;Normale;Buona;Ore Diurne;0;0;0;3;12.48069;41.82102;-1;3;Autovettura privata;In marcia / fermata / arresto;Conducente;F;Illeso;0;;Utilizzato;Inesploso
2999212;1;07/10/2016 08:50;Strada Urbana;PIAZZA DELLA BOCCA DELLA VERITA';all'intersezione semaforizzata con;VIA DELLA GRECA;VIA DELLA GRECA;;;Scontro laterale fra veicoli in marcia;Intersezione semaforizzata;Una carreggiata a doppio senso;Bagnato (pioggia);Asfaltata;Verticale ed orizzontale;Pioggia in atto;Intenso;Buona;Ore Diurne;2;0;0;0;12.48129;41.88768;-1;2;Motociclo a solo;In marcia / fermata / arresto;Conducente;M;Rimandato;0;NON DECEDUTO;;
2999212;1;07/10/2016 08:50;Strada Urbana;PIAZZA DELLA BOCCA DELLA VERITA';all'intersezione semaforizzata con;VIA DELLA GRECA;VIA DELLA GRECA;;;Scontro laterale fra veicoli in marcia;Intersezione semaforizzata;Una carreggiata a doppio senso;Bagnato (pioggia);Asfaltata;Verticale ed orizzontale;Pioggia in atto;Intenso;Buona;Ore Diurne;2;0;0;0;12.48129;41.88768;-1;3;Motociclo a solo;In marcia / fermata / arresto;Conducente;F;Rimandato;0;NON DECEDUTO;;
2999235;1;07/10/2016 08:45;Strada Urbana;PIAZZA ALBANIA;all'intersezione semaforizzata con;VIA DI S. SABA;VIA DI S. SABA;;;Infortunio per sola frenata improvvisa;Incrocio;Una carreggiata a doppio senso;Bagnato (pioggia);In cubetti di porfido;Verticale ed orizzontale;Pioggia in atto;Normale;Buona;Ore Diurne;1;0;0;0;12.4841;41.88064;-1;1;Motociclo a solo;In marcia / fermata / arresto;Conducente;F;Rimandato;0;NON DECEDUTO;Utilizzato;
2999254;18;07/10/2016 07:00;Statale;VIA AURELIA;in corrispondenza;;della chilometrica;14.6;;Tamponamento Multiplo;Rettilineo;Due carreggiate;Bagnato (pioggia);Asfaltata;Verticale ed orizzontale;Pioggia in atto;Intenso;Sufficiente;Ore Diurne;0;0;0;9;12.41307;41.89089;-1;1;Autovettura privata;In marcia / fermata / arresto;Conducente;M;Illeso;0;;;
2999254;18;07/10/2016 07:00;Statale;VIA AURELIA;in corrispondenza;;della chilometrica;14.6;;Tamponamento Multiplo;Rettilineo;Due carreggiate;Bagnato (pioggia);Asfaltata;Verticale ed orizzontale;Pioggia in atto;Intenso;Sufficiente;Ore Diurne;0;0;0;9;12.41307;41.89089;-1;1;Autovettura privata;In marcia / fermata / arresto;Passeggero;M;Illeso;0;;;
2999254;18;07/10/2016 07:00;Statale;VIA AURELIA;in corrispondenza;;della chilometrica;14.6;;Tamponamento Multiplo;Rettilineo;Due carreggiate;Bagnato (pioggia);Asfaltata;Verticale ed orizzontale;Pioggia in atto;Intenso;Sufficiente;Ore Diurne;0;0;0;9;12.41307;41.89089;-1;2;Autovettura privata;In marcia / fermata / arresto;Conducente;M;Illeso;0;;;
2999254;18;07/10/2016 07:00;Statale;VIA AURELIA;in corrispondenza;;della chilometrica;14.6;;Tamponamento Multiplo;Rettilineo;Due carreggiate;Bagnato (pioggia);Asfaltata;Verticale ed orizzontale;Pioggia in atto;Intenso;Sufficiente;Ore Diurne;0;0;0;9;12.41307;41.89089;-1;2;Autovettura privata;In marcia / fermata / arresto;Passeggero;F;Illeso;0;;;
2999254;18;07/10/2016 07:00;Statale;VIA AURELIA;in corrispondenza;;della chilometrica;14.6;;Tamponamento Multiplo;Rettilineo;Due carreggiate;Bagnato (pioggia);Asfaltata;Verticale ed orizzontale;Pioggia in atto;Intenso;Sufficiente;Ore Diurne;0;0;0;9;12.41307;41.89089;-1;3;Autovettura privata;In marcia / fermata / arresto;Conducente;M;Illeso;0;;;
2999254;18;07/10/2016 07:00;Statale;VIA AURELIA;in corrispondenza;;della chilometrica;14.6;;Tamponamento Multiplo;Rettilineo;Due carreggiate;Bagnato (pioggia);Asfaltata;Verticale ed orizzontale;Pioggia in atto;Intenso;Sufficiente;Ore Diurne;0;0;0;9;12.41307;41.89089;-1;4;Autovettura privata;In marcia / fermata / arresto;Conducente;F;Illeso;0;;;
2999254;18;07/10/2016 07:00;Statale;VIA AURELIA;in corrispondenza;;della chilometrica;14.6;;Tamponamento Multiplo;Rettilineo;Due carreggiate;Bagnato (pioggia);Asfaltata;Verticale ed orizzontale;Pioggia in atto;Intenso;Sufficiente;Ore Diurne;0;0;0;9;12.41307;41.89089;-1;4;Autovettura privata;In marcia / fermata / arresto;Passeggero;M;Illeso;0;;;
2999254;18;07/10/2016 07:00;Statale;VIA AURELIA;in corrispondenza;;della chilometrica;14.6;;Tamponamento Multiplo;Rettilineo;Due carreggiate;Bagnato (pioggia);Asfaltata;Verticale ed orizzontale;Pioggia in atto;Intenso;Sufficiente;Ore Diurne;0;0;0;9;12.41307;41.89089;-1;5;Autovettura privata;In marcia / fermata / arresto;Conducente;M;Illeso;0;;;
2999254;18;07/10/2016 07:00;Statale;VIA AURELIA;in corrispondenza;;della chilometrica;14.6;;Tamponamento Multiplo;Rettilineo;Due carreggiate;Bagnato (pioggia);Asfaltata;Verticale ed orizzontale;Pioggia in atto;Intenso;Sufficiente;Ore Diurne;0;0;0;9;12.41307;41.89089;-1;6;Autovettura privata;In marcia / fermata / arresto;Conducente;M;Illeso;0;;;
2999295;1;07/10/2016 12:45;Strada Urbana;VIA DI S. GIOVANNI IN LATERANO;all'intersezione semaforizzata con;VIA MERULANA;VIA MERULANA;;;Scontro laterale fra veicoli in marcia;Intersezione semaforizzata;Una carreggiata a doppio senso;Asciutto;Asfaltata;Verticale ed orizzontale;Nuvoloso;Intenso;Buona;Ore Diurne;0;0;0;2;12.49806;41.88894;-1;1;Autovettura privata;In marcia / fermata / arresto;Conducente;M;Illeso;0;;Non accertato;
2999295;1;07/10/2016 12:45;Strada Urbana;VIA DI S. GIOVANNI IN LATERANO;all'intersezione semaforizzata con;VIA MERULANA;VIA MERULANA;;;Scontro laterale fra veicoli in marcia;Intersezione semaforizzata;Una carreggiata a doppio senso;Asciutto;Asfaltata;Verticale ed orizzontale;Nuvoloso;Intenso;Buona;Ore Diurne;0;0;0;2;12.49806;41.88894;-1;2;Autovettura pubblica;In marcia / fermata / arresto;Conducente;M;Illeso;0;;Non accertato;
2999411;10;07/10/2016 15:00;Strada Urbana;VIA STEFANO OBERTO;all'intersezione con;VIA PIETRO MARCHISIO;VIA PIETRO MARCHISIO;;;Scontro frontale/laterale DX fra veicoli in marcia;Incrocio;Una carreggiata a doppio senso;Asciutto;Asfaltata;Verticale;Nuvoloso;Normale;Buona;Ore Diurne;0;0;0;3;12.58658;41.85017;-1;1;Autocarro inferiore 35 q.;In marcia / fermata / arresto;Conducente;M;Illeso;0;;Non accertato;Inesploso
2999411;10;07/10/2016 15:00;Strada Urbana;VIA STEFANO OBERTO;all'intersezione con;VIA PIETRO MARCHISIO;VIA PIETRO MARCHISIO;;;Scontro frontale/laterale DX fra veicoli in marcia;Incrocio;Una carreggiata a doppio senso;Asciutto;Asfaltata;Verticale;Nuvoloso;Normale;Buona;Ore Diurne;0;0;0;3;12.58658;41.85017;-1;2;Autovettura privata;In marcia / fermata / arresto;Conducente;F;Illeso;0;;Non accertato;Inesploso
2999411;10;07/10/2016 15:00;Strada Urbana;VIA STEFANO OBERTO;all'intersezione con;VIA PIETRO MARCHISIO;VIA PIETRO MARCHISIO;;;Scontro frontale/laterale DX fra veicoli in marcia;Incrocio;Una carreggiata a doppio senso;Asciutto;Asfaltata;Verticale;Nuvoloso;Normale;Buona;Ore Diurne;0;0;0;3;12.58658;41.85017;-1;2;Autovettura privata;In marcia / fermata / arresto;Passeggero;F;Illeso;0;;Non accertato;Inesploso
2999431;18;07/10/2016 13:45;Strada Urbana;VIA GREGORIO VII;all'intersezione semaforizzata con;PIAZZA PIO XI;PIAZZA PIO XI;;;Scontro laterale fra veicoli in marcia;Intersezione semaforizzata;Più di due carreggiate;Asciutto;Asfaltata;Verticale ed orizzontale;Sereno;Normale;Buona;Ore Diurne;0;0;0;3;12.44068;41.89613;-1;1;Autovettura privata;In marcia / fermata / arresto;Conducente;F;Illeso;0;;;
2999431;18;07/10/2016 13:45;Strada Urbana;VIA GREGORIO VII;all'intersezione semaforizzata con;PIAZZA PIO XI;PIAZZA PIO XI;;;Scontro laterale fra veicoli in marcia;Intersezione semaforizzata;Più di due carreggiate;Asciutto;Asfaltata;Verticale ed orizzontale;Sereno;Normale;Buona;Ore Diurne;0;0;0;3;12.44068;41.89613;-1;1;Autovettura privata;In marcia / fermata / arresto;Passeggero;F;Illeso;0;;;
2999431;18;07/10/2016 13:45;Strada Urbana;VIA GREGORIO VII;all'intersezione semaforizzata con;PIAZZA PIO XI;PIAZZA PIO XI;;;Scontro laterale fra veicoli in marcia;Intersezione semaforizzata;Più di due carreggiate;Asciutto;Asfaltata;Verticale ed orizzontale;Sereno;Normale;Buona;Ore Diurne;0;0;0;3;12.44068;41.89613;-1;2;Trattore stradale;In marcia / fermata / arresto;Conducente;M;Illeso;0;;;
2999443;11;07/10/2016 17:00;Strada Urbana;VIA ALESSIO BALDOVINETTI;da specificare;;;;in corrispondenza del civico 104;Veicolo in marcia contro veicolo in sosta;Rettilineo;Una carreggiata a doppio senso;Asciutto;Asfaltata;Verticale ed orizzontale;Nuvoloso;Normale;Buona;Ore Diurne;0;0;0;1;12.49459;41.83184;-1;1;Autovettura privata;In marcia / fermata / arresto;Conducente;F;Illeso;0;;Non accertato;Inesploso
2999457;20;07/10/2016 16:40;Strada Urbana;VIA FORNACE VIGNOLO;da specificare;;;;all'altezza ENEL;Scontro frontale fra veicoli in marcia;Curva senza visuale libera;Una carreggiata a doppio senso;Asciutto;Asfaltata;Verticale ed orizzontale;Sereno;Normale;Buona;Ore Diurne;1;0;0;1;12.4992;41.98932;-1;1;Autovettura privata;In marcia / fermata / arresto;Conducente;M;Illeso;0;;Non accertato;Esploso
2999457;20;07/10/2016 16:40;Strada Urbana;VIA FORNACE VIGNOLO;da specificare;;;;all'altezza ENEL;Scontro frontale fra veicoli in marcia;Curva senza visuale libera;Una carreggiata a doppio senso;Asciutto;Asfaltata;Verticale ed orizzontale;Sereno;Normale;Buona;Ore Diurne;1;0;0;1;12.4992;41.98932;-1;2;Autovettura privata;In marcia / fermata / arresto;Conducente;M;Ricoverato;0;NON DECEDUTO;Non accertato;Esploso
2999478;15;07/10/2016 05:40;Strada Urbana;VIA DEL TRULLO;in corrispondenza;;del civico n.;301;;Veicolo in marcia contro ostacolo accidentale;Rettilineo;Due carreggiate;Bagnato (pioggia);Asfaltata;Verticale ed orizzontale;Nuvoloso;Scarso;Sufficiente;Sufficiente;0;0;0;1;12.43682;41.84346;-1;1;Motociclo a solo;In marcia / fermata / arresto;Conducente;M;Illeso;0;;;
2999626;1;07/10/2016 16:00;Strada Urbana;LUNGOTEVERE TESTACCIO;all'intersezione con;VIA ANTONIO CECCHI;VIA ANTONIO CECCHI;;;Scontro frontale/laterale DX fra veicoli in marcia;Incrocio;Una carreggiata a doppio senso;Asciutto;Asfaltata;Verticale ed orizzontale;Sereno;Normale;Buona;Ore Diurne;1;0;0;1;12.47493;41.88232;-1;1;Motociclo a solo;In marcia / fermata / arresto;Conducente;M;Rifiuta cure immediate;0;NON DECEDUTO;Utilizzato;
2999626;1;07/10/2016 16:00;Strada Urbana;LUNGOTEVERE TESTACCIO;all'intersezione con;VIA ANTONIO CECCHI;VIA ANTONIO CECCHI;;;Scontro frontale/laterale DX fra veicoli in marcia;Incrocio;Una carreggiata a doppio senso;Asciutto;Asfaltata;Verticale ed orizzontale;Sereno;Normale;Buona;Ore Diurne;1;0;0;1;12.47493;41.88232;-1;2;Autovettura privata;In marcia / fermata / arresto;Conducente;M;Illeso;0;;Utilizzato;Inesploso
2999641;9;07/10/2016 16:50;Strada Urbana;VIA APPIA NUOVA;da specificare;;;;fronte 520;Scontro frontale/laterale SX fra veicoli in marcia;Rettilineo;Due carreggiate;Asciutto;Asfaltata;Verticale ed orizzontale;Sereno;Intenso;Buona;Ore Diurne;1;0;0;3;12.51246;41.85907;-1;1;Autovettura privata;In marcia / fermata / arresto;Passeggero;M;Illeso;0;;Utilizzato;Inesploso
2999641;9;07/10/2016 16:50;Strada Urbana;VIA APPIA NUOVA;da specificare;;;;fronte 520;Scontro frontale/laterale SX fra veicoli in marcia;Rettilineo;Due carreggiate;Asciutto;Asfaltata;Verticale ed orizzontale;Sereno;Intenso;Buona;Ore Diurne;1;0;0;3;12.51246;41.85907;-1;1;Autovettura privata;In marcia / fermata / arresto;Passeggero;M;Illeso;0;;Utilizzato;Inesploso
2999641;9;07/10/2016 16:50;Strada Urbana;VIA APPIA NUOVA;da specificare;;;;fronte 520;Scontro frontale/laterale SX fra veicoli in marcia;Rettilineo;Due carreggiate;Asciutto;Asfaltata;Verticale ed orizzontale;Sereno;Intenso;Buona;Ore Diurne;1;0;0;3;12.51246;41.85907;-1;1;Autovettura privata;In marcia / fermata / arresto;Conducente;M;Illeso;0;;Utilizzato;Inesploso
2999641;9;07/10/2016 16:50;Strada Urbana;VIA APPIA NUOVA;da specificare;;;;fronte 520;Scontro frontale/laterale SX fra veicoli in marcia;Rettilineo;Due carreggiate;Asciutto;Asfaltata;Verticale ed orizzontale;Sereno;Intenso;Buona;Ore Diurne;1;0;0;3;12.51246;41.85907;-1;2;Motociclo con passeggero;In marcia / fermata / arresto;Conducente;M;Rimandato;0;NON DECEDUTO;Utilizzato;
2999646;1;07/10/2016 16:10;Strada Urbana;LARGO DI S. SUSANNA;all'intersezione semaforizzata con;PIAZZA S. BERNARDO;PIAZZA S. BERNARDO;;;Tamponamento Multiplo;Intersezione semaforizzata;Una carreggiata a doppio senso;Asciutto;Asfaltata;Verticale ed orizzontale;Nuvoloso;Intenso;Buona;Ore Diurne;1;0;0;3;12.49377;41.90464;-1;1;Autocarro inferiore 35 q.;In marcia / fermata / arresto;Conducente;M;Illeso;0;;Non accertato;
2999646;1;07/10/2016 16:10;Strada Urbana;LARGO DI S. SUSANNA;all'intersezione semaforizzata con;PIAZZA S. BERNARDO;PIAZZA S. BERNARDO;;;Tamponamento Multiplo;Intersezione semaforizzata;Una carreggiata a doppio senso;Asciutto;Asfaltata;Verticale ed orizzontale;Nuvoloso;Intenso;Buona;Ore Diurne;1;0;0;3;12.49377;41.90464;-1;1;Autocarro inferiore 35 q.;In marcia / fermata / arresto;Passeggero;F;Illeso;0;;Non accertato;
2999646;1;07/10/2016 16:10;Strada Urbana;LARGO DI S. SUSANNA;all'intersezione semaforizzata con;PIAZZA S. BERNARDO;PIAZZA S. BERNARDO;;;Tamponamento Multiplo;Intersezione semaforizzata;Una carreggiata a doppio senso;Asciutto;Asfaltata;Verticale ed orizzontale;Nuvoloso;Intenso;Buona;Ore Diurne;1;0;0;3;12.49377;41.90464;-1;2;Motociclo con passeggero;In marcia / fermata / arresto;Conducente;M;Illeso;0;;Non accertato;
2999646;1;07/10/2016 16:10;Strada Urbana;LARGO DI S. SUSANNA;all'intersezione semaforizzata con;PIAZZA S. BERNARDO;PIAZZA S. BERNARDO;;;Tamponamento Multiplo;Intersezione semaforizzata;Una carreggiata a doppio senso;Asciutto;Asfaltata;Verticale ed orizzontale;Nuvoloso;Intenso;Buona;Ore Diurne;1;0;0;3;12.49377;41.90464;-1;2;Motociclo con passeggero;In marcia / fermata / arresto;Passeggero;F;Rimandato;0;NON DECEDUTO;Non accertato;
2999980;11;08/10/2016 04:10;Strada Urbana;VIA EFESO;all'intersezione con;VIA CORINTO;VIA CORINTO;;;Scontro frontale/laterale SX fra veicoli in marcia;Incrocio;Una carreggiata a doppio senso;Asciutto;Asfaltata;Verticale ed orizzontale;Sereno;Scarso;Buona;Sufficiente;1;0;0;1;12.47593;41.8543;-1;1;Autobus di linea;In marcia / fermata / arresto;Conducente;M;Illeso;0;;Non accertato;Inesploso
2999980;11;08/10/2016 04:10;Strada Urbana;VIA EFESO;all'intersezione con;VIA CORINTO;VIA CORINTO;;;Scontro frontale/laterale SX fra veicoli in marcia;Incrocio;Una carreggiata a doppio senso;Asciutto;Asfaltata;Verticale ed orizzontale;Sereno;Scarso;Buona;Sufficiente;1;0;0;1;12.47593;41.8543;-1;1;Autobus di linea;In marcia / fermata / arresto;Passeggero;M;Rimandato;0;NON DECEDUTO;;
2999981;11;07/10/2016 15:30;Strada Urbana;VIA DI VIGNA MURATA;da specificare;;;;altezza palo Acea n. 75;Veicolo in marcia contro ostacolo accidentale;Rettilineo;Più di due carreggiate;Asciutto;Con buche;Verticale ed orizzontale;Nuvoloso;Normale;Buona;Ore Diurne;0;0;0;1;12.5045;41.8268;-1;1;Autovettura privata;In marcia / fermata / arresto;Conducente;F;Illeso;0;;Non accertato;
2999988;11;07/10/2016 15:30;Strada Urbana;VIA DI VIGNA MURATA;da specificare;;;;palo luce n. 75;Veicolo in marcia contro ostacolo accidentale;Rettilineo;Più di due carreggiate;Asciutto;Con buche;Verticale ed orizzontale;Nuvoloso;Normale;Buona;Ore Diurne;0;0;0;1;12.49872;41.82626;-1;1;Autovettura privata;In marcia / fermata / arresto;Conducente;F;Illeso;0;;Non accertato;
3000006;11;07/10/2016 15:32;Strada Urbana;VIA DI VIGNA MURATA;da specificare;;;;altezza palo acea n. 75;Veicolo in marcia contro ostacolo accidentale;Rettilineo;Più di due carreggiate;Asciutto;Con buche;Verticale ed orizzontale;Nuvoloso;Normale;Buona;Ore Diurne;0;0;0;1;12.49872;41.82626;-1;1;Autovettura privata;In marcia / fermata / arresto;Conducente;F;Illeso;0;;Non accertato;Inesploso
3000008;11;08/10/2016 01:00;Strada Urbana;VIA DELLE TRE FONTANE;all'intersezione semaforizzata con;VIALE DEL PATTINAGGIO;VIALE DEL PATTINAGGIO;;;Scontro frontale/laterale DX fra veicoli in marcia;Intersezione semaforizzata;Una carreggiata a doppio senso;Asciutto;Asfaltata;Verticale ed orizzontale;Sereno;Scarso;Buona;Sufficiente;1;0;0;3;12.47275;41.83961;-1;1;Autovettura privata;In marcia / fermata / arresto;Conducente;M;Illeso;0;;;Esploso
3000008;11;08/10/2016 01:00;Strada Urbana;VIA DELLE TRE FONTANE;all'intersezione semaforizzata con;VIALE DEL PATTINAGGIO;VIALE DEL PATTINAGGIO;;;Scontro frontale/laterale DX fra veicoli in marcia;Intersezione semaforizzata;Una carreggiata a doppio senso;Asciutto;Asfaltata;Verticale ed orizzontale;Sereno;Scarso;Buona;Sufficiente;1;0;0;3;12.47275;41.83961;-1;2;Autovettura privata;In marcia / fermata / arresto;Conducente;M;Illeso;0;;;Esploso
3000008;11;08/10/2016 01:00;Strada Urbana;VIA DELLE TRE FONTANE;all'intersezione semaforizzata con;VIALE DEL PATTINAGGIO;VIALE DEL PATTINAGGIO;;;Scontro frontale/laterale DX fra veicoli in marcia;Intersezione semaforizzata;Una carreggiata a doppio senso;Asciutto;Asfaltata;Verticale ed orizzontale;Sereno;Scarso;Buona;Sufficiente;1;0;0;3;12.47275;41.83961;-1;2;Autovettura privata;In marcia / fermata / arresto;Passeggero;M;Illeso;0;;;
3000008;11;08/10/2016 01:00;Strada Urbana;VIA DELLE TRE FONTANE;all'intersezione semaforizzata con;VIALE DEL PATTINAGGIO;VIALE DEL PATTINAGGIO;;;Scontro frontale/laterale DX fra veicoli in marcia;Intersezione semaforizzata;Una carreggiata a doppio senso;Asciutto;Asfaltata;Verticale ed orizzontale;Sereno;Scarso;Buona;Sufficiente;1;0;0;3;12.47275;41.83961;-1;2;Autovettura privata;In marcia / fermata / arresto;Passeggero;M;Rimandato;0;NON DECEDUTO;;
3000011;11;07/10/2016 15:00;Strada Urbana;VIA FRANCESCO CANGIULLO;in prossimità;;del civico n.;12;;Scontro laterale fra veicoli in marcia;Rettilineo;Una carreggiata a senso unico di marcia;Asciutto;Asfaltata;Verticale;Nuvoloso;Scarso;Buona;Ore Diurne;0;0;0;2;12.48757;41.84371;-1;1;Autovettura privata;In marcia / fermata / arresto;Conducente;F;Illeso;0;;;
3000011;11;07/10/2016 15:00;Strada Urbana;VIA FRANCESCO CANGIULLO;in prossimità;;del civico n.;12;;Scontro laterale fra veicoli in marcia;Rettilineo;Una carreggiata a senso unico di marcia;Asciutto;Asfaltata;Verticale;Nuvoloso;Scarso;Buona;Ore Diurne;0;0;0;2;12.48757;41.84371;-1;2;Autovettura privata;In marcia / fermata / arresto;Conducente;M;Illeso;0;;;
3000019;11;07/10/2016 20:00;Comunale extraurbana;VIA DI TORRICOLA;da specificare;;;;prossimità via di Torricola Vecchia;Veicolo in marcia contro ostacolo accidentale;Rettilineo;Una carreggiata a doppio senso;Bagnato (umidità in atto);Con buche;Orizzontale;Nuvoloso;Scarso;Insufficiente;Inesistente;0;0;0;2;12.5364;41.81195;-1;1;Autovettura privata;In marcia / fermata / arresto;Conducente;F;Illeso;0;;;
3000019;11;07/10/2016 20:00;Comunale extraurbana;VIA DI TORRICOLA;da specificare;;;;prossimità via di Torricola Vecchia;Veicolo in marcia contro ostacolo accidentale;Rettilineo;Una carreggiata a doppio senso;Bagnato (umidità in atto);Con buche;Orizzontale;Nuvoloso;Scarso;Insufficiente;Inesistente;0;0;0;2;12.5364;41.81195;-1;1;Autovettura privata;In marcia / fermata / arresto;Passeggero;M;Illeso;0;;;
3000029;8;07/10/2016 06:50;Regionale entro l'abitato;VIA CASILINA;all'intersezione con;VIA DI PRATAPORCI;VIA DI PRATAPORCI;;;Scontro frontale/laterale SX fra veicoli in marcia;Incrocio;Una carreggiata a doppio senso;Bagnato (pioggia);Asfaltata;Verticale ed orizzontale;Nuvoloso;Intenso;Buona;Ore Diurne;0;0;0;2;12.68537;41.86243;-1;1;Autovettura privata;In marcia / fermata / arresto;Conducente;M;Illeso;0;;Non accertato;Inesploso
3000029;8;07/10/2016 06:50;Regionale entro l'abitato;VIA CASILINA;all'intersezione con;VIA DI PRATAPORCI;VIA DI PRATAPORCI;;;Scontro frontale/laterale SX fra veicoli in marcia;Incrocio;Una carreggiata a doppio senso;Bagnato (pioggia);Asfaltata;Verticale ed orizzontale;Nuvoloso;Intenso;Buona;Ore Diurne;0;0;0;2;12.68537;41.86243;-1;2;Autovettura privata;In marcia / fermata / arresto;Conducente;M;Illeso;0;;Non accertato;Inesploso
3000030;8;07/10/2016 07:45;Strada Urbana;VIALE DELL'ARCHIGINNASIO;da specificare;;;;altezza piazzale Giovanni Paolo II;Fuoriuscita dalla sede stradale;Curva a visuale libera;Una carreggiata a senso unico di marcia;Bagnato (pioggia);Asfaltata;Verticale ed orizzontale;Pioggia in atto;Intenso;Buona;Ore Diurne;1;0;0;0;12.63319;41.85292;-1;1;Autovettura privata;In marcia / fermata / arresto;Conducente;M;Rimandato;0;NON DECEDUTO;Non accertato;Inesploso
3000031;8;07/10/2016 08:40;Strada Urbana;VIA ROMETTA;in corrispondenza;;del civico n.;8;;Veicolo in marcia contro ostacolo accidentale;Rettilineo;Una carreggiata a doppio senso;Bagnato (pioggia);Con buche;Assente;Pioggia in atto;Scarso;Buona;Ore Diurne;0;0;0;1;12.68528;41.86686;-1;1;Autovettura privata;In marcia / fermata / arresto;Conducente;M;Illeso;0;;Non accertato;Inesploso
3000037;8;07/10/2016 09:05;Strada Urbana;VIALE DELL'ARCHIGINNASIO;da specificare;;;;altezza piazzale Giovanni Paolo II;Veicolo in marcia contro ostacolo fisso;Curva a visuale libera;Una carreggiata a senso unico di marcia;Bagnato (umidità in atto);Asfaltata;Verticale ed orizzontale;Pioggia in atto;Scarso;Sufficiente;Ore Diurne;0;0;0;1;12.63311;41.85299;-1;1;Autovettura privata;In marcia / fermata / arresto;Conducente;M;Illeso;0;;Non accertato;Esploso