Protocollo;Gruppo;DataOraIncidente;Localizzazione1;STRADA1;Localizzazione2;STRADA2;Strada02;Chilometrica;DaSpecificare;NaturaIncidente;particolaritastrade;TipoStrada;FondoStradale;Pavimentazione;Segnaletica;CondizioneAtmosferica;Traffico;Visibilita;Illuminazione;NUM_FERITI;NUM_RISERVATA;NUM_MORTI;NUM_ILLESI;Longitudine;Latitudine;Confermato;Progressivo;TipoVeicolo;StatoVeicolo;TipoPersona;Sesso;Tipolesione;Deceduto;DecedutoDopo;CinturaCascoUtilizzato;Airbag
3002725;4;09/10/2016 10:00;Statale entro l'abitato;VIA SALARIA;in prossimità;;del civico n.;691;;Veicolo in marcia contro ostacolo accidentale;Rettilineo;Due carreggiate;Asciutto;Con buche;Verticale ed orizzontale;Sereno;Intenso;Buona;Ore Diurne;0;0;0;1;12.50738;41.94234;-1;1;Autovettura privata;In marcia / fermata / arresto;Conducente;M;Illeso;0;;Non accertato;Inesploso
3002740;17;06/10/2016 11:40;Strada Urbana;PIAZZA CAVOUR;all'intersezione con;VIA MARIANNA DIONIGI;VIA MARIANNA DIONIGI;;;Veicolo in marcia contro ostacolo fisso;Incrocio;Una carreggiata a doppio senso;Bagnato (pioggia);In cubetti di porfido;Verticale ed orizzontale;Pioggia in atto;Scarso;Buona;Ore Diurne;1;0;0;0;12.4707;41.90598;-1;1;Motociclo a solo;In marcia / fermata / arresto;Conducente;F;Rimandato;0;NON DECEDUTO;Non accertato;
3002750;16;08/10/2016 19:15;Strada Urbana;VIA DI DONNA OLIMPIA;in prossimità;;del civico n.;92;;Investimento di pedone;Rettilineo;Una carreggiata a doppio senso;Bagnato (pioggia);Asfaltata;Verticale ed orizzontale;Pioggia in atto;Normale;Sufficiente;Sufficiente;1;0;0;2;12.45357;41.87655;-1;;;;Pedone;F;Rimandato;0;NON DECEDUTO;;
3002750;16;08/10/2016 19:15;Strada Urbana;VIA DI DONNA OLIMPIA;in prossimità;;del civico n.;92;;Investimento di pedone;Rettilineo;Una carreggiata a doppio senso;Bagnato (pioggia);Asfaltata;Verticale ed orizzontale;Pioggia in atto;Normale;Sufficiente;Sufficiente;1;0;0;2;12.45357;41.87655;-1;1;Autovettura privata;In marcia / fermata / arresto;Conducente;F;Illeso;0;;Non accertato;Inesploso
3002750;16;08/10/2016 19:15;Strada Urbana;VIA DI DONNA OLIMPIA;in prossimità;;del civico n.;92;;Investimento di pedone;Rettilineo;Una carreggiata a doppio senso;Bagnato (pioggia);Asfaltata;Verticale ed orizzontale;Pioggia in atto;Normale;Sufficiente;Sufficiente;1;0;0;2;12.45357;41.87655;-1;1;Autovettura privata;In marcia / fermata / arresto;Passeggero;M;Illeso;0;;Non accertato;Inesploso
3002755;12;07/10/2016 15:10;Strada Urbana;VIA CRISTOFORO COLOMBO;da specificare;;;;dir. Roma dopo Piazzale dell'Industria;Scontro frontale/laterale DX fra veicoli in marcia;Rettilineo;Due carreggiate;Asciutto;Asfaltata;Verticale ed orizzontale;Nuvoloso;Intenso;Buona;Sufficiente;0;0;0;3;12.47265;41.83675;-1;1;Autovettura privata;In marcia / fermata / arresto;Conducente;M;Illeso;0;;Utilizzato;Inesploso
3002755;12;07/10/2016 15:10;Strada Urbana;VIA CRISTOFORO COLOMBO;da specificare;;;;dir. Roma dopo Piazzale dell'Industria;Scontro frontale/laterale DX fra veicoli in marcia;Rettilineo;Due carreggiate;Asciutto;Asfaltata;Verticale ed orizzontale;Nuvoloso;Intenso;Buona;Sufficiente;0;0;0;3;12.47265;41.83675;-1;1;Autovettura privata;In marcia / fermata / arresto;Passeggero;M;Illeso;0;;Utilizzato;Inesploso
3002755;12;07/10/2016 15:10;Strada Urbana;VIA CRISTOFORO COLOMBO;da specificare;;;;dir. Roma dopo Piazzale dell'Industria;Scontro frontale/laterale DX fra veicoli in marcia;Rettilineo;Due carreggiate;Asciutto;Asfaltata;Verticale ed orizzontale;Nuvoloso;Intenso;Buona;Sufficiente;0;0;0;3;12.47265;41.83675;-1;2;Autovettura privata;In marcia / fermata / arresto;Conducente;F;Illeso;0;;Utilizzato;Inesploso
3002763;10;09/10/2016 19:40;Strada Urbana;VIA FABRIZIO LUSCINO;all'intersezione con;VIA VALERIO PUBLICOLA;VIA VALERIO PUBLICOLA;;;Scontro frontale/laterale DX fra veicoli in marcia;Incrocio;Una carreggiata a senso unico di marcia;Asciutto;Asfaltata;Verticale ed orizzontale;Sereno;Normale;Buona;Sufficiente;1;0;0;2;12.55592;41.85585;-1;1;Autovettura privata;In marcia / fermata / arresto;Conducente;F;Rimandato;0;NON DECEDUTO;Non accertato;Inesploso
3002763;10;09/10/2016 19:40;Strada Urbana;VIA FABRIZIO LUSCINO;all'intersezione con;VIA VALERIO PUBLICOLA;VIA VALERIO PUBLICOLA;;;Scontro frontale/laterale DX fra veicoli in marcia;Incrocio;Una carreggiata a senso unico di marcia;Asciutto;Asfaltata;Verticale ed orizzontale;Sereno;Normale;Buona;Sufficiente;1;0;0;2;12.55592;41.85585;-1;1;Autovettura privata;In marcia / fermata / arresto;Passeggero;M;Illeso;0;;Non accertato;Inesploso
3002763;10;09/10/2016 19:40;Strada Urbana;VIA FABRIZIO LUSCINO;all'intersezione con;VIA VALERIO PUBLICOLA;VIA VALERIO PUBLICOLA;;;Scontro frontale/laterale DX fra veicoli in marcia;Incrocio;Una carreggiata a senso unico di marcia;Asciutto;Asfaltata;Verticale ed orizzontale;Sereno;Normale;Buona;Sufficiente;1;0;0;2;12.55592;41.85585;-1;2;Autovettura privata;In marcia / fermata / arresto;Conducente;F;Illeso;0;;Non accertato;Inesploso
3002764;2;09/10/2016 13:50;Strada Urbana;VIA RUGGERO FAURO;all'intersezione con;VIALE DELLA MOSCHEA;VIALE DELLA MOSCHEA;;;Tamponamento;Incrocio;Una carreggiata a senso unico di marcia;Asciutto;Asfaltata;Verticale ed orizzontale;Sereno;Scarso;Buona;Ore Diurne;0;0;0;3;12.48756;41.92801;-1;1;Autovettura privata;In marcia / fermata / arresto;Conducente;F;Illeso;0;;;
3002764;2;09/10/2016 13:50;Strada Urbana;VIA RUGGERO FAURO;all'intersezione con;VIALE DELLA MOSCHEA;VIALE DELLA MOSCHEA;;;Tamponamento;Incrocio;Una carreggiata a senso unico di marcia;Asciutto;Asfaltata;Verticale ed orizzontale;Sereno;Scarso;Buona;Ore Diurne;0;0;0;3;12.48756;41.92801;-1;2;Autovettura privata;In marcia / fermata / arresto;Conducente;M;Illeso;0;;;
3002764;2;09/10/2016 13:50;Strada Urbana;VIA RUGGERO FAURO;all'intersezione con;VIALE DELLA MOSCHEA;VIALE DELLA MOSCHEA;;;Tamponamento;Incrocio;Una carreggiata a senso unico di marcia;Asciutto;Asfaltata;Verticale ed orizzontale;Sereno;Scarso;Buona;Ore Diurne;0;0;0;3;12.48756;41.92801;-1;2;Autovettura privata;In marcia / fermata / arresto;Passeggero;M;Illeso;0;;;
3002767;17;09/10/2016 20:25;Strada Urbana;VIA DEGLI SCIPIONI;in prossimità;;del civico n.;89;;Investimento di pedone;Rettilineo;Una carreggiata a senso unico di marcia;Asciutto;Asfaltata;Verticale ed orizzontale;Sereno;Scarso;Buona;Sufficiente;1;0;0;1;12.45835;41.90875;-1;;;;Pedone;F;Ricoverato;0;NON DECEDUTO;;
3002767;17;09/10/2016 20:25;Strada Urbana;VIA DEGLI SCIPIONI;in prossimità;;del civico n.;89;;Investimento di pedone;Rettilineo;Una carreggiata a senso unico di marcia;Asciutto;Asfaltata;Verticale ed orizzontale;Sereno;Scarso;Buona;Sufficiente;1;0;0;1;12.45835;41.90875;-1;1;Motociclo con passeggero;In marcia / fermata / arresto;Conducente;M;Illeso;0;;Non accertato;
3002786;7;09/10/2016 19:45;Strada Urbana;VIA ROMETTA;in corrispondenza;;del civico n.;8;;Veicolo in marcia contro ostacolo fisso;Rettilineo;Una carreggiata a doppio senso;Bagnato (pioggia);Asfaltata;Assente;Nuvoloso;Scarso;Sufficiente;Sufficiente;0;0;0;1;12.68528;41.86686;-1;1;Autovettura privata;In marcia / fermata / arresto;Conducente;M;Illeso;0;;;
3002795;17;09/10/2016 03:40;Strada Urbana;VIA DI BOCCEA;da specificare;;;;fronte civico -ingresso GRA svincolo uscita Boccea;Veicolo in marcia contro ostacolo fisso;Curva a visuale libera;Più di due carreggiate;Bagnato (umidità in atto);Asfaltata;Verticale ed orizzontale;Nuvoloso;Normale;Insufficiente;Insufficiente;0;0;0;1;12.39188;41.91186;-1;1;Autovettura privata;In marcia / fermata / arresto;Conducente;M;Illeso;0;;Non accertato;Inesploso
3002803;2;09/10/2016 14:40;Strada Urbana;LUNGOTEVERE DELL'ACQUA ACETOSA;in corrispondenza;;del civico n.;23;;Veicolo in marcia contro ostacolo fisso;Rettilineo;Due carreggiate;Asciutto;Asfaltata;Verticale ed orizzontale;Sereno;Normale;Buona;Ore Diurne;0;0;0;1;12.47393;41.93557;-1;1;Autovettura privata;In marcia / fermata / arresto;Conducente;M;Illeso;0;;;
3002809;12;07/10/2016 19:00;Strada Urbana;VIALE DELL'OCEANO INDIANO;da specificare;;;;fronte civico 35;Veicolo in marcia contro ostacolo accidentale;Rettilineo;Una carreggiata a doppio senso;Asciutto;Con buche;Verticale ed orizzontale;Nuvoloso;Normale;Sufficiente;Sufficiente;0;0;0;1;12.4486;41.82464;-1;1;Autobus urbano;In marcia / fermata / arresto;Conducente;M;Illeso;0;;Non accertato;Inesploso
3002817;2;09/10/2016 15:35;Strada Urbana;VIA SALARIA;in corrispondenza;;del civico n.;452;;Scontro laterale fra veicoli in marcia;Rettilineo;Una carreggiata a doppio senso;Asciutto;Asfaltata;Verticale ed orizzontale;Sereno;Normale;Buona;Ore Diurne;0;0;0;3;12.50932;41.93296;-1;1;Autovettura privata;In marcia / fermata / arresto;Conducente;M;Illeso;0;;Non accertato;Inesploso
3002817;2;09/10/2016 15:35;Strada Urbana;VIA SALARIA;in corrispondenza;;del civico n.;452;;Scontro laterale fra veicoli in marcia;Rettilineo;Una carreggiata a doppio senso;Asciutto;Asfaltata;Verticale ed orizzontale;Sereno;Normale;Buona;Ore Diurne;0;0;0;3;12.50932;41.93296;-1;1;Autovettura privata;In marcia / fermata / arresto;Passeggero;M;Illeso;0;;Non accertato;Inesploso
3002817;2;09/10/2016 15:35;Strada Urbana;VIA SALARIA;in corrispondenza;;del civico n.;452;;Scontro laterale fra veicoli in marcia;Rettilineo;Una carreggiata a doppio senso;Asciutto;Asfaltata;Verticale ed orizzontale;Sereno;Normale;Buona;Ore Diurne;0;0;0;3;12.50932;41.93296;-1;2;Autovettura privata;In marcia / fermata / arresto;Conducente;M;Illeso;0;;Non accertato;Inesploso
3002828;17;09/10/2016 07:20;Strada Urbana;VIA SILLA;all'intersezione con;VIA DEGLI SCIPIONI;VIA DEGLI SCIPIONI;;;Scontro frontale/laterale SX fra veicoli in marcia;Intersezione stradale segnalata;Una carreggiata a senso unico di marcia;Asciutto;Asfaltata;Verticale ed orizzontale;Sereno;Scarso;Buona;Ore Diurne;1;0;0;3;12.45941;41.90891;-1;1;Autovettura privata;In marcia / fermata / arresto;Passeggero;M;Illeso;0;;;
3002828;17;09/10/2016 07:20;Strada Urbana;VIA SILLA;all'intersezione con;VIA DEGLI SCIPIONI;VIA DEGLI SCIPIONI;;;Scontro frontale/laterale SX fra veicoli in marcia;Intersezione stradale segnalata;Una carreggiata a senso unico di marcia;Asciutto;Asfaltata;Verticale ed orizzontale;Sereno;Scarso;Buona;Ore Diurne;1;0;0;3;12.45941;41.90891;-1;1;Autovettura privata;In marcia / fermata / arresto;Conducente;F;Rifiuta cure immediate;0;NON DECEDUTO;;
3002828;17;09/10/2016 07:20;Strada Urbana;VIA SILLA;all'intersezione con;VIA DEGLI SCIPIONI;VIA DEGLI SCIPIONI;;;Scontro frontale/laterale SX fra veicoli in marcia;Intersezione stradale segnalata;Una carreggiata a senso unico di marcia;Asciutto;Asfaltata;Verticale ed orizzontale;Sereno;Scarso;Buona;Ore Diurne;1;0;0;3;12.45941;41.90891;-1;2;Autovettura privata;In marcia / fermata / arresto;Conducente;M;Illeso;0;;;
3002828;17;09/10/2016 07:20;Strada Urbana;VIA SILLA;all'intersezione con;VIA DEGLI SCIPIONI;VIA DEGLI SCIPIONI;;;Scontro frontale/laterale SX fra veicoli in marcia;Intersezione stradale segnalata;Una carreggiata a senso unico di marcia;Asciutto;Asfaltata;Verticale ed orizzontale;Sereno;Scarso;Buona;Ore Diurne;1;0;0;3;12.45941;41.90891;-1;2;Autovettura privata;In marcia / fermata / arresto;Passeggero;F;Illeso;0;;;
3002864;3;07/10/2016 04:15;Strada Urbana;tang. Est;da specificare;;;;dir.ne Salaria 20 mt prima Galleria Nuova ;Veicolo in marcia contro ostacolo fisso;Curva a visuale libera;Una carreggiata a senso unico di marcia;Bagnato (pioggia);Asfaltata;Verticale ed orizzontale;Nuvoloso;Scarso;Buona;Sufficiente;1;0;0;0;12.50627;41.93785;-1;1;Autovettura privata;In marcia / fermata / arresto;Conducente;M;Rimandato;0;NON DECEDUTO;Non accertato;Inesploso
3002873;7;08/10/2016 14:00;Strada Urbana;VIA DEI LICHENI;all'intersezione con;VIA DELLE BEGONIE;VIA DELLE BEGONIE;;;Veicolo in marcia contro veicolo in sosta;Incrocio;Una carreggiata a senso unico di marcia;Asciutto;Asfaltata;Assente;Nuvoloso;Scarso;Buona;Ore Diurne;0;0;0;1;12.56971;41.87658;-1;2;Autocarro inferiore 35 q.;In marcia / fermata / arresto;Conducente;M;Illeso;0;;;
3002875;12;07/10/2016 19:40;Strada Urbana;VIALE DELL'OCEANO INDIANO;da specificare;;;;fronte civico 35;Veicolo in marcia contro ostacolo accidentale;Rettilineo;Una carreggiata a doppio senso;Asciutto;Con buche;Verticale ed orizzontale;Nuvoloso;Normale;Sufficiente;Ore Diurne;0;0;0;1;12.4486;41.82464;-1;1;Autovettura privata;In marcia / fermata / arresto;Conducente;F;Illeso;0;;Non accertato;Inesploso
3002885;3;07/10/2016 11:10;Strada Urbana;CIRCONVALLAZIONE TIBURTINA;da specificare;;;;tratto sopraelevato fronte civ. 2;Fuoriuscita dalla sede stradale;Curva senza visuale libera;Una carreggiata a senso unico di marcia;Asciutto;Asfaltata;Orizzontale;Nuvoloso;Normale;Buona;Ore Diurne;0;0;0;1;12.52773;41.89919;-1;1;Autovettura privata;In marcia / fermata / arresto;Conducente;M;Illeso;0;;;
3002888;3;07/10/2016 12:00;Strada Urbana;VIA DI S. ANGELA MERICI;in corrispondenza;;del civico n.;1;;Veicolo in marcia contro veicoli in sosta;Rettilineo;Una carreggiata a doppio senso;Asciutto;Asfaltata;Orizzontale;Sereno;Normale;Buona;Ore Diurne;1;0;0;2;12.52225;41.9251;-1;1;Motociclo a solo;In marcia / fermata / arresto;Conducente;M;Rimandato;0;NON DECEDUTO;;
3002888;3;07/10/2016 12:00;Strada Urbana;VIA DI S. ANGELA MERICI;in corrispondenza;;del civico n.;1;;Veicolo in marcia contro veicoli in sosta;Rettilineo;Una carreggiata a doppio senso;Asciutto;Asfaltata;Orizzontale;Sereno;Normale;Buona;Ore Diurne;1;0;0;2;12.52225;41.9251;-1;3;Autovettura privata;In marcia / fermata / arresto;Conducente;M;Illeso;0;;Non accertato;
3002888;3;07/10/2016 12:00;Strada Urbana;VIA DI S. ANGELA MERICI;in corrispondenza;;del civico n.;1;;Veicolo in marcia contro veicoli in sosta;Rettilineo;Una carreggiata a doppio senso;Asciutto;Asfaltata;Orizzontale;Sereno;Normale;Buona;Ore Diurne;1;0;0;2;12.52225;41.9251;-1;3;Autovettura privata;In marcia / fermata / arresto;Passeggero;F;Illeso;0;;Non accertato;
3002915;3;07/10/2016 14:20;Strada Urbana;PIAZZALE DI S. LORENZO;in corrispondenza;;del civico n.;1;;Veicolo in marcia contro veicolo in sosta;Rettilineo;Una carreggiata a doppio senso;Asciutto;Asfaltata;Verticale ed orizzontale;Sereno;Scarso;Buona;Ore Diurne;0;0;0;1;12.51576;41.89305;-1;2;Autovettura privata;In marcia / fermata / arresto;Conducente;M;Illeso;0;;Non accertato;Inesploso
3002919;2;09/10/2016 20:27;Strada Urbana;PIAZZA LAURO DE BOSIS;all'intersezione con;PONTE DUCA D'AOSTA;PONTE DUCA D'AOSTA;;;Veicolo in marcia contro veicolo fermo;Incrocio;Una carreggiata a senso unico di marcia;Asciutto;Asfaltata;Verticale ed orizzontale;Sereno;Scarso;Sufficiente;Sufficiente;1;0;0;2;12.45873;41.93199;-1;1;Autovettura privata;In marcia / fermata / arresto;Conducente;F;Illeso;0;;Non accertato;Inesploso
3002919;2;09/10/2016 20:27;Strada Urbana;PIAZZA LAURO DE BOSIS;all'intersezione con;PONTE DUCA D'AOSTA;PONTE DUCA D'AOSTA;;;Veicolo in marcia contro veicolo fermo;Incrocio;Una carreggiata a senso unico di marcia;Asciutto;Asfaltata;Verticale ed orizzontale;Sereno;Scarso;Sufficiente;Sufficiente;1;0;0;2;12.45873;41.93199;-1;1;Autovettura privata;In marcia / fermata / arresto;Passeggero;F;Illeso;0;;Non accertato;Inesploso
3002919;2;09/10/2016 20:27;Strada Urbana;PIAZZA LAURO DE BOSIS;all'intersezione con;PONTE DUCA D'AOSTA;PONTE DUCA D'AOSTA;;;Veicolo in marcia contro veicolo fermo;Incrocio;Una carreggiata a senso unico di marcia;Asciutto;Asfaltata;Verticale ed orizzontale;Sereno;Scarso;Sufficiente;Sufficiente;1;0;0;2;12.45873;41.93199;-1;2;Autovettura privata;In marcia / fermata / arresto;Conducente;F;Rifiuta cure immediate;0;NON DECEDUTO;Non accertato;Inesploso
3002922;3;07/10/2016 20:30;Strada Urbana;VIALE DI PORTA ARDEATINA;da specificare;;;;in corr. palo luce 72;Tamponamento Multiplo;Rettilineo;Una carreggiata a doppio senso;Asciutto;Asfaltata;Verticale ed orizzontale;Sereno;Normale;Sufficiente;Sufficiente;1;0;0;4;12.49149;41.87481;-1;1;Autovettura privata;In marcia / fermata / arresto;Conducente;M;Illeso;0;;Non accertato;Inesploso
3002922;3;07/10/2016 20:30;Strada Urbana;VIALE DI PORTA ARDEATINA;da specificare;;;;in corr. palo luce 72;Tamponamento Multiplo;Rettilineo;Una carreggiata a doppio senso;Asciutto;Asfaltata;Verticale ed orizzontale;Sereno;Normale;Sufficiente;Sufficiente;1;0;0;4;12.49149;41.87481;-1;1;Autovettura privata;In marcia / fermata / arresto;Passeggero;F;Illeso;0;;Non accertato;Inesploso
3002922;3;07/10/2016 20:30;Strada Urbana;VIALE DI PORTA ARDEATINA;da specificare;;;;in corr. palo luce 72;Tamponamento Multiplo;Rettilineo;Una carreggiata a doppio senso;Asciutto;Asfaltata;Verticale ed orizzontale;Sereno;Normale;Sufficiente;Sufficiente;1;0;0;4;12.49149;41.87481;-1;1;Autovettura privata;In marcia / fermata / arresto;Passeggero;F;Illeso;0;;Non accertato;Inesploso
3002922;3;07/10/2016 20:30;Strada Urbana;VIALE DI PORTA ARDEATINA;da specificare;;;;in corr. palo luce 72;Tamponamento Multiplo;Rettilineo;Una carreggiata a doppio senso;Asciutto;Asfaltata;Verticale ed orizzontale;Sereno;Normale;Sufficiente;Sufficiente;1;0;0;4;12.49149;41.87481;-1;2;Autovettura privata;In marcia / fermata / arresto;Conducente;M;Rimandato;0;NON DECEDUTO;Non accertato;Inesploso
3002922;3;07/10/2016 20:30;Strada Urbana;VIALE DI PORTA ARDEATINA;da specificare;;;;in corr. palo luce 72;Tamponamento Multiplo;Rettilineo;Una carreggiata a doppio senso;Asciutto;Asfaltata;Verticale ed orizzontale;Sereno;Normale;Sufficiente;Sufficiente;1;0;0;4;12.49149;41.87481;-1;3;Autovettura privata;In marcia / fermata / arresto;Conducente;M;Illeso;0;;Non accertato;Inesploso
3002941;3;08/10/2016 15:40;Strada Urbana;VIA TIBURTINA;da specificare;;;;altezza ponte di Portonaccio pross Via Masaniello;Tamponamento;Rettilineo;Una carreggiata a senso unico di marcia;Asciutto;Asfaltata;Verticale ed orizzontale;Nuvoloso;Normale;Buona;Ore Diurne;0;0;0;3;12.53403;41.90825;-1;1;Autovettura privata;In marcia / fermata / arresto;Conducente;M;Illeso;0;;Non accertato;Inesploso
3002941;3;08/10/2016 15:40;Strada Urbana;VIA TIBURTINA;da specificare;;;;altezza ponte di Portonaccio pross Via Masaniello;Tamponamento;Rettilineo;Una carreggiata a senso unico di marcia;Asciutto;Asfaltata;Verticale ed orizzontale;Nuvoloso;Normale;Buona;Ore Diurne;0;0;0;3;12.53403;41.90825;-1;1;Autovettura privata;In marcia / fermata / arresto;Passeggero;M;Illeso;0;;Non accertato;Inesploso
3002941;3;08/10/2016 15:40;Strada Urbana;VIA TIBURTINA;da specificare;;;;altezza ponte di Portonaccio pross Via Masaniello;Tamponamento;Rettilineo;Una carreggiata a senso unico di marcia;Asciutto;Asfaltata;Verticale ed orizzontale;Nuvoloso;Normale;Buona;Ore Diurne;0;0;0;3;12.53403;41.90825;-1;2;Autovettura privata;In marcia / fermata / arresto;Conducente;M;Illeso;0;;Non accertato;Inesploso
3002942;15;10/10/2016 12:10;Strada Urbana;VIA PIETRO FRATTINI;da specificare;;;;altezza palo luce acea n. 45;Tamponamento;Rettilineo;Una carreggiata a doppio senso;Asciutto;Asfaltata;Orizzontale;Nuvoloso;Scarso;Buona;Ore Diurne;2;0;0;1;12.44857;41.8502;-1;1;Autocarro inferiore 35 q.;In marcia / fermata / arresto;Conducente;M;Illeso;0;;Non accertato;Inesploso
3002942;15;10/10/2016 12:10;Strada Urbana;VIA PIETRO FRATTINI;da specificare;;;;altezza palo luce acea n. 45;Tamponamento;Rettilineo;Una carreggiata a doppio senso;Asciutto;Asfaltata;Orizzontale;Nuvoloso;Scarso;Buona;Ore Diurne;2;0;0;1;12.44857;41.8502;-1;2;Autovettura privata;In marcia / fermata / arresto;Conducente;M;Rimandato;0;NON DECEDUTO;Non accertato;Inesploso
3002942;15;10/10/2016 12:10;Strada Urbana;VIA PIETRO FRATTINI;da specificare;;;;altezza palo luce acea n. 45;Tamponamento;Rettilineo;Una carreggiata a doppio senso;Asciutto;Asfaltata;Orizzontale;Nuvoloso;Scarso;Buona;Ore Diurne;2;0;0;1;12.44857;41.8502;-1;2;Autovettura privata;In marcia / fermata / arresto;Passeggero;F;Rimandato;0;NON DECEDUTO;Non accertato;Inesploso
3002947;3;08/10/2016 20:20;Strada Urbana;VIALE DEL MURO TORTO;da specificare;;;;direzione Piazzale Flaminio;Veicolo in marcia contro ostacolo fisso;Curva a visuale libera;Due carreggiate;Bagnato (pioggia);Asfaltata;Verticale ed orizzontale;Nuvoloso;Normale;Sufficiente;Sufficiente;1;0;0;1;12.4817;41.91073;-1;1;Autovettura privata;In marcia / fermata / arresto;Conducente;M;Illeso;0;;;Inesploso
3002947;3;08/10/2016 20:20;Strada Urbana;VIALE DEL MURO TORTO;da specificare;;;;direzione Piazzale Flaminio;Veicolo in marcia contro ostacolo fisso;Curva a visuale libera;Due carreggiate;Bagnato (pioggia);Asfaltata;Verticale ed orizzontale;Nuvoloso;Normale;Sufficiente;Sufficiente;1;0;0;1;12.4817;41.91073;-1;1;Autovettura privata;In marcia / fermata / arresto;Passeggero;F;Rimandato;0;NON DECEDUTO;Non accertato;
3002955;3;08/10/2016 21:30;Strada Urbana;VIA CATANZARO;all'intersezione con;VIA LUNIGIANA;VIA LUNIGIANA;;;Scontro frontale/laterale DX fra veicoli in marcia;Incrocio;Una carreggiata a doppio senso;Bagnato (pioggia);Asfaltata;Verticale ed orizzontale;Pioggia in atto;Normale;Buona;Sufficiente;0;0;0;4;12.51718;41.91186;-1;1;Autovettura privata;In marcia / fermata / arresto;Conducente;M;Illeso;0;;Non accertato;Inesploso
3002955;3;08/10/2016 21:30;Strada Urbana;VIA CATANZARO;all'intersezione con;VIA LUNIGIANA;VIA LUNIGIANA;;;Scontro frontale/laterale DX fra veicoli in marcia;Incrocio;Una carreggiata a doppio senso;Bagnato (pioggia);Asfaltata;Verticale ed orizzontale;Pioggia in atto;Normale;Buona;Sufficiente;0;0;0;4;12.51718;41.91186;-1;1;Autovettura privata;In marcia / fermata / arresto;Passeggero;F;Illeso;0;;Non accertato;Inesploso
3002955;3;08/10/2016 21:30;Strada Urbana;VIA CATANZARO;all'intersezione con;VIA LUNIGIANA;VIA LUNIGIANA;;;Scontro frontale/laterale DX fra veicoli in marcia;Incrocio;Una carreggiata a doppio senso;Bagnato (pioggia);Asfaltata;Verticale ed orizzontale;Pioggia in atto;Normale;Buona;Sufficiente;0;0;0;4;12.51718;41.91186;-1;2;Autovettura pubblica;In marcia / fermata / arresto;Conducente;M;Illeso;0;;Non accertato;Inesploso
3002955;3;08/10/2016 21:30;Strada Urbana;VIA CATANZARO;all'intersezione con;VIA LUNIGIANA;VIA LUNIGIANA;;;Scontro frontale/laterale DX fra veicoli in marcia;Incrocio;Una carreggiata a doppio senso;Bagnato (pioggia);Asfaltata;Verticale ed orizzontale;Pioggia in atto;Normale;Buona;Sufficiente;0;0;0;4;12.51718;41.91186;-1;2;Autovettura pubblica;In marcia / fermata / arresto;Passeggero;F;Illeso;0;;Non accertato;Inesploso
3002991;3;09/10/2016 04:55;Strada Urbana;VIALE BRUNO BUOZZI;all'intersezione semaforizzata con;VIALE DELLE BELLE ARTI;VIALE DELLE BELLE ARTI;;;Veicolo in marcia contro ostacolo fisso;Intersezione semaforizzata;Due carreggiate;Bagnato (pioggia);Asfaltata;Verticale ed orizzontale;Nuvoloso;Scarso;Sufficiente;Ore Diurne;0;0;0;1;12.47488;41.91911;-1;1;Quadriciclo leggero;In marcia / fermata / arresto;Conducente;F;Illeso;0;;Non accertato;Inesistente
3002993;11;10/10/2016 01:00;Strada Urbana;VIA CAMUS;in corrispondenza;;del civico n.;203;;Veicolo in marcia contro veicoli in sosta;Curva a visuale libera;Una carreggiata a doppio senso;Bagnato (umidità in atto);Asfaltata;Orizzontale;Sereno;Scarso;Sufficiente;Sufficiente;0;0;0;1;12.46486;41.80962;-1;1;Autovettura privata;In marcia / fermata / arresto;Conducente;M;Illeso;0;;;
3003036;18;08/10/2016 21:30;Strada Urbana;VIA DI BOCCEA;in prossimità;;del civico n.;571;;Veicolo in marcia contro veicolo fermo;Rettilineo;Una carreggiata a doppio senso;Asciutto;Asfaltata;Assente;Sereno;Normale;Buona;Sufficiente;2;0;0;0;12.37878;41.91639;-1;1;Motociclo con passeggero;In marcia / fermata / arresto;Conducente;F;Rimandato;0;NON DECEDUTO;;
3003036;18;08/10/2016 21:30;Strada Urbana;VIA DI BOCCEA;in prossimità;;del civico n.;571;;Veicolo in marcia contro veicolo fermo;Rettilineo;Una carreggiata a doppio senso;Asciutto;Asfaltata;Assente;Sereno;Normale;Buona;Sufficiente;2;0;0;0;12.37878;41.91639;-1;1;Motociclo con passeggero;In marcia / fermata / arresto;Passeggero;F;Rimandato;0;NON DECEDUTO;Non accertato;
3003038;18;10/10/2016 09:00;Autostrada;VIA DELLA MAGLIANELLA;da specificare;;;;rampa sotto il ponte GRA dir. v. Bondi;Veicolo in marcia contro veicolo fermo;Rettilineo;Una carreggiata a senso unico di marcia;Asciutto;Asfaltata;Verticale ed orizzontale;Sereno;Normale;Buona;Ore Diurne;1;0;0;1;12.38178;41.90343;-1;1;Autovettura privata;In marcia / fermata / arresto;Conducente;M;Illeso;0;;;