Protocollo;Gruppo;DataOraIncidente;Localizzazione1;STRADA1;Localizzazione2;STRADA2;Strada02;Chilometrica;DaSpecificare;NaturaIncidente;particolaritastrade;TipoStrada;FondoStradale;Pavimentazione;Segnaletica;CondizioneAtmosferica;Traffico;Visibilita;Illuminazione;NUM_FERITI;NUM_RISERVATA;NUM_MORTI;NUM_ILLESI;Longitudine;Latitudine;Confermato;Progressivo;TipoVeicolo;StatoVeicolo;TipoPersona;Sesso;Tipolesione;Deceduto;DecedutoDopo;CinturaCascoUtilizzato;Airbag
3005856;8;11/10/2016 14:30;Strada Urbana;VIA MASSA DI SAN GIULIANO;in prossimità;;del civico n.;350;;Scontro laterale fra veicoli in marcia;Rettilineo;Una carreggiata a doppio senso;Bagnato (pioggia);Asfaltata;Orizzontale;Pioggia in atto;Normale;Buona;Ore Diurne;0;0;0;2;12.69023;41.90821;-1;2;Autocarro inferiore 35 q.;In marcia / fermata / arresto;Conducente;M;Illeso;0;;Non accertato;Inesploso
3005860;5;11/10/2016 08:20;Strada Urbana;VIA DI GROTTA DI GREGNA;da specificare;;;;dir. Collatina x viale Sacco e Vanzetti(rotatoria);Scontro laterale fra veicoli in marcia;Rettilineo;Due carreggiate;Asciutto;Asfaltata;Verticale ed orizzontale;Sereno;Intenso;Buona;Ore Diurne;0;0;0;2;12.56493;41.90882;-1;1;Autovettura privata;In marcia / fermata / arresto;Conducente;M;Illeso;0;;Non accertato;Inesploso
3005860;5;11/10/2016 08:20;Strada Urbana;VIA DI GROTTA DI GREGNA;da specificare;;;;dir. Collatina x viale Sacco e Vanzetti(rotatoria);Scontro laterale fra veicoli in marcia;Rettilineo;Due carreggiate;Asciutto;Asfaltata;Verticale ed orizzontale;Sereno;Intenso;Buona;Ore Diurne;0;0;0;2;12.56493;41.90882;-1;2;Autovettura privata;In marcia / fermata / arresto;Conducente;M;Illeso;0;;Non accertato;Inesploso
3005863;8;07/10/2016 10:30;Strada Urbana;VIA DI PASSOLOMBARDO;all'intersezione con;VIA BERKELEY;VIA BERKELEY;;;Veicolo in marcia contro ostacolo accidentale;Incrocio;Una carreggiata a doppio senso;Bagnato (pioggia);Con buche;Verticale ed orizzontale;Pioggia in atto;Normale;Sufficiente;Ore Diurne;0;0;0;1;12.62609;41.84904;-1;1;Autovettura privata;In marcia / fermata / arresto;Conducente;F;Illeso;0;;Non accertato;Inesploso
3005866;8;11/10/2016 14:45;Strada Urbana;VIALE OXFORD;in prossimità;;del palo luce n.;9;;Fuoriuscita dalla sede stradale;Curva senza visuale libera;Una carreggiata a senso unico di marcia;Bagnato (pioggia);Asfaltata;Verticale ed orizzontale;Pioggia in atto;Normale;Sufficiente;Ore Diurne;2;0;0;0;12.62775;41.86036;-1;1;Autovettura privata;In marcia / fermata / arresto;Conducente;M;Rifiuta cure immediate;0;NON DECEDUTO;Non accertato;Esploso
3005866;8;11/10/2016 14:45;Strada Urbana;VIALE OXFORD;in prossimità;;del palo luce n.;9;;Fuoriuscita dalla sede stradale;Curva senza visuale libera;Una carreggiata a senso unico di marcia;Bagnato (pioggia);Asfaltata;Verticale ed orizzontale;Pioggia in atto;Normale;Sufficiente;Ore Diurne;2;0;0;0;12.62775;41.86036;-1;1;Autovettura privata;In marcia / fermata / arresto;Passeggero;F;Rimandato;0;NON DECEDUTO;Non accertato;Esploso
3005868;8;11/10/2016 14:00;Strada Urbana;VIA WALTER TOBAGI;da specificare;;;;fronte Via del Pettirosso;Scontro frontale/laterale SX fra veicoli in marcia;Rettilineo;Una carreggiata a doppio senso;Bagnato (umidità in atto);Asfaltata;Verticale ed orizzontale;Pioggia in atto;Normale;Buona;Ore Diurne;0;0;0;3;12.59738;41.87507;-1;1;Autovettura privata;In marcia / fermata / arresto;Conducente;F;Illeso;0;;Non accertato;Inesploso
3005868;8;11/10/2016 14:00;Strada Urbana;VIA WALTER TOBAGI;da specificare;;;;fronte Via del Pettirosso;Scontro frontale/laterale SX fra veicoli in marcia;Rettilineo;Una carreggiata a doppio senso;Bagnato (umidità in atto);Asfaltata;Verticale ed orizzontale;Pioggia in atto;Normale;Buona;Ore Diurne;0;0;0;3;12.59738;41.87507;-1;2;Autovettura privata;In marcia / fermata / arresto;Conducente;F;Illeso;0;;Non accertato;Inesploso
3005868;8;11/10/2016 14:00;Strada Urbana;VIA WALTER TOBAGI;da specificare;;;;fronte Via del Pettirosso;Scontro frontale/laterale SX fra veicoli in marcia;Rettilineo;Una carreggiata a doppio senso;Bagnato (umidità in atto);Asfaltata;Verticale ed orizzontale;Pioggia in atto;Normale;Buona;Ore Diurne;0;0;0;3;12.59738;41.87507;-1;2;Autovettura privata;In marcia / fermata / arresto;Passeggero;M;Illeso;0;;Non accertato;Inesploso
3005870;5;11/10/2016 09:00;Strada Urbana;VIA DI GROTTA DI GREGNA;all'intersezione con;VIALE FERNANDO SANTI;VIALE FERNANDO SANTI;;;Tamponamento;Rotatoria;Una carreggiata a senso unico di marcia;Asciutto;Asfaltata;Verticale ed orizzontale;Sereno;Scarso;Buona;Ore Diurne;0;0;0;2;12.56532;41.91171;-1;1;Autovettura privata;In marcia / fermata / arresto;Conducente;M;Illeso;0;;Non accertato;Inesploso
3005870;5;11/10/2016 09:00;Strada Urbana;VIA DI GROTTA DI GREGNA;all'intersezione con;VIALE FERNANDO SANTI;VIALE FERNANDO SANTI;;;Tamponamento;Rotatoria;Una carreggiata a senso unico di marcia;Asciutto;Asfaltata;Verticale ed orizzontale;Sereno;Scarso;Buona;Ore Diurne;0;0;0;2;12.56532;41.91171;-1;2;Autovettura privata;In marcia / fermata / arresto;Conducente;M;Illeso;0;;Non accertato;Inesploso
3005875;8;11/10/2016 14:50;Provinciale entro l'abitato;VIA PRENESTINA;in prossimità;;del civico n.;1651;;Scontro frontale/laterale DX fra veicoli in marcia;Rettilineo;Una carreggiata a doppio senso;Bagnato (pioggia);Asfaltata;Verticale;Nuvoloso;Intenso;Buona;Ore Diurne;0;0;0;3;12.68113;41.89047;-1;1;Autovettura privata;In marcia / fermata / arresto;Passeggero;F;Illeso;0;;Non accertato;Inesploso
3005875;8;11/10/2016 14:50;Provinciale entro l'abitato;VIA PRENESTINA;in prossimità;;del civico n.;1651;;Scontro frontale/laterale DX fra veicoli in marcia;Rettilineo;Una carreggiata a doppio senso;Bagnato (pioggia);Asfaltata;Verticale;Nuvoloso;Intenso;Buona;Ore Diurne;0;0;0;3;12.68113;41.89047;-1;1;Autovettura privata;In marcia / fermata / arresto;Conducente;F;Illeso;0;;Non accertato;Inesploso
3005875;8;11/10/2016 14:50;Provinciale entro l'abitato;VIA PRENESTINA;in prossimità;;del civico n.;1651;;Scontro frontale/laterale DX fra veicoli in marcia;Rettilineo;Una carreggiata a doppio senso;Bagnato (pioggia);Asfaltata;Verticale;Nuvoloso;Intenso;Buona;Ore Diurne;0;0;0;3;12.68113;41.89047;-1;2;Autovettura privata;In marcia / fermata / arresto;Conducente;M;Illeso;0;;Non accertato;Inesploso
3005879;8;11/10/2016 15:00;Strada Urbana;VIALE OXFORD;in prossimità;;del palo luce n.;10;;Veicolo in marcia contro ostacolo fisso;Curva senza visuale libera;Due carreggiate;Bagnato (umidità in atto);Asfaltata;Orizzontale;Nuvoloso;Normale;Buona;Ore Diurne;1;0;0;0;12.62775;41.86036;-1;1;Autovettura privata;In marcia / fermata / arresto;Conducente;M;Rifiuta cure immediate;0;NON DECEDUTO;Non accertato;Inesploso
3005880;5;11/10/2016 09:40;Strada Urbana;VIA TIBURTINA;in prossimità;;del civico n.;770;;Scontro laterale fra veicoli in marcia;Rettilineo;Due carreggiate;Asciutto;Asfaltata;Verticale ed orizzontale;Sereno;Normale;Buona;Ore Diurne;0;0;0;4;12.55472;41.91243;-1;1;Autovettura privata;In marcia / fermata / arresto;Conducente;M;Illeso;0;;Non accertato;Inesploso
3005880;5;11/10/2016 09:40;Strada Urbana;VIA TIBURTINA;in prossimità;;del civico n.;770;;Scontro laterale fra veicoli in marcia;Rettilineo;Due carreggiate;Asciutto;Asfaltata;Verticale ed orizzontale;Sereno;Normale;Buona;Ore Diurne;0;0;0;4;12.55472;41.91243;-1;1;Autovettura privata;In marcia / fermata / arresto;Passeggero;M;Illeso;0;;Non accertato;Inesploso
3005880;5;11/10/2016 09:40;Strada Urbana;VIA TIBURTINA;in prossimità;;del civico n.;770;;Scontro laterale fra veicoli in marcia;Rettilineo;Due carreggiate;Asciutto;Asfaltata;Verticale ed orizzontale;Sereno;Normale;Buona;Ore Diurne;0;0;0;4;12.55472;41.91243;-1;2;Autocarro inferiore 35 q.;In marcia / fermata / arresto;Passeggero;M;Illeso;0;;Non accertato;Inesploso
3005880;5;11/10/2016 09:40;Strada Urbana;VIA TIBURTINA;in prossimità;;del civico n.;770;;Scontro laterale fra veicoli in marcia;Rettilineo;Due carreggiate;Asciutto;Asfaltata;Verticale ed orizzontale;Sereno;Normale;Buona;Ore Diurne;0;0;0;4;12.55472;41.91243;-1;2;Autocarro inferiore 35 q.;In marcia / fermata / arresto;Conducente;M;Illeso;0;;Non accertato;Inesploso
3005884;19;11/10/2016 17:40;Strada Urbana;VIA PIEVE DI CADORE;da specificare;;;;Galleria Giovanni XXIII rampa accesso Via Sappada;Scontro laterale fra veicoli in marcia;Rettilineo;Una carreggiata a senso unico di marcia;Bagnato (pioggia);Asfaltata;Verticale ed orizzontale;Pioggia in atto;Normale;Buona;Ore Diurne;0;0;0;3;12.43805;41.93967;-1;1;Autovettura privata;In marcia / fermata / arresto;Conducente;M;Illeso;0;;;
3005884;19;11/10/2016 17:40;Strada Urbana;VIA PIEVE DI CADORE;da specificare;;;;Galleria Giovanni XXIII rampa accesso Via Sappada;Scontro laterale fra veicoli in marcia;Rettilineo;Una carreggiata a senso unico di marcia;Bagnato (pioggia);Asfaltata;Verticale ed orizzontale;Pioggia in atto;Normale;Buona;Ore Diurne;0;0;0;3;12.43805;41.93967;-1;1;Autovettura privata;In marcia / fermata / arresto;Passeggero;M;Illeso;0;;;
3005884;19;11/10/2016 17:40;Strada Urbana;VIA PIEVE DI CADORE;da specificare;;;;Galleria Giovanni XXIII rampa accesso Via Sappada;Scontro laterale fra veicoli in marcia;Rettilineo;Una carreggiata a senso unico di marcia;Bagnato (pioggia);Asfaltata;Verticale ed orizzontale;Pioggia in atto;Normale;Buona;Ore Diurne;0;0;0;3;12.43805;41.93967;-1;2;Autovettura privata;In marcia / fermata / arresto;Conducente;M;Illeso;0;;;
3005887;20;11/10/2016 16:45;Strada Urbana;VIA FORNACE VIGNOLO;da specificare;;;;prossimità VIA FLAMINIA;Scontro frontale fra veicoli in marcia;Curva senza visuale libera;Una carreggiata a doppio senso;Bagnato (pioggia);Asfaltata;Verticale;Nuvoloso;Intenso;Buona;Ore Diurne;1;0;0;1;12.4992;41.98932;-1;1;Autovettura privata;In marcia / fermata / arresto;Conducente;F;Illeso;0;;Non accertato;Esploso
3005887;20;11/10/2016 16:45;Strada Urbana;VIA FORNACE VIGNOLO;da specificare;;;;prossimità VIA FLAMINIA;Scontro frontale fra veicoli in marcia;Curva senza visuale libera;Una carreggiata a doppio senso;Bagnato (pioggia);Asfaltata;Verticale;Nuvoloso;Intenso;Buona;Ore Diurne;1;0;0;1;12.4992;41.98932;-1;2;Autovettura privata;In marcia / fermata / arresto;Conducente;M;Rifiuta cure immediate;0;NON DECEDUTO;Non accertato;Inesploso
3005889;5;11/10/2016 13:00;Strada Urbana;VIA DI PORTONACCIO;in prossimità;;del civico n.;154;;Scontro laterale fra veicoli in marcia;Rettilineo;Due carreggiate;Asciutto;Asfaltata;Orizzontale;Nuvoloso;Intenso;Buona;Ore Diurne;0;0;0;3;12.53844;41.89848;-1;1;Autocarro inferiore 35 q.;In marcia / fermata / arresto;Passeggero;M;Illeso;0;;Non accertato;Inesploso
3005889;5;11/10/2016 13:00;Strada Urbana;VIA DI PORTONACCIO;in prossimità;;del civico n.;154;;Scontro laterale fra veicoli in marcia;Rettilineo;Due carreggiate;Asciutto;Asfaltata;Orizzontale;Nuvoloso;Intenso;Buona;Ore Diurne;0;0;0;3;12.53844;41.89848;-1;1;Autocarro inferiore 35 q.;In marcia / fermata / arresto;Conducente;M;Illeso;0;;Non accertato;Inesploso
3005889;5;11/10/2016 13:00;Strada Urbana;VIA DI PORTONACCIO;in prossimità;;del civico n.;154;;Scontro laterale fra veicoli in marcia;Rettilineo;Due carreggiate;Asciutto;Asfaltata;Orizzontale;Nuvoloso;Intenso;Buona;Ore Diurne;0;0;0;3;12.53844;41.89848;-1;2;Autocarro inferiore 35 q.;In marcia / fermata / arresto;Conducente;M;Illeso;0;;Non accertato;Inesploso
3005893;5;11/10/2016 15:25;Strada Urbana;VIALE PALMIRO TOGLIATTI;in prossimità;;del civico n.;1467;;Scontro laterale fra veicoli in marcia;Rettilineo;Due carreggiate;Bagnato (pioggia);Asfaltata;Verticale ed orizzontale;Nuvoloso;Normale;Buona;Ore Diurne;1;0;0;1;12.57202;41.9114;-1;1;Motociclo a solo;In marcia / fermata / arresto;Conducente;M;Rimandato;0;NON DECEDUTO;Non accertato;
3005893;5;11/10/2016 15:25;Strada Urbana;VIALE PALMIRO TOGLIATTI;in prossimità;;del civico n.;1467;;Scontro laterale fra veicoli in marcia;Rettilineo;Due carreggiate;Bagnato (pioggia);Asfaltata;Verticale ed orizzontale;Nuvoloso;Normale;Buona;Ore Diurne;1;0;0;1;12.57202;41.9114;-1;2;Autovettura privata;In marcia / fermata / arresto;Conducente;F;Illeso;0;;Non accertato;Inesploso
3005899;1;09/10/2016 05:25;Strada Urbana;VIA DELL'AMBA ARADAM;all'intersezione semaforizzata con;VIA DEI LATERANI;VIA DEI LATERANI;;;Veicolo in marcia contro ostacolo accidentale;Intersezione semaforizzata;Una carreggiata a doppio senso;Asciutto;Asfaltata;Verticale ed orizzontale;Sereno;Normale;Buona;Sufficiente;0;0;0;1;12.50278;41.88546;-1;1;Autobus di linea;In marcia / fermata / arresto;Conducente;M;Illeso;0;;Esente;Inesploso
3005903;5;11/10/2016 18:40;Strada Urbana;VIALE GIUSEPPE CAPPI;all'intersezione con;VIA BELMONTE IN SABINA;VIA BELMONTE IN SABINA;;;Scontro laterale fra veicoli in marcia;Intersezione stradale segnalata;Due carreggiate;Bagnato (pioggia);Asfaltata;Verticale ed orizzontale;Nuvoloso;Normale;Buona;Ore Diurne;0;0;0;4;12.58834;41.94538;-1;1;Autovettura privata;In marcia / fermata / arresto;Conducente;M;Illeso;0;;Non accertato;Inesploso
3005903;5;11/10/2016 18:40;Strada Urbana;VIALE GIUSEPPE CAPPI;all'intersezione con;VIA BELMONTE IN SABINA;VIA BELMONTE IN SABINA;;;Scontro laterale fra veicoli in marcia;Intersezione stradale segnalata;Due carreggiate;Bagnato (pioggia);Asfaltata;Verticale ed orizzontale;Nuvoloso;Normale;Buona;Ore Diurne;0;0;0;4;12.58834;41.94538;-1;1;Autovettura privata;In marcia / fermata / arresto;Passeggero;M;Illeso;0;;Non accertato;Inesploso
3005903;5;11/10/2016 18:40;Strada Urbana;VIALE GIUSEPPE CAPPI;all'intersezione con;VIA BELMONTE IN SABINA;VIA BELMONTE IN SABINA;;;Scontro laterale fra veicoli in marcia;Intersezione stradale segnalata;Due carreggiate;Bagnato (pioggia);Asfaltata;Verticale ed orizzontale;Nuvoloso;Normale;Buona;Ore Diurne;0;0;0;4;12.58834;41.94538;-1;2;Autovettura privata;In marcia / fermata / arresto;Conducente;M;Illeso;0;;Non accertato;Inesploso
3005903;5;11/10/2016 18:40;Strada Urbana;VIALE GIUSEPPE CAPPI;all'intersezione con;VIA BELMONTE IN SABINA;VIA BELMONTE IN SABINA;;;Scontro laterale fra veicoli in marcia;Intersezione stradale segnalata;Due carreggiate;Bagnato (pioggia);Asfaltata;Verticale ed orizzontale;Nuvoloso;Normale;Buona;Ore Diurne;0;0;0;4;12.58834;41.94538;-1;3;Autovettura privata;In marcia / fermata / arresto;Conducente;M;Illeso;0;;Non accertato;Inesploso
3005912;20;11/10/2016 16:00;Strada Urbana;VIALE DEL FORO ITALICO;da specificare;;;;altezza rampa direzione Tor di Quinto GRA;Scontro frontale/laterale SX fra veicoli in marcia;Rettilineo;Due carreggiate;Bagnato (pioggia);Asfaltata;Orizzontale;Nuvoloso;Intenso;Buona;Ore Diurne;1;0;0;1;12.45717;41.93256;-1;1;Autovettura privata;In marcia / fermata / arresto;Conducente;M;Illeso;0;;Non accertato;
3005912;20;11/10/2016 16:00;Strada Urbana;VIALE DEL FORO ITALICO;da specificare;;;;altezza rampa direzione Tor di Quinto GRA;Scontro frontale/laterale SX fra veicoli in marcia;Rettilineo;Due carreggiate;Bagnato (pioggia);Asfaltata;Orizzontale;Nuvoloso;Intenso;Buona;Ore Diurne;1;0;0;1;12.45717;41.93256;-1;2;Motociclo a solo;In marcia / fermata / arresto;Conducente;M;Rimandato;0;NON DECEDUTO;Non accertato;
3005919;16;11/10/2016 07:50;Strada Urbana;VIA DI BRAVA;all'intersezione con;VIA FILIPPO GRISPIGNI;VIA FILIPPO GRISPIGNI;;;Scontro frontale/laterale SX fra veicoli in marcia;Intersezione stradale segnalata;Una carreggiata a doppio senso;Asciutto;Asfaltata;Assente;Sereno;Normale;Sufficiente;Ore Diurne;1;0;0;1;12.38112;41.87517;-1;1;Autovettura privata;In marcia / fermata / arresto;Conducente;F;Illeso;0;;Non accertato;Inesploso
3005919;16;11/10/2016 07:50;Strada Urbana;VIA DI BRAVA;all'intersezione con;VIA FILIPPO GRISPIGNI;VIA FILIPPO GRISPIGNI;;;Scontro frontale/laterale SX fra veicoli in marcia;Intersezione stradale segnalata;Una carreggiata a doppio senso;Asciutto;Asfaltata;Assente;Sereno;Normale;Sufficiente;Ore Diurne;1;0;0;1;12.38112;41.87517;-1;2;Motociclo a solo;In marcia / fermata / arresto;Conducente;M;Rimandato;0;NON DECEDUTO;Non accertato;
3005933;4;11/10/2016 09:00;Strada Urbana;VIA ELSA DE' GIORGI;da specificare;;;;fronte civico 6;Scontro laterale fra veicoli in marcia;Rettilineo;Due carreggiate;Bagnato (pioggia);Asfaltata;Verticale ed orizzontale;Nuvoloso;Normale;Buona;Ore Diurne;1;0;0;1;12.53938;41.96804;-1;1;Autovettura privata;In marcia / fermata / arresto;Conducente;M;Illeso;0;;Non accertato;Inesploso
3005933;4;11/10/2016 09:00;Strada Urbana;VIA ELSA DE' GIORGI;da specificare;;;;fronte civico 6;Scontro laterale fra veicoli in marcia;Rettilineo;Due carreggiate;Bagnato (pioggia);Asfaltata;Verticale ed orizzontale;Nuvoloso;Normale;Buona;Ore Diurne;1;0;0;1;12.53938;41.96804;-1;2;Motociclo a solo;In marcia / fermata / arresto;Conducente;M;Rimandato;0;NON DECEDUTO;Non accertato;
3005943;11;12/10/2016 07:25;Strada Urbana;CIRCONVALLAZIONE OSTIENSE;da specificare;;;;fronte Via N. da Pistoia;Scontro frontale/laterale SX fra veicoli in marcia;Rettilineo;Due carreggiate;Asciutto;Asfaltata;Verticale ed orizzontale;Sereno;Normale;Buona;Ore Diurne;0;0;0;2;12.49049;41.86711;-1;1;Autocarro inferiore 35 q.;In marcia / fermata / arresto;Conducente;M;Illeso;0;;Non accertato;Inesploso
3005943;11;12/10/2016 07:25;Strada Urbana;CIRCONVALLAZIONE OSTIENSE;da specificare;;;;fronte Via N. da Pistoia;Scontro frontale/laterale SX fra veicoli in marcia;Rettilineo;Due carreggiate;Asciutto;Asfaltata;Verticale ed orizzontale;Sereno;Normale;Buona;Ore Diurne;0;0;0;2;12.49049;41.86711;-1;2;Motociclo a solo;In marcia / fermata / arresto;Conducente;M;Illeso;0;;Non accertato;
3005944;16;11/10/2016 09:00;Strada Urbana;VIA AURELIA ANTICA;in corrispondenza;;del civico n.;183;;Scontro frontale/laterale SX fra veicoli in marcia;Rettilineo;Due carreggiate;Asciutto;Asfaltata;Verticale ed orizzontale;Nuvoloso;Normale;Buona;Ore Diurne;0;0;0;2;12.4451;41.8891;-1;1;Motociclo a solo;In marcia / fermata / arresto;Conducente;M;Illeso;0;;Non accertato;
3005944;16;11/10/2016 09:00;Strada Urbana;VIA AURELIA ANTICA;in corrispondenza;;del civico n.;183;;Scontro frontale/laterale SX fra veicoli in marcia;Rettilineo;Due carreggiate;Asciutto;Asfaltata;Verticale ed orizzontale;Nuvoloso;Normale;Buona;Ore Diurne;0;0;0;2;12.4451;41.8891;-1;2;Velocipede;In marcia / fermata / arresto;Conducente;M;Illeso;0;;Esente;
3005959;20;11/10/2016 09:45;Strada Urbana;VIA CASSIA;in prossimità;;del civico n.;340;;Scontro laterale fra veicoli in marcia;Rettilineo;Una carreggiata a doppio senso;Asciutto;Asfaltata;Verticale ed orizzontale;Sereno;Normale;Buona;Ore Diurne;0;0;0;2;12.45658;41.95392;-1;1;Autovettura privata;In marcia / fermata / arresto;Conducente;M;Illeso;0;;;
3005959;20;11/10/2016 09:45;Strada Urbana;VIA CASSIA;in prossimità;;del civico n.;340;;Scontro laterale fra veicoli in marcia;Rettilineo;Una carreggiata a doppio senso;Asciutto;Asfaltata;Verticale ed orizzontale;Sereno;Normale;Buona;Ore Diurne;0;0;0;2;12.45658;41.95392;-1;2;Autocarro inferiore 35 q.;In marcia / fermata / arresto;Conducente;M;Illeso;0;;;
3005960;4;11/10/2016 13:10;Strada Urbana;VIA DELLE ISOLE CURZOLANE;all'intersezione con;VIA MONTE PETROSO;VIA MONTE PETROSO;;;Scontro frontale/laterale SX fra veicoli in marcia;Incrocio;Due carreggiate;Bagnato (pioggia);Asfaltata;Verticale;Pioggia in atto;Scarso;Buona;Ore Diurne;0;0;0;3;12.52874;41.94962;-1;1;Autovettura privata;In marcia / fermata / arresto;Conducente;M;Illeso;0;;;
3005960;4;11/10/2016 13:10;Strada Urbana;VIA DELLE ISOLE CURZOLANE;all'intersezione con;VIA MONTE PETROSO;VIA MONTE PETROSO;;;Scontro frontale/laterale SX fra veicoli in marcia;Incrocio;Due carreggiate;Bagnato (pioggia);Asfaltata;Verticale;Pioggia in atto;Scarso;Buona;Ore Diurne;0;0;0;3;12.52874;41.94962;-1;2;Autovettura privata;In marcia / fermata / arresto;Conducente;M;Illeso;0;;Non accertato;
3005960;4;11/10/2016 13:10;Strada Urbana;VIA DELLE ISOLE CURZOLANE;all'intersezione con;VIA MONTE PETROSO;VIA MONTE PETROSO;;;Scontro frontale/laterale SX fra veicoli in marcia;Incrocio;Due carreggiate;Bagnato (pioggia);Asfaltata;Verticale;Pioggia in atto;Scarso;Buona;Ore Diurne;0;0;0;3;12.52874;41.94962;-1;2;Autovettura privata;In marcia / fermata / arresto;Passeggero;F;Illeso;0;;Non accertato;
3005971;10;12/10/2016 07:30;Strada Urbana;PIAZZA FABIO SABATINI;all'intersezione con;VIALE ANTONIO CIAMARRA;VIALE ANTONIO CIAMARRA;;;Scontro frontale/laterale DX fra veicoli in marcia;Rotatoria;Una carreggiata a senso unico di marcia;Asciutto;Asfaltata;Verticale ed orizzontale;Sereno;Normale;Buona;Ore Diurne;1;0;0;1;12.59077;41.84709;-1;2;Autovettura privata;In marcia / fermata / arresto;Conducente;F;Rimandato;0;NON DECEDUTO;Non accertato;Inesploso
3005971;10;12/10/2016 07:30;Strada Urbana;PIAZZA FABIO SABATINI;all'intersezione con;VIALE ANTONIO CIAMARRA;VIALE ANTONIO CIAMARRA;;;Scontro frontale/laterale DX fra veicoli in marcia;Rotatoria;Una carreggiata a senso unico di marcia;Asciutto;Asfaltata;Verticale ed orizzontale;Sereno;Normale;Buona;Ore Diurne;1;0;0;1;12.59077;41.84709;-1;2;Autovettura privata;In marcia / fermata / arresto;Passeggero;M;Illeso;0;;Non accertato;Inesploso
3005975;16;11/10/2016 14:00;Strada Urbana;CIRCONVALLAZIONE GIANICOLENSE;da specificare;;;;IN PROSSIMITA' DI VIA MAJORANA;Scontro laterale fra veicoli in marcia;Rettilineo;Più di due carreggiate;Bagnato (pioggia);Asfaltata;Verticale;Pioggia in atto;Normale;Buona;Ore Diurne;0;0;0;2;12.44956;41.87247;-1;1;Autovettura privata;In marcia / fermata / arresto;Conducente;F;Illeso;0;;Non accertato;Inesploso
3005975;16;11/10/2016 14:00;Strada Urbana;CIRCONVALLAZIONE GIANICOLENSE;da specificare;;;;IN PROSSIMITA' DI VIA MAJORANA;Scontro laterale fra veicoli in marcia;Rettilineo;Più di due carreggiate;Bagnato (pioggia);Asfaltata;Verticale;Pioggia in atto;Normale;Buona;Ore Diurne;0;0;0;2;12.44956;41.87247;-1;2;Autobus di linea;Allontanatosi;Conducente;M;Illeso;0;;Non accertato;
3005977;1;09/10/2016 01:10;Strada Urbana;PIAZZA DI PORTA S. GIOVANNI;all'intersezione semaforizzata con;VIA EMANUELE FILIBERTO;VIA EMANUELE FILIBERTO;;;Scontro laterale fra veicoli in marcia;Intersezione semaforizzata;Più di due carreggiate;Bagnato (umidità in atto);Asfaltata;Verticale ed orizzontale;Sereno;Scarso;Sufficiente;Sufficiente;0;0;0;3;9.644;45.397;-1;1;Autovettura privata;In marcia / fermata / arresto;Conducente;F;Illeso;0;;Non accertato;Inesploso
3005977;1;09/10/2016 01:10;Strada Urbana;PIAZZA DI PORTA S. GIOVANNI;all'intersezione semaforizzata con;VIA EMANUELE FILIBERTO;VIA EMANUELE FILIBERTO;;;Scontro laterale fra veicoli in marcia;Intersezione semaforizzata;Più di due carreggiate;Bagnato (umidità in atto);Asfaltata;Verticale ed orizzontale;Sereno;Scarso;Sufficiente;Sufficiente;0;0;0;3;9.644;45.397;-1;2;Autovettura privata;In marcia / fermata / arresto;Conducente;M;Illeso;0;;Non accertato;Inesploso
3005977;1;09/10/2016 01:10;Strada Urbana;PIAZZA DI PORTA S. GIOVANNI;all'intersezione semaforizzata con;VIA EMANUELE FILIBERTO;VIA EMANUELE FILIBERTO;;;Scontro laterale fra veicoli in marcia;Intersezione semaforizzata;Più di due carreggiate;Bagnato (umidità in atto);Asfaltata;Verticale ed orizzontale;Sereno;Scarso;Sufficiente;Sufficiente;0;0;0;3;9.644;45.397;-1;2;Autovettura privata;In marcia / fermata / arresto;Passeggero;F;Illeso;0;;Non accertato;Inesploso
3005981;20;12/10/2016 07:30;Strada Urbana;VIA DELLA GIUSTINIANA;in prossimità;;del civico n.;121;;Scontro laterale fra veicoli in marcia;Rettilineo;Una carreggiata a doppio senso;Asciutto;Asfaltata;Verticale ed orizzontale;Sereno;Normale;Buona;Ore Diurne;0;0;0;2;12.48312;42.00373;-1;1;Autovettura privata;In marcia / fermata / arresto;Conducente;M;Illeso;0;;Non accertato;Inesploso
3005981;20;12/10/2016 07:30;Strada Urbana;VIA DELLA GIUSTINIANA;in prossimità;;del civico n.;121;;Scontro laterale fra veicoli in marcia;Rettilineo;Una carreggiata a doppio senso;Asciutto;Asfaltata;Verticale ed orizzontale;Sereno;Normale;Buona;Ore Diurne;0;0;0;2;12.48312;42.00373;-1;2;Autovettura privata;In marcia / fermata / arresto;Conducente;M;Illeso;0;;Non accertato;Inesploso
3005985;4;11/10/2016 19:40;Strada Urbana;VIA VIRGILIO TALLI;all'intersezione semaforizzata con;VIALE LINA CAVALIERI;VIALE LINA CAVALIERI;;;Scontro frontale/laterale DX fra veicoli in marcia;Incrocio;Due carreggiate;Asciutto;Asfaltata;Verticale ed orizzontale;Nuvoloso;Normale;Buona;Sufficiente;2;0;0;1;12.52311;41.96455;-1;1;Autovettura privata;In marcia / fermata / arresto;Conducente;M;Rifiuta cure immediate;0;NON DECEDUTO;;