Protocollo;Gruppo;DataOraIncidente;Localizzazione1;STRADA1;Localizzazione2;STRADA2;Strada02;Chilometrica;DaSpecificare;NaturaIncidente;particolaritastrade;TipoStrada;FondoStradale;Pavimentazione;Segnaletica;CondizioneAtmosferica;Traffico;Visibilita;Illuminazione;NUM_FERITI;NUM_RISERVATA;NUM_MORTI;NUM_ILLESI;Longitudine;Latitudine;Confermato;Progressivo;TipoVeicolo;StatoVeicolo;TipoPersona;Sesso;Tipolesione;Deceduto;DecedutoDopo;CinturaCascoUtilizzato;Airbag
3009479;20;13/10/2016 16:00;Strada Urbana;VIA CONCESIO;da specificare;;;;prossimità curva dopo centro sportivo Jolly;Scontro frontale/laterale SX fra veicoli in marcia;Curva senza visuale libera;Una carreggiata a doppio senso;Bagnato (pioggia);Asfaltata;Orizzontale;Nuvoloso;Normale;Sufficiente;Ore Diurne;3;0;0;2;12.48347;42.00782;-1;1;Autovettura privata;In marcia / fermata / arresto;Conducente;F;Illeso;0;;Non accertato;
3009479;20;13/10/2016 16:00;Strada Urbana;VIA CONCESIO;da specificare;;;;prossimità curva dopo centro sportivo Jolly;Scontro frontale/laterale SX fra veicoli in marcia;Curva senza visuale libera;Una carreggiata a doppio senso;Bagnato (pioggia);Asfaltata;Orizzontale;Nuvoloso;Normale;Sufficiente;Ore Diurne;3;0;0;2;12.48347;42.00782;-1;1;Autovettura privata;In marcia / fermata / arresto;Passeggero;F;Rimandato;0;NON DECEDUTO;Non accertato;
3009479;20;13/10/2016 16:00;Strada Urbana;VIA CONCESIO;da specificare;;;;prossimità curva dopo centro sportivo Jolly;Scontro frontale/laterale SX fra veicoli in marcia;Curva senza visuale libera;Una carreggiata a doppio senso;Bagnato (pioggia);Asfaltata;Orizzontale;Nuvoloso;Normale;Sufficiente;Ore Diurne;3;0;0;2;12.48347;42.00782;-1;1;Autovettura privata;In marcia / fermata / arresto;Passeggero;M;Illeso;0;;Non accertato;
3009479;20;13/10/2016 16:00;Strada Urbana;VIA CONCESIO;da specificare;;;;prossimità curva dopo centro sportivo Jolly;Scontro frontale/laterale SX fra veicoli in marcia;Curva senza visuale libera;Una carreggiata a doppio senso;Bagnato (pioggia);Asfaltata;Orizzontale;Nuvoloso;Normale;Sufficiente;Ore Diurne;3;0;0;2;12.48347;42.00782;-1;1;Autovettura privata;In marcia / fermata / arresto;Passeggero;M;Rimandato;0;NON DECEDUTO;Non accertato;
3009479;20;13/10/2016 16:00;Strada Urbana;VIA CONCESIO;da specificare;;;;prossimità curva dopo centro sportivo Jolly;Scontro frontale/laterale SX fra veicoli in marcia;Curva senza visuale libera;Una carreggiata a doppio senso;Bagnato (pioggia);Asfaltata;Orizzontale;Nuvoloso;Normale;Sufficiente;Ore Diurne;3;0;0;2;12.48347;42.00782;-1;2;Autovettura privata;In marcia / fermata / arresto;Conducente;M;Rimandato;0;NON DECEDUTO;Non accertato;
3009492;4;13/10/2016 07:25;Statale;VIA SALARIA;in prossimità;;del civico n.;2045;;Tamponamento Multiplo;Rettilineo;Una carreggiata a doppio senso;Asciutto;Asfaltata;Orizzontale;Nuvoloso;Normale;Buona;Ore Diurne;0;0;0;3;12.56752;42.0452;-1;1;Autovettura privata;In marcia / fermata / arresto;Conducente;M;Illeso;0;;Non accertato;
3009492;4;13/10/2016 07:25;Statale;VIA SALARIA;in prossimità;;del civico n.;2045;;Tamponamento Multiplo;Rettilineo;Una carreggiata a doppio senso;Asciutto;Asfaltata;Orizzontale;Nuvoloso;Normale;Buona;Ore Diurne;0;0;0;3;12.56752;42.0452;-1;2;Autovettura privata;In marcia / fermata / arresto;Conducente;M;Illeso;0;;Non accertato;
3009492;4;13/10/2016 07:25;Statale;VIA SALARIA;in prossimità;;del civico n.;2045;;Tamponamento Multiplo;Rettilineo;Una carreggiata a doppio senso;Asciutto;Asfaltata;Orizzontale;Nuvoloso;Normale;Buona;Ore Diurne;0;0;0;3;12.56752;42.0452;-1;3;Autovettura privata;In marcia / fermata / arresto;Conducente;F;Illeso;0;;Non accertato;
3009498;13;13/10/2016 10:50;Strada Urbana;VIA DELLA GENTE SALINATORIA;all'intersezione semaforizzata con;VIA DEL MARE;VIA DEL MARE;;;Scontro laterale fra veicoli in marcia;Intersezione semaforizzata;Una carreggiata a senso unico di marcia;Asciutto;Asfaltata;Verticale ed orizzontale;Nuvoloso;Normale;Buona;Ore Diurne;0;0;0;2;12.30381;41.7597;-1;1;Autovettura privata;In marcia / fermata / arresto;Conducente;M;Illeso;0;;Non accertato;Inesploso
3009498;13;13/10/2016 10:50;Strada Urbana;VIA DELLA GENTE SALINATORIA;all'intersezione semaforizzata con;VIA DEL MARE;VIA DEL MARE;;;Scontro laterale fra veicoli in marcia;Intersezione semaforizzata;Una carreggiata a senso unico di marcia;Asciutto;Asfaltata;Verticale ed orizzontale;Nuvoloso;Normale;Buona;Ore Diurne;0;0;0;2;12.30381;41.7597;-1;2;Autovettura privata;In marcia / fermata / arresto;Conducente;M;Illeso;0;;Non accertato;Inesploso
3009500;20;13/10/2016 19:55;Strada Urbana;VIALE ANTONINO DI SAN GIULIANO;da specificare;;;;in prossimita' via dei Robilant;Veicolo in marcia contro ostacolo accidentale;Rettilineo;Una carreggiata a senso unico di marcia;Bagnato (umidità in atto);Asfaltata;Verticale ed orizzontale;Nuvoloso;Scarso;Buona;Sufficiente;0;0;0;1;12.46261;41.93537;-1;1;Motociclo a solo;In marcia / fermata / arresto;Conducente;M;Illeso;0;;Non accertato;
3009506;12;13/10/2016 12:40;Strada Urbana;VIALE DELL'OCEANO ATLANTICO;in prossimità;;del civico n.;248;;Veicoli in marcia contro veicolo fermo;Rettilineo;Due carreggiate;Asciutto;Asfaltata;Verticale ed orizzontale;Nuvoloso;Normale;Sufficiente;Ore Diurne;0;0;0;3;12.46538;41.81888;-1;1;Autovettura privata;In marcia / fermata / arresto;Conducente;F;Illeso;0;;Utilizzato;Inesploso
3009506;12;13/10/2016 12:40;Strada Urbana;VIALE DELL'OCEANO ATLANTICO;in prossimità;;del civico n.;248;;Veicoli in marcia contro veicolo fermo;Rettilineo;Due carreggiate;Asciutto;Asfaltata;Verticale ed orizzontale;Nuvoloso;Normale;Sufficiente;Ore Diurne;0;0;0;3;12.46538;41.81888;-1;2;Autovettura privata;In marcia / fermata / arresto;Conducente;M;Illeso;0;;Utilizzato;Inesploso
3009506;12;13/10/2016 12:40;Strada Urbana;VIALE DELL'OCEANO ATLANTICO;in prossimità;;del civico n.;248;;Veicoli in marcia contro veicolo fermo;Rettilineo;Due carreggiate;Asciutto;Asfaltata;Verticale ed orizzontale;Nuvoloso;Normale;Sufficiente;Ore Diurne;0;0;0;3;12.46538;41.81888;-1;3;Autovettura privata;In marcia / fermata / arresto;Conducente;M;Illeso;0;;Utilizzato;Esploso
3009512;11;14/10/2016 07:50;Strada Urbana;CIRCONVALLAZIONE OSTIENSE;in corrispondenza;;del civico n.;148;;Veicolo in marcia contro veicolo in sosta;Rettilineo;Due carreggiate;Asciutto;Asfaltata;Verticale ed orizzontale;Nuvoloso;Normale;Buona;Ore Diurne;0;0;0;1;12.48649;41.86702;-1;2;Autocarro inferiore 35 q.;In marcia / fermata / arresto;Conducente;M;Illeso;0;;Non accertato;Inesistente
3009519;7;13/10/2016 12:30;Strada Urbana;VIA DELL'INCORONATA;all'intersezione con;VIALE ALESSANDRINO;VIALE ALESSANDRINO;;;Scontro frontale fra veicoli in marcia;Incrocio;Una carreggiata a doppio senso;Bagnato (pioggia);Asfaltata;Verticale ed orizzontale;Pioggia in atto;Scarso;Buona;Ore Diurne;1;0;0;1;12.57646;41.88817;-1;1;Autovettura privata;In marcia / fermata / arresto;Conducente;M;Illeso;0;;;
3009519;7;13/10/2016 12:30;Strada Urbana;VIA DELL'INCORONATA;all'intersezione con;VIALE ALESSANDRINO;VIALE ALESSANDRINO;;;Scontro frontale fra veicoli in marcia;Incrocio;Una carreggiata a doppio senso;Bagnato (pioggia);Asfaltata;Verticale ed orizzontale;Pioggia in atto;Scarso;Buona;Ore Diurne;1;0;0;1;12.57646;41.88817;-1;2;Autovettura privata;In marcia / fermata / arresto;Conducente;F;Rimandato;0;NON DECEDUTO;;
3009522;20;13/10/2016 20:10;Strada Urbana;CORSO DI FRANCIA;in prossimità;;del civico n.;144;;Scontro laterale fra veicoli in marcia;Rettilineo;Una carreggiata a senso unico di marcia;Bagnato (umidità in atto);Asfaltata;Verticale ed orizzontale;Nuvoloso;Scarso;Sufficiente;Sufficiente;0;0;0;5;12.47038;41.94284;-1;1;Autovettura privata;In marcia / fermata / arresto;Conducente;M;Illeso;0;;Non accertato;
3009522;20;13/10/2016 20:10;Strada Urbana;CORSO DI FRANCIA;in prossimità;;del civico n.;144;;Scontro laterale fra veicoli in marcia;Rettilineo;Una carreggiata a senso unico di marcia;Bagnato (umidità in atto);Asfaltata;Verticale ed orizzontale;Nuvoloso;Scarso;Sufficiente;Sufficiente;0;0;0;5;12.47038;41.94284;-1;1;Autovettura privata;In marcia / fermata / arresto;Passeggero;M;Illeso;0;;Non accertato;
3009522;20;13/10/2016 20:10;Strada Urbana;CORSO DI FRANCIA;in prossimità;;del civico n.;144;;Scontro laterale fra veicoli in marcia;Rettilineo;Una carreggiata a senso unico di marcia;Bagnato (umidità in atto);Asfaltata;Verticale ed orizzontale;Nuvoloso;Scarso;Sufficiente;Sufficiente;0;0;0;5;12.47038;41.94284;-1;1;Autovettura privata;In marcia / fermata / arresto;Passeggero;F;Illeso;0;;Non accertato;
3009522;20;13/10/2016 20:10;Strada Urbana;CORSO DI FRANCIA;in prossimità;;del civico n.;144;;Scontro laterale fra veicoli in marcia;Rettilineo;Una carreggiata a senso unico di marcia;Bagnato (umidità in atto);Asfaltata;Verticale ed orizzontale;Nuvoloso;Scarso;Sufficiente;Sufficiente;0;0;0;5;12.47038;41.94284;-1;2;Autovettura privata;In marcia / fermata / arresto;Conducente;F;Illeso;0;;Non accertato;
3009522;20;13/10/2016 20:10;Strada Urbana;CORSO DI FRANCIA;in prossimità;;del civico n.;144;;Scontro laterale fra veicoli in marcia;Rettilineo;Una carreggiata a senso unico di marcia;Bagnato (umidità in atto);Asfaltata;Verticale ed orizzontale;Nuvoloso;Scarso;Sufficiente;Sufficiente;0;0;0;5;12.47038;41.94284;-1;2;Autovettura privata;In marcia / fermata / arresto;Passeggero;F;Illeso;0;;Non accertato;
3009535;4;13/10/2016 19:30;Strada Urbana;CORSO SEMPIONE;da specificare;;;;Via Maiella;Scontro laterale fra veicoli in marcia;Rettilineo;Una carreggiata a doppio senso;Asciutto;Asfaltata;Verticale ed orizzontale;Sereno;Normale;Sufficiente;Sufficiente;0;0;0;2;12.53397;41.93525;-1;1;Autovettura privata;In marcia / fermata / arresto;Conducente;M;Illeso;0;;Non accertato;Inesploso
3009535;4;13/10/2016 19:30;Strada Urbana;CORSO SEMPIONE;da specificare;;;;Via Maiella;Scontro laterale fra veicoli in marcia;Rettilineo;Una carreggiata a doppio senso;Asciutto;Asfaltata;Verticale ed orizzontale;Sereno;Normale;Sufficiente;Sufficiente;0;0;0;2;12.53397;41.93525;-1;2;Autovettura privata;In marcia / fermata / arresto;Conducente;M;Illeso;0;;Non accertato;Inesploso
3009543;4;13/10/2016 16:00;Strada Urbana;VIA DON GIUSTINO MARIA RUSSOLILLO;da specificare;;;;fronte civico 68;Veicolo in marcia contro veicolo fermo;Curva a visuale libera;Una carreggiata a senso unico di marcia;Asciutto;Asfaltata;Verticale ed orizzontale;Nuvoloso;Normale;Buona;Ore Diurne;0;0;0;2;12.51803;41.97095;-1;1;Autovettura privata;In marcia / fermata / arresto;Conducente;F;Illeso;0;;Non accertato;
3009543;4;13/10/2016 16:00;Strada Urbana;VIA DON GIUSTINO MARIA RUSSOLILLO;da specificare;;;;fronte civico 68;Veicolo in marcia contro veicolo fermo;Curva a visuale libera;Una carreggiata a senso unico di marcia;Asciutto;Asfaltata;Verticale ed orizzontale;Nuvoloso;Normale;Buona;Ore Diurne;0;0;0;2;12.51803;41.97095;-1;2;Autovettura privata;In marcia / fermata / arresto;Conducente;M;Illeso;0;;Non accertato;
3009550;2;13/10/2016 09:50;Strada Urbana;VIA BASENTO;in corrispondenza;;del civico n.;fr. 52;;Veicolo in marcia contro veicolo in sosta;Rettilineo;Una carreggiata a senso unico di marcia;Asciutto;Asfaltata;Verticale ed orizzontale;Nuvoloso;Normale;Buona;Ore Diurne;0;0;0;1;12.49866;41.91612;-1;1;Autovettura privata;In marcia / fermata / arresto;Conducente;F;Illeso;0;;Non accertato;Inesploso
3009559;1;13/10/2016 07:55;Strada Urbana;PIAZZA DI PORTA MAGGIORE;in prossimità;;del civico n.;12;;Scontro laterale fra veicoli in marcia;Rettilineo;Due carreggiate;Asciutto;Asfaltata;Verticale ed orizzontale;Nuvoloso;Intenso;Buona;Ore Diurne;0;0;0;2;12.51406;41.89198;-1;1;Autocarro inferiore 35 q.;In marcia / fermata / arresto;Conducente;M;Illeso;0;;Non accertato;
3009559;1;13/10/2016 07:55;Strada Urbana;PIAZZA DI PORTA MAGGIORE;in prossimità;;del civico n.;12;;Scontro laterale fra veicoli in marcia;Rettilineo;Due carreggiate;Asciutto;Asfaltata;Verticale ed orizzontale;Nuvoloso;Intenso;Buona;Ore Diurne;0;0;0;2;12.51406;41.89198;-1;2;Autovettura privata;In marcia / fermata / arresto;Conducente;M;Illeso;0;;Non accertato;Inesploso
3009560;7;13/10/2016 16:55;Strada Urbana;VIA CASILINA;all'intersezione con;PIAZZA SOR CAPANNA;PIAZZA SOR CAPANNA;;;Scontro laterale fra veicoli in marcia;Intersezione stradale segnalata;Una carreggiata a doppio senso;Asciutto;Asfaltata;Verticale ed orizzontale;Nuvoloso;Normale;Buona;Ore Diurne;1;0;0;2;12.57888;41.87131;-1;1;Motociclo con passeggero;In marcia / fermata / arresto;Conducente;M;Rimandato;0;NON DECEDUTO;Non accertato;
3009560;7;13/10/2016 16:55;Strada Urbana;VIA CASILINA;all'intersezione con;PIAZZA SOR CAPANNA;PIAZZA SOR CAPANNA;;;Scontro laterale fra veicoli in marcia;Intersezione stradale segnalata;Una carreggiata a doppio senso;Asciutto;Asfaltata;Verticale ed orizzontale;Nuvoloso;Normale;Buona;Ore Diurne;1;0;0;2;12.57888;41.87131;-1;2;Autovettura privata;In marcia / fermata / arresto;Conducente;M;Illeso;0;;Non accertato;Inesploso
3009560;7;13/10/2016 16:55;Strada Urbana;VIA CASILINA;all'intersezione con;PIAZZA SOR CAPANNA;PIAZZA SOR CAPANNA;;;Scontro laterale fra veicoli in marcia;Intersezione stradale segnalata;Una carreggiata a doppio senso;Asciutto;Asfaltata;Verticale ed orizzontale;Nuvoloso;Normale;Buona;Ore Diurne;1;0;0;2;12.57888;41.87131;-1;2;Autovettura privata;In marcia / fermata / arresto;Passeggero;M;Illeso;0;;Non accertato;Inesploso
3009567;4;13/10/2016 08:10;Statale entro l'abitato;VIA SALARIA;in corrispondenza;;del civico n.;665;;Tamponamento Multiplo;Rettilineo;Una carreggiata a senso unico di marcia;Bagnato (pioggia);Asfaltata;Orizzontale;Pioggia in atto;Intenso;Buona;Ore Diurne;0;0;0;2;12.50653;41.93999;-1;1;Autovettura privata;In marcia / fermata / arresto;Conducente;M;Illeso;0;;Non accertato;Inesploso
3009567;4;13/10/2016 08:10;Statale entro l'abitato;VIA SALARIA;in corrispondenza;;del civico n.;665;;Tamponamento Multiplo;Rettilineo;Una carreggiata a senso unico di marcia;Bagnato (pioggia);Asfaltata;Orizzontale;Pioggia in atto;Intenso;Buona;Ore Diurne;0;0;0;2;12.50653;41.93999;-1;2;Motociclo a solo;In marcia / fermata / arresto;Conducente;M;Illeso;0;;Non accertato;
3009588;13;13/10/2016 19:30;Strada Urbana;VIA TANCREDI CHIARALUCE;da specificare;;;;altezza palo Acea n.45;Veicolo in marcia contro ostacolo accidentale;Rettilineo;Una carreggiata a doppio senso;Asciutto;Con buche;Assente;Sereno;Normale;Insufficiente;Insufficiente;0;0;0;1;12.27018;41.74707;-1;1;Motociclo a solo;In marcia / fermata / arresto;Conducente;M;Illeso;0;;Non accertato;
3009590;17;13/10/2016 13:10;Strada Urbana;PIAZZA CAVOUR;all'intersezione con;VIA CRESCENZIO;VIA CRESCENZIO;;;Scontro laterale fra veicoli in marcia;Incrocio;Una carreggiata a doppio senso;Bagnato (pioggia);In cubetti di porfido;Verticale ed orizzontale;Nuvoloso;Normale;Buona;Ore Diurne;1;0;0;2;12.46841;41.90538;-1;1;Autovettura privata;In marcia / fermata / arresto;Conducente;F;Illeso;0;;Non accertato;Inesploso
3009590;17;13/10/2016 13:10;Strada Urbana;PIAZZA CAVOUR;all'intersezione con;VIA CRESCENZIO;VIA CRESCENZIO;;;Scontro laterale fra veicoli in marcia;Incrocio;Una carreggiata a doppio senso;Bagnato (pioggia);In cubetti di porfido;Verticale ed orizzontale;Nuvoloso;Normale;Buona;Ore Diurne;1;0;0;2;12.46841;41.90538;-1;1;Autovettura privata;In marcia / fermata / arresto;Passeggero;F;Illeso;0;;Non accertato;Inesploso
3009590;17;13/10/2016 13:10;Strada Urbana;PIAZZA CAVOUR;all'intersezione con;VIA CRESCENZIO;VIA CRESCENZIO;;;Scontro laterale fra veicoli in marcia;Incrocio;Una carreggiata a doppio senso;Bagnato (pioggia);In cubetti di porfido;Verticale ed orizzontale;Nuvoloso;Normale;Buona;Ore Diurne;1;0;0;2;12.46841;41.90538;-1;2;Motociclo a solo;In marcia / fermata / arresto;Conducente;M;Rimandato;0;NON DECEDUTO;Non accertato;
3009596;23;13/10/2016 09:15;Strada Urbana;VIALE BEETHOVEN;all'intersezione con;VIA DELLA CHIMICA;VIA DELLA CHIMICA;;;Scontro laterale fra veicoli in marcia;Intersezione stradale segnalata;Due carreggiate;Bagnato (pioggia);Asfaltata;Verticale ed orizzontale;Pioggia in atto;Intenso;Buona;Ore Diurne;0;0;0;2;12.46684;41.83328;-1;1;Autovettura privata;In marcia / fermata / arresto;Conducente;F;Illeso;0;;Utilizzato;Inesploso
3009596;23;13/10/2016 09:15;Strada Urbana;VIALE BEETHOVEN;all'intersezione con;VIA DELLA CHIMICA;VIA DELLA CHIMICA;;;Scontro laterale fra veicoli in marcia;Intersezione stradale segnalata;Due carreggiate;Bagnato (pioggia);Asfaltata;Verticale ed orizzontale;Pioggia in atto;Intenso;Buona;Ore Diurne;0;0;0;2;12.46684;41.83328;-1;2;Motociclo a solo;In marcia / fermata / arresto;Conducente;M;Illeso;0;;Utilizzato;
3009597;4;13/10/2016 09:15;Strada Urbana;VIA MONTE CERVIALTO;all'intersezione semaforizzata con;VIA DELLE ISOLE CURZOLANE;VIA DELLE ISOLE CURZOLANE;;;Scontro laterale fra veicoli in marcia;Incrocio;Due carreggiate;Bagnato (pioggia);Asfaltata;Verticale ed orizzontale;Pioggia in atto;Normale;Buona;Ore Diurne;0;0;0;2;12.52321;41.95425;-1;1;Autovettura privata;In marcia / fermata / arresto;Conducente;F;Illeso;0;;Non accertato;
3009597;4;13/10/2016 09:15;Strada Urbana;VIA MONTE CERVIALTO;all'intersezione semaforizzata con;VIA DELLE ISOLE CURZOLANE;VIA DELLE ISOLE CURZOLANE;;;Scontro laterale fra veicoli in marcia;Incrocio;Due carreggiate;Bagnato (pioggia);Asfaltata;Verticale ed orizzontale;Pioggia in atto;Normale;Buona;Ore Diurne;0;0;0;2;12.52321;41.95425;-1;2;Autovettura privata;In marcia / fermata / arresto;Conducente;M;Illeso;0;;Non accertato;
3009615;8;13/10/2016 15:50;Strada Urbana;VIA DEL PONTE DELLA CATENA;in prossimità;;del palo luce n.;5;;Veicolo in marcia contro ostacolo accidentale;Rettilineo;Una carreggiata a doppio senso;Asciutto;Strada pavimentata dissestata;Assente;Nuvoloso;Scarso;Buona;Ore Diurne;0;0;0;1;12.65789;41.8625;-1;1;Autovettura privata;In marcia / fermata / arresto;Conducente;M;Illeso;0;;Non accertato;Inesploso
3009625;8;13/10/2016 06:38;Strada Urbana;VIA DI FONTANA CANDIDA;all'intersezione con;VIA SANT'ANGELO MUXARO;VIA SANT'ANGELO MUXARO;;;Tamponamento;Incrocio;Una carreggiata a doppio senso;Asciutto;Asfaltata;Orizzontale;Sereno;Scarso;Buona;Ore Diurne;2;0;0;2;12.69126;41.8567;-1;1;Autovettura privata;In marcia / fermata / arresto;Conducente;M;Rimandato;0;NON DECEDUTO;Non accertato;Inesploso
3009625;8;13/10/2016 06:38;Strada Urbana;VIA DI FONTANA CANDIDA;all'intersezione con;VIA SANT'ANGELO MUXARO;VIA SANT'ANGELO MUXARO;;;Tamponamento;Incrocio;Una carreggiata a doppio senso;Asciutto;Asfaltata;Orizzontale;Sereno;Scarso;Buona;Ore Diurne;2;0;0;2;12.69126;41.8567;-1;1;Autovettura privata;In marcia / fermata / arresto;Passeggero;M;Rimandato;0;NON DECEDUTO;Non accertato;Inesploso
3009625;8;13/10/2016 06:38;Strada Urbana;VIA DI FONTANA CANDIDA;all'intersezione con;VIA SANT'ANGELO MUXARO;VIA SANT'ANGELO MUXARO;;;Tamponamento;Incrocio;Una carreggiata a doppio senso;Asciutto;Asfaltata;Orizzontale;Sereno;Scarso;Buona;Ore Diurne;2;0;0;2;12.69126;41.8567;-1;2;Autovettura privata;In marcia / fermata / arresto;Conducente;M;Illeso;0;;Non accertato;Inesploso
3009625;8;13/10/2016 06:38;Strada Urbana;VIA DI FONTANA CANDIDA;all'intersezione con;VIA SANT'ANGELO MUXARO;VIA SANT'ANGELO MUXARO;;;Tamponamento;Incrocio;Una carreggiata a doppio senso;Asciutto;Asfaltata;Orizzontale;Sereno;Scarso;Buona;Ore Diurne;2;0;0;2;12.69126;41.8567;-1;2;Autovettura privata;In marcia / fermata / arresto;Passeggero;M;Illeso;0;;Non accertato;Inesploso
3009631;8;13/10/2016 10:00;Strada Urbana;VIALE DUILIO CAMBELLOTTI;da specificare;;;;rampa d'accesso da viale OXFORD;Tamponamento;Rettilineo;Una carreggiata a senso unico di marcia;Bagnato (pioggia);Asfaltata;Verticale ed orizzontale;Sereno;Normale;Buona;Ore Diurne;1;0;0;1;12.62961;41.86737;-1;1;Motociclo a solo;In marcia / fermata / arresto;Conducente;M;Ricoverato;0;NON DECEDUTO;Non accertato;
3009631;8;13/10/2016 10:00;Strada Urbana;VIALE DUILIO CAMBELLOTTI;da specificare;;;;rampa d'accesso da viale OXFORD;Tamponamento;Rettilineo;Una carreggiata a senso unico di marcia;Bagnato (pioggia);Asfaltata;Verticale ed orizzontale;Sereno;Normale;Buona;Ore Diurne;1;0;0;1;12.62961;41.86737;-1;2;Autovettura privata;In marcia / fermata / arresto;Conducente;M;Illeso;0;;Non accertato;
3009633;8;13/10/2016 10:15;Strada Urbana;VIA DI TORRE SPACCATA;in corrispondenza;;del civico n.;163;;Investimento di pedone;Rettilineo;Una carreggiata a doppio senso;Bagnato (pioggia);Asfaltata;Verticale ed orizzontale;Nuvoloso;Intenso;Buona;Ore Diurne;1;0;0;1;12.5859;41.86277;-1;;;;Pedone;F;Rimandato;0;NON DECEDUTO;;
3009633;8;13/10/2016 10:15;Strada Urbana;VIA DI TORRE SPACCATA;in corrispondenza;;del civico n.;163;;Investimento di pedone;Rettilineo;Una carreggiata a doppio senso;Bagnato (pioggia);Asfaltata;Verticale ed orizzontale;Nuvoloso;Intenso;Buona;Ore Diurne;1;0;0;1;12.5859;41.86277;-1;1;Autovettura privata;In marcia / fermata / arresto;Conducente;F;Illeso;0;;Non accertato;Inesploso
3009638;8;13/10/2016 10:20;Statale entro l'abitato;VIA CASILINA;all'intersezione con;VIA SERRADIFALCO;VIA SERRADIFALCO;;;Scontro frontale/laterale DX fra veicoli in marcia;Incrocio;Una carreggiata a doppio senso;Asciutto;Asfaltata;Verticale ed orizzontale;Nuvoloso;Normale;Sufficiente;Ore Diurne;1;0;0;1;12.60933;41.86405;-1;1;Autovettura privata;In marcia / fermata / arresto;Conducente;F;Illeso;0;;Non accertato;Inesploso
3009638;8;13/10/2016 10:20;Statale entro l'abitato;VIA CASILINA;all'intersezione con;VIA SERRADIFALCO;VIA SERRADIFALCO;;;Scontro frontale/laterale DX fra veicoli in marcia;Incrocio;Una carreggiata a doppio senso;Asciutto;Asfaltata;Verticale ed orizzontale;Nuvoloso;Normale;Sufficiente;Ore Diurne;1;0;0;1;12.60933;41.86405;-1;2;Motociclo a solo;In marcia / fermata / arresto;Conducente;F;Ricoverato;0;NON DECEDUTO;Non accertato;
3009646;1;13/10/2016 18:00;Strada Urbana;VIA DI S. GREGORIO;all'intersezione con;VIA DEI CERCHI;VIA DEI CERCHI;;;Scontro laterale fra veicoli in marcia;Incrocio;Due carreggiate;Asciutto;Lastricata;Verticale ed orizzontale;Nuvoloso;Normale;Buona;Sufficiente;0;0;0;4;12.48997;41.88771;-1;1;Autobus turistico;In marcia / fermata / arresto;Conducente;M;Illeso;0;;;
3009646;1;13/10/2016 18:00;Strada Urbana;VIA DI S. GREGORIO;all'intersezione con;VIA DEI CERCHI;VIA DEI CERCHI;;;Scontro laterale fra veicoli in marcia;Incrocio;Due carreggiate;Asciutto;Lastricata;Verticale ed orizzontale;Nuvoloso;Normale;Buona;Sufficiente;0;0;0;4;12.48997;41.88771;-1;1;Autobus turistico;In marcia / fermata / arresto;Passeggero;M;Illeso;0;;;
3009646;1;13/10/2016 18:00;Strada Urbana;VIA DI S. GREGORIO;all'intersezione con;VIA DEI CERCHI;VIA DEI CERCHI;;;Scontro laterale fra veicoli in marcia;Incrocio;Due carreggiate;Asciutto;Lastricata;Verticale ed orizzontale;Nuvoloso;Normale;Buona;Sufficiente;0;0;0;4;12.48997;41.88771;-1;2;Autovettura privata;In marcia / fermata / arresto;Conducente;M;Illeso;0;;;
3009646;1;13/10/2016 18:00;Strada Urbana;VIA DI S. GREGORIO;all'intersezione con;VIA DEI CERCHI;VIA DEI CERCHI;;;Scontro laterale fra veicoli in marcia;Incrocio;Due carreggiate;Asciutto;Lastricata;Verticale ed orizzontale;Nuvoloso;Normale;Buona;Sufficiente;0;0;0;4;12.48997;41.88771;-1;2;Autovettura privata;In marcia / fermata / arresto;Passeggero;M;Illeso;0;;;
3009653;8;13/10/2016 17:10;Strada Urbana;VIA SICULIANA;all'intersezione con;VIA CASILINA;VIA CASILINA;;;Tamponamento;Incrocio;Una carreggiata a doppio senso;Asciutto;Asfaltata;Verticale ed orizzontale;Nuvoloso;Normale;Buona;Ore Diurne;0;0;0;2;12.6538;41.87145;-1;1;Autovettura privata;In marcia / fermata / arresto;Conducente;F;Illeso;0;;Non accertato;
3009653;8;13/10/2016 17:10;Strada Urbana;VIA SICULIANA;all'intersezione con;VIA CASILINA;VIA CASILINA;;;Tamponamento;Incrocio;Una carreggiata a doppio senso;Asciutto;Asfaltata;Verticale ed orizzontale;Nuvoloso;Normale;Buona;Ore Diurne;0;0;0;2;12.6538;41.87145;-1;1;Autovettura privata;In marcia / fermata / arresto;Passeggero;F;Illeso;0;;Non accertato;
3009660;8;13/10/2016 06:40;Strada Urbana;VIA DI PASSOLOMBARDO;da specificare;;;;50 metri dopo usc. Torrenova RM-NA dir. Vermicino;Veicolo in marcia contro ostacolo accidentale;Curva senza visuale libera;Una carreggiata a doppio senso;Asciutto;Strada pavimentata dissestata;Verticale ed orizzontale;Nuvoloso;Scarso;Buona;Ore Diurne;0;0;0;1;12.63495;41.83594;-1;1;Autovettura privata;In marcia / fermata / arresto;Conducente;M;Illeso;0;;Non accertato;Inesploso