Protocollo;Gruppo;DataOraIncidente;Localizzazione1;STRADA1;Localizzazione2;STRADA2;Strada02;Chilometrica;DaSpecificare;NaturaIncidente;particolaritastrade;TipoStrada;FondoStradale;Pavimentazione;Segnaletica;CondizioneAtmosferica;Traffico;Visibilita;Illuminazione;NUM_FERITI;NUM_RISERVATA;NUM_MORTI;NUM_ILLESI;Longitudine;Latitudine;Confermato;Progressivo;TipoVeicolo;StatoVeicolo;TipoPersona;Sesso;Tipolesione;Deceduto;DecedutoDopo;CinturaCascoUtilizzato;Airbag
3014991;8;17/10/2016 07:50;Strada Urbana;VIA DI TOR VERGATA;in prossimità;;del civico n.;57;;Veicolo in marcia contro ostacolo accidentale;Rettilineo;Una carreggiata a doppio senso;Asciutto;Asfaltata;Verticale ed orizzontale;Sereno;Normale;Buona;Ore Diurne;0;0;0;1;12.62224;41.8596;-1;1;Autovettura privata;In marcia / fermata / arresto;Conducente;F;Illeso;0;;Non accertato;
3014994;5;17/10/2016 16:30;Strada Urbana;VIA GIUSEPPE PIANELL;da specificare;;;;fronte civico 27;Scontro laterale fra veicoli in marcia;Rettilineo;Una carreggiata a doppio senso;Asciutto;Asfaltata;Verticale;Sereno;Normale;Buona;Ore Diurne;0;0;0;2;12.537;41.89767;-1;1;Autovettura privata;In marcia / fermata / arresto;Conducente;M;Illeso;0;;Non accertato;Inesploso
3014994;5;17/10/2016 16:30;Strada Urbana;VIA GIUSEPPE PIANELL;da specificare;;;;fronte civico 27;Scontro laterale fra veicoli in marcia;Rettilineo;Una carreggiata a doppio senso;Asciutto;Asfaltata;Verticale;Sereno;Normale;Buona;Ore Diurne;0;0;0;2;12.537;41.89767;-1;2;Autovettura privata;In marcia / fermata / arresto;Conducente;F;Illeso;0;;Non accertato;Inesploso
3014997;8;17/10/2016 08:55;Strada Urbana;VIA DI PASSO LOMBARDO;in prossimità;;del civico n.;328;;Veicolo in marcia contro ostacolo accidentale;Rettilineo;Una carreggiata a doppio senso;Asciutto;Con buche;Verticale;Sereno;Normale;Sufficiente;Ore Diurne;1;0;0;0;12.62956;41.84512;-1;1;Autovettura privata;In marcia / fermata / arresto;Conducente;M;Rifiuta cure immediate;0;NON DECEDUTO;Non accertato;Inesploso
3015007;8;17/10/2016 17:35;Strada Urbana;VIA DI SALONE;in prossimità;;del civico n.;314;;Veicolo in marcia contro ostacolo accidentale;Rettilineo;Una carreggiata a doppio senso;Asciutto;Asfaltata;Assente;Sereno;Intenso;Buona;Ore Diurne;0;0;0;1;12.63486;41.9207;-1;1;Autovettura privata;In marcia / fermata / arresto;Conducente;M;Illeso;0;;Non accertato;Inesploso
3015013;8;17/10/2016 16:00;Strada Urbana;VIA DI SALONE;da specificare;;;;100 MT PRIMA ROTAT. VIA COLLATINA;Veicolo in marcia contro ostacolo accidentale;Rettilineo;Una carreggiata a doppio senso;Asciutto;Con buche;Verticale;Sereno;Normale;Buona;Ore Diurne;0;0;0;1;12.62631;41.93187;-1;1;Autovettura privata;In marcia / fermata / arresto;Conducente;M;Illeso;0;;Non accertato;Inesploso
3015017;20;17/10/2016 15:40;Strada Urbana;VIALE DI TOR DI QUINTO;all'intersezione con;VIA FORNACI DI TOR DI QUINTO;VIA FORNACI DI TOR DI QUINTO;;;Scontro frontale/laterale SX fra veicoli in marcia;Intersezione non regolata/non segnalata;Una carreggiata a doppio senso;Asciutto;Asfaltata;Orizzontale;Sereno;Normale;Buona;Ore Diurne;1;0;0;1;12.48499;41.95078;-1;1;Autovettura privata;In marcia / fermata / arresto;Conducente;M;Illeso;0;;Utilizzato;Inesploso
3015017;20;17/10/2016 15:40;Strada Urbana;VIALE DI TOR DI QUINTO;all'intersezione con;VIA FORNACI DI TOR DI QUINTO;VIA FORNACI DI TOR DI QUINTO;;;Scontro frontale/laterale SX fra veicoli in marcia;Intersezione non regolata/non segnalata;Una carreggiata a doppio senso;Asciutto;Asfaltata;Orizzontale;Sereno;Normale;Buona;Ore Diurne;1;0;0;1;12.48499;41.95078;-1;2;Motociclo a solo;In marcia / fermata / arresto;Conducente;M;Ricoverato;0;NON DECEDUTO;Utilizzato;
3015028;1;17/10/2016 20:00;Strada Urbana;VIALE MANZONI;all'intersezione con;VIA DI S. CROCE IN GERUSALEMME;VIA DI S. CROCE IN GERUSALEMME;;;Scontro laterale fra veicoli in marcia;Incrocio;Due carreggiate;Asciutto;Asfaltata;Verticale ed orizzontale;Sereno;Normale;Buona;Sufficiente;1;0;0;1;12.50773;41.89118;-1;1;Motociclo a solo;In marcia / fermata / arresto;Conducente;F;Rimandato;0;NON DECEDUTO;;
3015028;1;17/10/2016 20:00;Strada Urbana;VIALE MANZONI;all'intersezione con;VIA DI S. CROCE IN GERUSALEMME;VIA DI S. CROCE IN GERUSALEMME;;;Scontro laterale fra veicoli in marcia;Incrocio;Due carreggiate;Asciutto;Asfaltata;Verticale ed orizzontale;Sereno;Normale;Buona;Sufficiente;1;0;0;1;12.50773;41.89118;-1;2;Autovettura privata;In marcia / fermata / arresto;Conducente;M;Illeso;0;;;
3015031;11;17/10/2016 12:40;Strada Urbana;VIA OSTIENSE;in prossimità;;del civico n.;461c;;Tamponamento;Rettilineo;Una carreggiata a senso unico di marcia;Asciutto;Asfaltata;Verticale ed orizzontale;Sereno;Normale;Buona;Ore Diurne;0;0;0;2;12.47544;41.85051;-1;1;Autovettura privata;In marcia / fermata / arresto;Conducente;F;Illeso;0;;Non accertato;
3015031;11;17/10/2016 12:40;Strada Urbana;VIA OSTIENSE;in prossimità;;del civico n.;461c;;Tamponamento;Rettilineo;Una carreggiata a senso unico di marcia;Asciutto;Asfaltata;Verticale ed orizzontale;Sereno;Normale;Buona;Ore Diurne;0;0;0;2;12.47544;41.85051;-1;2;Autovettura privata;In marcia / fermata / arresto;Conducente;M;Illeso;0;;;
3015032;12;17/10/2016 13:30;Strada Urbana;VIA GIOVANNI KOBLER;all'intersezione con;VIA DELLA CECCHIGNOLA;VIA DELLA CECCHIGNOLA;;;Veicolo in marcia contro ostacolo accidentale;Intersezione semaforizzata;Due carreggiate;Viscido da liquidi oleosi;Asfaltata;Verticale ed orizzontale;Sereno;Normale;Buona;Ore Diurne;1;0;0;0;12.5079;41.81291;-1;1;Motociclo a solo;In marcia / fermata / arresto;Conducente;M;Rimandato;0;NON DECEDUTO;Non accertato;
3015034;12;17/10/2016 21:00;Strada Urbana;VIA DELLE TRE FONTANE;all'intersezione con;VIALE DELL'INDUSTRIA;VIALE DELL'INDUSTRIA;;;Scontro frontale/laterale SX fra veicoli in marcia;Intersezione semaforizzata;Una carreggiata a doppio senso;Asciutto;Asfaltata;Verticale ed orizzontale;Sereno;Scarso;Buona;Sufficiente;1;0;0;2;12.47358;41.83934;-1;1;Autovettura privata;In marcia / fermata / arresto;Conducente;M;Illeso;0;;Utilizzato;Inesploso
3015034;12;17/10/2016 21:00;Strada Urbana;VIA DELLE TRE FONTANE;all'intersezione con;VIALE DELL'INDUSTRIA;VIALE DELL'INDUSTRIA;;;Scontro frontale/laterale SX fra veicoli in marcia;Intersezione semaforizzata;Una carreggiata a doppio senso;Asciutto;Asfaltata;Verticale ed orizzontale;Sereno;Scarso;Buona;Sufficiente;1;0;0;2;12.47358;41.83934;-1;2;Autovettura privata;In marcia / fermata / arresto;Conducente;F;Rimandato;0;NON DECEDUTO;Utilizzato;Inesploso
3015034;12;17/10/2016 21:00;Strada Urbana;VIA DELLE TRE FONTANE;all'intersezione con;VIALE DELL'INDUSTRIA;VIALE DELL'INDUSTRIA;;;Scontro frontale/laterale SX fra veicoli in marcia;Intersezione semaforizzata;Una carreggiata a doppio senso;Asciutto;Asfaltata;Verticale ed orizzontale;Sereno;Scarso;Buona;Sufficiente;1;0;0;2;12.47358;41.83934;-1;2;Autovettura privata;In marcia / fermata / arresto;Passeggero;F;Illeso;0;;Utilizzato;Inesploso
3015044;4;17/10/2016 12:30;Strada Urbana;VIA DEL GRAN PARADISO;all'intersezione con;VIA MONTE FAVINO;VIA MONTE FAVINO;;;Veicolo in marcia contro veicolo in sosta;Incrocio;Una carreggiata a senso unico di marcia;Asciutto;Asfaltata;Verticale;Sereno;Scarso;Buona;Ore Diurne;0;0;0;1;12.52662;41.94884;-1;1;Autocarro inferiore 35 q.;In marcia / fermata / arresto;Conducente;M;Illeso;0;;Non accertato;
3015045;18;17/10/2016 17:20;Strada Urbana;LARGO MOMBASIGLIO;all'intersezione con;VIA BORGOSESIA;VIA BORGOSESIA;;;Veicolo in marcia contro ostacolo accidentale;Intersezione non regolata/non segnalata;Una carreggiata a doppio senso;Asciutto;Asfaltata;Verticale ed orizzontale;Nuvoloso;Normale;Buona;Ore Diurne;1;0;0;0;12.36539;41.91006;-1;1;Motociclo a solo;In marcia / fermata / arresto;Conducente;M;Rimandato;0;NON DECEDUTO;Non accertato;
3015053;12;17/10/2016 15:00;Strada Urbana;VIA MATTEO BARTOLI;all'intersezione con;VIA DELLA DIVISIONE TORINO;VIA DELLA DIVISIONE TORINO;;;Scontro laterale fra veicoli in marcia;Incrocio;Una carreggiata a doppio senso;Asciutto;Asfaltata;Verticale ed orizzontale;Sereno;Normale;Buona;Ore Diurne;0;0;0;2;12.49004;41.81866;-1;1;Autovettura privata;In marcia / fermata / arresto;Conducente;M;Illeso;0;;Non accertato;Inesploso
3015053;12;17/10/2016 15:00;Strada Urbana;VIA MATTEO BARTOLI;all'intersezione con;VIA DELLA DIVISIONE TORINO;VIA DELLA DIVISIONE TORINO;;;Scontro laterale fra veicoli in marcia;Incrocio;Una carreggiata a doppio senso;Asciutto;Asfaltata;Verticale ed orizzontale;Sereno;Normale;Buona;Ore Diurne;0;0;0;2;12.49004;41.81866;-1;2;Autovettura privata;In marcia / fermata / arresto;Conducente;M;Illeso;0;;Non accertato;Inesploso
3015061;19;17/10/2016 12:10;Strada Urbana;VIA PASQUALE II;in prossimità;;del civico n.;f.c. 57;;Veicolo in marcia contro veicolo in sosta;Rettilineo;Una carreggiata a doppio senso;Asciutto;Asfaltata;Assente;Sereno;Normale;Buona;Ore Diurne;0;0;0;3;12.41225;41.91338;-1;1;Autovettura privata;In marcia / fermata / arresto;Conducente;M;Illeso;0;;;
3015061;19;17/10/2016 12:10;Strada Urbana;VIA PASQUALE II;in prossimità;;del civico n.;f.c. 57;;Veicolo in marcia contro veicolo in sosta;Rettilineo;Una carreggiata a doppio senso;Asciutto;Asfaltata;Assente;Sereno;Normale;Buona;Ore Diurne;0;0;0;3;12.41225;41.91338;-1;1;Autovettura privata;In marcia / fermata / arresto;Passeggero;F;Illeso;0;;;
3015061;19;17/10/2016 12:10;Strada Urbana;VIA PASQUALE II;in prossimità;;del civico n.;f.c. 57;;Veicolo in marcia contro veicolo in sosta;Rettilineo;Una carreggiata a doppio senso;Asciutto;Asfaltata;Assente;Sereno;Normale;Buona;Ore Diurne;0;0;0;3;12.41225;41.91338;-1;1;Autovettura privata;In marcia / fermata / arresto;Passeggero;M;Illeso;0;;;
3015063;20;17/10/2016 18:30;Strada Urbana;CORSO DI FRANCIA;in prossimità;;del civico n.;154;;Tamponamento;Rettilineo;Due carreggiate;Asciutto;Asfaltata;Verticale ed orizzontale;Sereno;Intenso;Buona;Ore Diurne;2;0;0;1;12.47014;41.94323;-1;1;Autovettura privata;In marcia / fermata / arresto;Conducente;M;Rifiuta cure immediate;0;NON DECEDUTO;Non accertato;
3015063;20;17/10/2016 18:30;Strada Urbana;CORSO DI FRANCIA;in prossimità;;del civico n.;154;;Tamponamento;Rettilineo;Due carreggiate;Asciutto;Asfaltata;Verticale ed orizzontale;Sereno;Intenso;Buona;Ore Diurne;2;0;0;1;12.47014;41.94323;-1;1;Autovettura privata;In marcia / fermata / arresto;Passeggero;F;Rifiuta cure immediate;0;NON DECEDUTO;Non accertato;
3015063;20;17/10/2016 18:30;Strada Urbana;CORSO DI FRANCIA;in prossimità;;del civico n.;154;;Tamponamento;Rettilineo;Due carreggiate;Asciutto;Asfaltata;Verticale ed orizzontale;Sereno;Intenso;Buona;Ore Diurne;2;0;0;1;12.47014;41.94323;-1;2;Autovettura privata;In marcia / fermata / arresto;Conducente;M;Illeso;0;;Non accertato;
3015071;4;17/10/2016 18:15;Strada Urbana;VIA DARIO NICCODEMI;da specificare;;;;fronte civico 80 (area parcheggio);Scontro laterale fra veicoli in marcia;Rettilineo;Una carreggiata a senso unico di marcia;Asciutto;Asfaltata;Assente;Sereno;Scarso;Buona;Ore Diurne;0;0;0;2;12.54867;41.95485;-1;1;Autovettura privata;In marcia / fermata / arresto;Conducente;M;Illeso;0;;Non accertato;Inesploso
3015071;4;17/10/2016 18:15;Strada Urbana;VIA DARIO NICCODEMI;da specificare;;;;fronte civico 80 (area parcheggio);Scontro laterale fra veicoli in marcia;Rettilineo;Una carreggiata a senso unico di marcia;Asciutto;Asfaltata;Assente;Sereno;Scarso;Buona;Ore Diurne;0;0;0;2;12.54867;41.95485;-1;2;Autovettura privata;In marcia / fermata / arresto;Conducente;M;Illeso;0;;Non accertato;
3015095;7;17/10/2016 10:50;Strada Urbana;VIALE PALMIRO TOGLIATTI;all'intersezione semaforizzata con;VIA CASILINA;VIA CASILINA;;;Scontro laterale fra veicoli in marcia;Incrocio;Due carreggiate;Asciutto;Asfaltata;Verticale ed orizzontale;Sereno;Normale;Buona;Ore Diurne;0;0;0;2;12.56992;41.87397;-1;1;Autobus urbano;In marcia / fermata / arresto;Conducente;M;Illeso;0;;Non accertato;Inesploso
3015095;7;17/10/2016 10:50;Strada Urbana;VIALE PALMIRO TOGLIATTI;all'intersezione semaforizzata con;VIA CASILINA;VIA CASILINA;;;Scontro laterale fra veicoli in marcia;Incrocio;Due carreggiate;Asciutto;Asfaltata;Verticale ed orizzontale;Sereno;Normale;Buona;Ore Diurne;0;0;0;2;12.56992;41.87397;-1;2;Autovettura privata;In marcia / fermata / arresto;Conducente;M;Illeso;0;;Non accertato;Inesploso
3015096;19;17/10/2016 14:15;Strada Urbana;VIA DI CASAL DEL MARMO;in prossimità;;del civico n.;216;;Investimento di pedone;Rettilineo;Una carreggiata a doppio senso;Asciutto;Asfaltata;Verticale ed orizzontale;Sereno;Normale;Buona;Ore Diurne;1;0;0;3;12.40086;41.9539;-1;;;;Pedone;F;Rimandato;0;NON DECEDUTO;;
3015096;19;17/10/2016 14:15;Strada Urbana;VIA DI CASAL DEL MARMO;in prossimità;;del civico n.;216;;Investimento di pedone;Rettilineo;Una carreggiata a doppio senso;Asciutto;Asfaltata;Verticale ed orizzontale;Sereno;Normale;Buona;Ore Diurne;1;0;0;3;12.40086;41.9539;-1;1;Motociclo a solo;In marcia / fermata / arresto;Conducente;M;Illeso;0;;;
3015096;19;17/10/2016 14:15;Strada Urbana;VIA DI CASAL DEL MARMO;in prossimità;;del civico n.;216;;Investimento di pedone;Rettilineo;Una carreggiata a doppio senso;Asciutto;Asfaltata;Verticale ed orizzontale;Sereno;Normale;Buona;Ore Diurne;1;0;0;3;12.40086;41.9539;-1;2;Autovettura privata;In marcia / fermata / arresto;Conducente;F;Illeso;0;;;
3015096;19;17/10/2016 14:15;Strada Urbana;VIA DI CASAL DEL MARMO;in prossimità;;del civico n.;216;;Investimento di pedone;Rettilineo;Una carreggiata a doppio senso;Asciutto;Asfaltata;Verticale ed orizzontale;Sereno;Normale;Buona;Ore Diurne;1;0;0;3;12.40086;41.9539;-1;2;Autovettura privata;In marcia / fermata / arresto;Passeggero;F;Illeso;0;;;
3015144;17;17/10/2016 18:25;Strada Urbana;PIAZZA ADRIANA;in corrispondenza;;del civico n.;20/a;;Scontro laterale fra veicoli in marcia;Rettilineo;Una carreggiata a senso unico di marcia;Asciutto;Asfaltata;Verticale ed orizzontale;Sereno;Normale;Buona;Ore Diurne;0;0;0;2;12.46405;41.90417;-1;1;Autovettura privata;In marcia / fermata / arresto;Conducente;M;Illeso;0;;Non accertato;Inesploso
3015144;17;17/10/2016 18:25;Strada Urbana;PIAZZA ADRIANA;in corrispondenza;;del civico n.;20/a;;Scontro laterale fra veicoli in marcia;Rettilineo;Una carreggiata a senso unico di marcia;Asciutto;Asfaltata;Verticale ed orizzontale;Sereno;Normale;Buona;Ore Diurne;0;0;0;2;12.46405;41.90417;-1;2;Motociclo a solo;In marcia / fermata / arresto;Conducente;F;Illeso;0;;Non accertato;
3015156;12;17/10/2016 17:30;Strada Urbana;VIA DELL'ARCHITETTURA;all'intersezione con;VIALE REMBRANDT;VIALE REMBRANDT;;;Scontro frontale/laterale SX fra veicoli in marcia;Incrocio;Una carreggiata a doppio senso;Asciutto;Asfaltata;Assente;Sereno;Scarso;Buona;Ore Diurne;0;0;0;2;12.47644;41.83066;-1;1;Autovettura privata;In marcia / fermata / arresto;Conducente;M;Illeso;0;;Non accertato;Inesploso
3015156;12;17/10/2016 17:30;Strada Urbana;VIA DELL'ARCHITETTURA;all'intersezione con;VIALE REMBRANDT;VIALE REMBRANDT;;;Scontro frontale/laterale SX fra veicoli in marcia;Incrocio;Una carreggiata a doppio senso;Asciutto;Asfaltata;Assente;Sereno;Scarso;Buona;Ore Diurne;0;0;0;2;12.47644;41.83066;-1;2;Autovettura privata;In marcia / fermata / arresto;Conducente;F;Illeso;0;;Non accertato;Inesploso
3015159;5;17/10/2016 16:40;Strada Urbana;VIA DEL CASALE DI S. BASILIO;in prossimità;;del civico n.;74;;Veicolo in marcia contro ostacolo accidentale;Rettilineo;Una carreggiata a doppio senso;Asciutto;Asfaltata;Orizzontale;Sereno;Normale;Buona;Ore Diurne;0;0;0;2;12.57257;41.94221;-1;1;Motociclo con passeggero;In marcia / fermata / arresto;Conducente;M;Illeso;0;;Non accertato;
3015159;5;17/10/2016 16:40;Strada Urbana;VIA DEL CASALE DI S. BASILIO;in prossimità;;del civico n.;74;;Veicolo in marcia contro ostacolo accidentale;Rettilineo;Una carreggiata a doppio senso;Asciutto;Asfaltata;Orizzontale;Sereno;Normale;Buona;Ore Diurne;0;0;0;2;12.57257;41.94221;-1;1;Motociclo con passeggero;In marcia / fermata / arresto;Passeggero;F;Illeso;0;;Non accertato;
3015161;10;17/10/2016 11:50;Strada Urbana;VIA TUSCOLANA;da specificare;;;;alt. via O. Stefanini;Veicolo in marcia contro ostacolo fisso;Rettilineo;Due carreggiate;Asciutto;Asfaltata;Verticale ed orizzontale;Sereno;Normale;Buona;Ore Diurne;0;0;0;1;12.58437;41.8428;-1;1;Autobus di linea;In marcia / fermata / arresto;Conducente;M;Illeso;0;;;
3015162;11;18/10/2016 08:15;Strada Urbana;VIALE GUGLIELMO MARCONI;da specificare;;;;Fronte Via Caduti Senza Croce;Veicolo in marcia contro veicoli in arresto;Rettilineo;Due carreggiate;Asciutto;Asfaltata;Verticale ed orizzontale;Nuvoloso;Intenso;Sufficiente;Ore Diurne;0;0;0;2;12.47693;41.84563;-1;1;Motociclo a solo;In marcia / fermata / arresto;Conducente;M;Illeso;0;;Non accertato;
3015162;11;18/10/2016 08:15;Strada Urbana;VIALE GUGLIELMO MARCONI;da specificare;;;;Fronte Via Caduti Senza Croce;Veicolo in marcia contro veicoli in arresto;Rettilineo;Due carreggiate;Asciutto;Asfaltata;Verticale ed orizzontale;Nuvoloso;Intenso;Sufficiente;Ore Diurne;0;0;0;2;12.47693;41.84563;-1;2;Autovettura privata;In marcia / fermata / arresto;Conducente;F;Illeso;0;;Non accertato;Inesploso
3015165;5;17/10/2016 18:30;Strada Urbana;VIA EMILIO LAGOSTINA;in prossimità;;del civico n.;8;;Scontro frontale/laterale DX fra veicoli in marcia;Rettilineo;Una carreggiata a doppio senso;Asciutto;Asfaltata;Orizzontale;Sereno;Normale;Buona;Ore Diurne;0;0;0;2;12.56326;41.92921;-1;1;Autovettura privata;In marcia / fermata / arresto;Conducente;F;Illeso;0;;Non accertato;Inesistente
3015165;5;17/10/2016 18:30;Strada Urbana;VIA EMILIO LAGOSTINA;in prossimità;;del civico n.;8;;Scontro frontale/laterale DX fra veicoli in marcia;Rettilineo;Una carreggiata a doppio senso;Asciutto;Asfaltata;Orizzontale;Sereno;Normale;Buona;Ore Diurne;0;0;0;2;12.56326;41.92921;-1;2;Autovettura privata;In marcia / fermata / arresto;Conducente;F;Illeso;0;;Non accertato;Inesistente
3015172;1;18/10/2016 00:30;Strada Urbana;VIA MARMORATA;da specificare;;;;f.c. 125;Veicolo in marcia contro veicoli in sosta;Rettilineo;Una carreggiata a doppio senso;Asciutto;Asfaltata;Verticale ed orizzontale;Sereno;Scarso;Buona;Sufficiente;1;0;0;0;12.47768;41.88065;-1;1;Autovettura privata;In marcia / fermata / arresto;Conducente;F;Rimandato;0;NON DECEDUTO;Non accertato;
3015174;12;17/10/2016 16:30;Strada Urbana;VIA ROBERTO FERRUZZI;da specificare;;;;altezza civico 18;Veicolo in marcia contro veicolo in sosta;Rettilineo;Una carreggiata a doppio senso;Asciutto;Asfaltata;Verticale ed orizzontale;Sereno;Normale;Buona;Ore Diurne;0;0;0;1;12.50823;41.82497;-1;1;Autovettura privata;In marcia / fermata / arresto;Conducente;F;Illeso;0;;Utilizzato;Inesploso
3015182;10;18/10/2016 01:20;Provinciale;VIA ANAGNINA;da specificare;;;;corsia di inversione per via Tuscolana;Veicolo in marcia contro ostacolo fisso;Curva a visuale libera;Una carreggiata a senso unico di marcia;Sdrucciolevole (terriccio);Asfaltata;Verticale ed orizzontale;Nuvoloso;Scarso;Buona;Sufficiente;1;0;0;3;12.59053;41.83758;-1;1;Autovettura privata;In marcia / fermata / arresto;Conducente;F;Illeso;0;;Non accertato;Esploso
3015182;10;18/10/2016 01:20;Provinciale;VIA ANAGNINA;da specificare;;;;corsia di inversione per via Tuscolana;Veicolo in marcia contro ostacolo fisso;Curva a visuale libera;Una carreggiata a senso unico di marcia;Sdrucciolevole (terriccio);Asfaltata;Verticale ed orizzontale;Nuvoloso;Scarso;Buona;Sufficiente;1;0;0;3;12.59053;41.83758;-1;1;Autovettura privata;In marcia / fermata / arresto;Passeggero;F;Rimandato;0;NON DECEDUTO;Non accertato;
3015182;10;18/10/2016 01:20;Provinciale;VIA ANAGNINA;da specificare;;;;corsia di inversione per via Tuscolana;Veicolo in marcia contro ostacolo fisso;Curva a visuale libera;Una carreggiata a senso unico di marcia;Sdrucciolevole (terriccio);Asfaltata;Verticale ed orizzontale;Nuvoloso;Scarso;Buona;Sufficiente;1;0;0;3;12.59053;41.83758;-1;1;Autovettura privata;In marcia / fermata / arresto;Passeggero;M;Illeso;0;;Non accertato;Inesistente
3015182;10;18/10/2016 01:20;Provinciale;VIA ANAGNINA;da specificare;;;;corsia di inversione per via Tuscolana;Veicolo in marcia contro ostacolo fisso;Curva a visuale libera;Una carreggiata a senso unico di marcia;Sdrucciolevole (terriccio);Asfaltata;Verticale ed orizzontale;Nuvoloso;Scarso;Buona;Sufficiente;1;0;0;3;12.59053;41.83758;-1;1;Autovettura privata;In marcia / fermata / arresto;Passeggero;F;Illeso;0;;Non accertato;
3015184;1;17/10/2016 16:30;Strada Urbana;VIA CAVOUR;da specificare;;;;IN CORRISPONDENZA DEL FRONTE CIV. 234;Scontro laterale fra veicoli in marcia;Rettilineo;Una carreggiata a doppio senso;Asciutto;Asfaltata;Verticale ed orizzontale;Sereno;Normale;Buona;Ore Diurne;0;0;0;2;12.49503;41.89645;-1;1;Autocarro inferiore 35 q.;In marcia / fermata / arresto;Conducente;M;Illeso;0;;;
3015184;1;17/10/2016 16:30;Strada Urbana;VIA CAVOUR;da specificare;;;;IN CORRISPONDENZA DEL FRONTE CIV. 234;Scontro laterale fra veicoli in marcia;Rettilineo;Una carreggiata a doppio senso;Asciutto;Asfaltata;Verticale ed orizzontale;Sereno;Normale;Buona;Ore Diurne;0;0;0;2;12.49503;41.89645;-1;2;Autobus turistico;In marcia / fermata / arresto;Conducente;M;Illeso;0;;;
3015204;12;17/10/2016 12:00;Strada Urbana;VIA DOMENICO JACHINO;da specificare;;;;prossimità civico 171;Tamponamento;Rettilineo;Due carreggiate;Asciutto;Asfaltata;Verticale ed orizzontale;Nuvoloso;Normale;Buona;Ore Diurne;0;0;0;2;12.44926;41.80864;-1;1;Autovettura privata;In marcia / fermata / arresto;Conducente;F;Illeso;0;;Utilizzato;Esploso
3015204;12;17/10/2016 12:00;Strada Urbana;VIA DOMENICO JACHINO;da specificare;;;;prossimità civico 171;Tamponamento;Rettilineo;Due carreggiate;Asciutto;Asfaltata;Verticale ed orizzontale;Nuvoloso;Normale;Buona;Ore Diurne;0;0;0;2;12.44926;41.80864;-1;2;Autovettura privata;In marcia / fermata / arresto;Conducente;M;Illeso;0;;Utilizzato;Inesploso
3015218;2;17/10/2016 17:30;Strada Urbana;CIRCONVALLAZIONE SALARIA;da specificare;;;;direzione Ponte delle Valli;Tamponamento;Rettilineo;Più di due carreggiate;Asciutto;Asfaltata;Verticale ed orizzontale;Sereno;Normale;Buona;Ore Diurne;1;0;0;2;12.52086;41.93447;-1;1;Motociclo a solo;In marcia / fermata / arresto;Conducente;M;Rimandato;0;NON DECEDUTO;;
3015218;2;17/10/2016 17:30;Strada Urbana;CIRCONVALLAZIONE SALARIA;da specificare;;;;direzione Ponte delle Valli;Tamponamento;Rettilineo;Più di due carreggiate;Asciutto;Asfaltata;Verticale ed orizzontale;Sereno;Normale;Buona;Ore Diurne;1;0;0;2;12.52086;41.93447;-1;2;Autovettura privata;In marcia / fermata / arresto;Conducente;F;Illeso;0;;;
3015218;2;17/10/2016 17:30;Strada Urbana;CIRCONVALLAZIONE SALARIA;da specificare;;;;direzione Ponte delle Valli;Tamponamento;Rettilineo;Più di due carreggiate;Asciutto;Asfaltata;Verticale ed orizzontale;Sereno;Normale;Buona;Ore Diurne;1;0;0;2;12.52086;41.93447;-1;2;Autovettura privata;In marcia / fermata / arresto;Passeggero;M;Illeso;0;;;
3015225;2;17/10/2016 14:40;Strada Urbana;VIA DELL'AGONISTICA;all'intersezione con;VIA DEI CAMPI SPORTIVI;VIA DEI CAMPI SPORTIVI;;;Scontro laterale fra veicoli in marcia;Incrocio;Due carreggiate;Asciutto;Asfaltata;Verticale ed orizzontale;Sereno;Normale;Buona;Ore Diurne;0;0;0;2;12.48992;41.93294;-1;1;Veicolo speciale;In marcia / fermata / arresto;Conducente;M;Illeso;0;;;
3015225;2;17/10/2016 14:40;Strada Urbana;VIA DELL'AGONISTICA;all'intersezione con;VIA DEI CAMPI SPORTIVI;VIA DEI CAMPI SPORTIVI;;;Scontro laterale fra veicoli in marcia;Incrocio;Due carreggiate;Asciutto;Asfaltata;Verticale ed orizzontale;Sereno;Normale;Buona;Ore Diurne;0;0;0;2;12.48992;41.93294;-1;2;Autovettura privata;In marcia / fermata / arresto;Conducente;M;Illeso;0;;;
3015234;19;17/10/2016 16:00;Strada Urbana;PIAZZA CLEMENTE XI;da specificare;;;;rotatoria;Scontro laterale fra veicoli in marcia;Rettilineo;Una carreggiata a senso unico di marcia;Asciutto;Asfaltata;Verticale ed orizzontale;Sereno;Normale;Buona;Ore Diurne;0;0;0;2;12.41481;41.91415;-1;1;Autocarro inferiore 35 q.;In marcia / fermata / arresto;Conducente;M;Illeso;0;;;
3015234;19;17/10/2016 16:00;Strada Urbana;PIAZZA CLEMENTE XI;da specificare;;;;rotatoria;Scontro laterale fra veicoli in marcia;Rettilineo;Una carreggiata a senso unico di marcia;Asciutto;Asfaltata;Verticale ed orizzontale;Sereno;Normale;Buona;Ore Diurne;0;0;0;2;12.41481;41.91415;-1;2;Autovettura privata;In marcia / fermata / arresto;Conducente;M;Illeso;0;;Non accertato;Inesploso