Protocollo;Gruppo;DataOraIncidente;Localizzazione1;STRADA1;Localizzazione2;STRADA2;Strada02;Chilometrica;DaSpecificare;NaturaIncidente;particolaritastrade;TipoStrada;FondoStradale;Pavimentazione;Segnaletica;CondizioneAtmosferica;Traffico;Visibilita;Illuminazione;NUM_FERITI;NUM_RISERVATA;NUM_MORTI;NUM_ILLESI;Longitudine;Latitudine;Confermato;Progressivo;TipoVeicolo;StatoVeicolo;TipoPersona;Sesso;Tipolesione;Deceduto;DecedutoDopo;CinturaCascoUtilizzato;Airbag
3016359;19;18/10/2016 16:15;Strada Urbana;VIA TRIONFALE;all'intersezione con;VIA BENEDETTO BACCHINI;VIA BENEDETTO BACCHINI;;;Scontro frontale fra veicoli in marcia;Incrocio;Una carreggiata a doppio senso;Bagnato (pioggia);Asfaltata;Orizzontale;Nuvoloso;Normale;Buona;Ore Diurne;1;0;0;2;12.41235;41.95891;-1;2;Autovettura privata;In marcia / fermata / arresto;Conducente;M;Illeso;0;;Non accertato;Esploso
3016359;19;18/10/2016 16:15;Strada Urbana;VIA TRIONFALE;all'intersezione con;VIA BENEDETTO BACCHINI;VIA BENEDETTO BACCHINI;;;Scontro frontale fra veicoli in marcia;Incrocio;Una carreggiata a doppio senso;Bagnato (pioggia);Asfaltata;Orizzontale;Nuvoloso;Normale;Buona;Ore Diurne;1;0;0;2;12.41235;41.95891;-1;2;Autovettura privata;In marcia / fermata / arresto;Passeggero;F;Rifiuta cure immediate;0;NON DECEDUTO;Non accertato;Inesploso
3016405;13;18/10/2016 08:30;Strada Urbana;VIA DI MALAFEDE;da specificare;;;;prox VIA NORA RICCI;Veicolo in marcia contro ostacolo accidentale;Rettilineo;Una carreggiata a doppio senso;Bagnato (umidità in atto);Asfaltata;Orizzontale;Nuvoloso;Normale;Buona;Ore Diurne;0;0;0;1;12.40305;41.76871;-1;1;Autovettura privata;In marcia / fermata / arresto;Conducente;M;Illeso;0;;Non accertato;Inesploso
3016421;13;18/10/2016 08:30;Strada Urbana;VIA RENATO MASSA;all'intersezione con;VIA CAMILLO COSTANZO;VIA CAMILLO COSTANZO;;;Scontro frontale/laterale DX fra veicoli in marcia;Incrocio;Una carreggiata a doppio senso;Asciutto;Asfaltata;Assente;Nuvoloso;Scarso;Sufficiente;Ore Diurne;0;0;0;3;12.3316;41.78825;-1;1;Autovettura privata;In marcia / fermata / arresto;Conducente;M;Illeso;0;;Non accertato;Inesploso
3016421;13;18/10/2016 08:30;Strada Urbana;VIA RENATO MASSA;all'intersezione con;VIA CAMILLO COSTANZO;VIA CAMILLO COSTANZO;;;Scontro frontale/laterale DX fra veicoli in marcia;Incrocio;Una carreggiata a doppio senso;Asciutto;Asfaltata;Assente;Nuvoloso;Scarso;Sufficiente;Ore Diurne;0;0;0;3;12.3316;41.78825;-1;2;Autovettura privata;In marcia / fermata / arresto;Conducente;F;Illeso;0;;Non accertato;Inesploso
3016421;13;18/10/2016 08:30;Strada Urbana;VIA RENATO MASSA;all'intersezione con;VIA CAMILLO COSTANZO;VIA CAMILLO COSTANZO;;;Scontro frontale/laterale DX fra veicoli in marcia;Incrocio;Una carreggiata a doppio senso;Asciutto;Asfaltata;Assente;Nuvoloso;Scarso;Sufficiente;Ore Diurne;0;0;0;3;12.3316;41.78825;-1;2;Autovettura privata;In marcia / fermata / arresto;Passeggero;M;Illeso;0;;Non accertato;Inesploso
3016434;13;18/10/2016 06:30;Strada Urbana;VIA DOMENICO MORELLI;all'intersezione con;VIA ETTORE ROESLER FRANZ;VIA ETTORE ROESLER FRANZ;;;Veicolo in marcia contro ostacolo accidentale;Incrocio;Una carreggiata a doppio senso;Asciutto;Asfaltata;Assente;Nuvoloso;Scarso;Sufficiente;Insufficiente;0;0;0;1;12.35459;41.77596;-1;1;Autovettura privata;In marcia / fermata / arresto;Conducente;M;Illeso;0;;Non accertato;Inesploso
3016488;13;18/10/2016 13:30;Strada Urbana;VIALE DEI ROMAGNOLI;in corrispondenza;;del civico n.;2161/E;;Tamponamento Multiplo;Rettilineo;Una carreggiata a senso unico di marcia;Bagnato (pioggia);Asfaltata;Verticale ed orizzontale;Pioggia in atto;Intenso;Sufficiente;Ore Diurne;1;0;0;4;12.44175;41.91947;-1;1;Autovettura privata;In marcia / fermata / arresto;Conducente;F;Rimandato;0;NON DECEDUTO;Non accertato;Inesploso
3016488;13;18/10/2016 13:30;Strada Urbana;VIALE DEI ROMAGNOLI;in corrispondenza;;del civico n.;2161/E;;Tamponamento Multiplo;Rettilineo;Una carreggiata a senso unico di marcia;Bagnato (pioggia);Asfaltata;Verticale ed orizzontale;Pioggia in atto;Intenso;Sufficiente;Ore Diurne;1;0;0;4;12.44175;41.91947;-1;2;Autovettura privata;In marcia / fermata / arresto;Conducente;M;Illeso;0;;Non accertato;Inesploso
3016488;13;18/10/2016 13:30;Strada Urbana;VIALE DEI ROMAGNOLI;in corrispondenza;;del civico n.;2161/E;;Tamponamento Multiplo;Rettilineo;Una carreggiata a senso unico di marcia;Bagnato (pioggia);Asfaltata;Verticale ed orizzontale;Pioggia in atto;Intenso;Sufficiente;Ore Diurne;1;0;0;4;12.44175;41.91947;-1;2;Autovettura privata;In marcia / fermata / arresto;Passeggero;M;Illeso;0;;Non accertato;Inesploso
3016488;13;18/10/2016 13:30;Strada Urbana;VIALE DEI ROMAGNOLI;in corrispondenza;;del civico n.;2161/E;;Tamponamento Multiplo;Rettilineo;Una carreggiata a senso unico di marcia;Bagnato (pioggia);Asfaltata;Verticale ed orizzontale;Pioggia in atto;Intenso;Sufficiente;Ore Diurne;1;0;0;4;12.44175;41.91947;-1;3;Autovettura privata;In marcia / fermata / arresto;Conducente;F;Illeso;0;;Non accertato;Inesploso
3016488;13;18/10/2016 13:30;Strada Urbana;VIALE DEI ROMAGNOLI;in corrispondenza;;del civico n.;2161/E;;Tamponamento Multiplo;Rettilineo;Una carreggiata a senso unico di marcia;Bagnato (pioggia);Asfaltata;Verticale ed orizzontale;Pioggia in atto;Intenso;Sufficiente;Ore Diurne;1;0;0;4;12.44175;41.91947;-1;3;Autovettura privata;In marcia / fermata / arresto;Passeggero;F;Illeso;0;;Non accertato;Inesploso
3016508;15;18/10/2016 18:50;Strada Urbana;VIA PORTUENSE;all'intersezione con;VIA DELLE VIGNE;VIA DELLE VIGNE;;;Tamponamento;Intersezione semaforizzata;Una carreggiata a doppio senso;Bagnato (pioggia);Asfaltata;Verticale ed orizzontale;Nuvoloso;Normale;Sufficiente;Sufficiente;0;0;0;2;12.41584;41.84761;-1;1;Autovettura privata;In marcia / fermata / arresto;Conducente;F;Illeso;0;;;
3016508;15;18/10/2016 18:50;Strada Urbana;VIA PORTUENSE;all'intersezione con;VIA DELLE VIGNE;VIA DELLE VIGNE;;;Tamponamento;Intersezione semaforizzata;Una carreggiata a doppio senso;Bagnato (pioggia);Asfaltata;Verticale ed orizzontale;Nuvoloso;Normale;Sufficiente;Sufficiente;0;0;0;2;12.41584;41.84761;-1;2;Ciclomotore;In marcia / fermata / arresto;Conducente;M;Illeso;0;;;
3016509;15;18/10/2016 19:55;Strada Urbana;VIA PORTUENSE;in corrispondenza;;del civico n.;834/A;;Tamponamento;Rettilineo;Una carreggiata a doppio senso;Bagnato (pioggia);Asfaltata;Verticale ed orizzontale;Nuvoloso;Normale;Sufficiente;Sufficiente;0;0;0;3;12.41948;41.84851;-1;1;Autovettura privata;In marcia / fermata / arresto;Conducente;F;Illeso;0;;;
3016509;15;18/10/2016 19:55;Strada Urbana;VIA PORTUENSE;in corrispondenza;;del civico n.;834/A;;Tamponamento;Rettilineo;Una carreggiata a doppio senso;Bagnato (pioggia);Asfaltata;Verticale ed orizzontale;Nuvoloso;Normale;Sufficiente;Sufficiente;0;0;0;3;12.41948;41.84851;-1;1;Autovettura privata;In marcia / fermata / arresto;Passeggero;F;Illeso;0;;;
3016509;15;18/10/2016 19:55;Strada Urbana;VIA PORTUENSE;in corrispondenza;;del civico n.;834/A;;Tamponamento;Rettilineo;Una carreggiata a doppio senso;Bagnato (pioggia);Asfaltata;Verticale ed orizzontale;Nuvoloso;Normale;Sufficiente;Sufficiente;0;0;0;3;12.41948;41.84851;-1;2;Autovettura privata;In marcia / fermata / arresto;Conducente;F;Illeso;0;;;
3016568;15;18/10/2016 15:20;Strada Urbana;VIA GIUSEPPE TROIANI;all'intersezione con;VIA GIUSEPPE LUNATI;VIA GIUSEPPE LUNATI;;;Tamponamento;Incrocio;Una carreggiata a senso unico di marcia;Bagnato (pioggia);Asfaltata;Verticale;Nuvoloso;Normale;Buona;Ore Diurne;0;0;0;2;12.45199;41.85864;-1;1;Autovettura privata;In marcia / fermata / arresto;Conducente;F;Illeso;0;;Utilizzato;
3016568;15;18/10/2016 15:20;Strada Urbana;VIA GIUSEPPE TROIANI;all'intersezione con;VIA GIUSEPPE LUNATI;VIA GIUSEPPE LUNATI;;;Tamponamento;Incrocio;Una carreggiata a senso unico di marcia;Bagnato (pioggia);Asfaltata;Verticale;Nuvoloso;Normale;Buona;Ore Diurne;0;0;0;2;12.45199;41.85864;-1;2;Motociclo a solo;In marcia / fermata / arresto;Conducente;M;Illeso;0;;Utilizzato;
3016571;15;18/10/2016 16:35;Strada Urbana;VIALE GUGLIELMO MARCONI;in corrispondenza;;del civico n.;118;;Veicolo in marcia contro veicolo in sosta;Rettilineo;Due carreggiate;Bagnato (pioggia);Asfaltata;Verticale ed orizzontale;Pioggia in atto;Normale;Buona;Ore Diurne;0;0;0;1;12.46833;41.86686;-1;1;Autovettura privata;In marcia / fermata / arresto;Conducente;M;Illeso;0;;Utilizzato;Inesploso
3016572;15;18/10/2016 18:50;Strada Urbana;VIA IGNAZIO RIBOTTI;in prossimità;;del civico n.;14;;Scontro frontale/laterale SX fra veicoli in marcia;Rettilineo;Una carreggiata a senso unico di marcia;Bagnato (pioggia);Asfaltata;Verticale ed orizzontale;Nuvoloso;Normale;Buona;Sufficiente;0;0;0;3;12.4494;41.85266;-1;1;Autovettura privata;In marcia / fermata / arresto;Conducente;F;Illeso;0;;;
3016572;15;18/10/2016 18:50;Strada Urbana;VIA IGNAZIO RIBOTTI;in prossimità;;del civico n.;14;;Scontro frontale/laterale SX fra veicoli in marcia;Rettilineo;Una carreggiata a senso unico di marcia;Bagnato (pioggia);Asfaltata;Verticale ed orizzontale;Nuvoloso;Normale;Buona;Sufficiente;0;0;0;3;12.4494;41.85266;-1;1;Autovettura privata;In marcia / fermata / arresto;Passeggero;F;Illeso;0;;;
3016572;15;18/10/2016 18:50;Strada Urbana;VIA IGNAZIO RIBOTTI;in prossimità;;del civico n.;14;;Scontro frontale/laterale SX fra veicoli in marcia;Rettilineo;Una carreggiata a senso unico di marcia;Bagnato (pioggia);Asfaltata;Verticale ed orizzontale;Nuvoloso;Normale;Buona;Sufficiente;0;0;0;3;12.4494;41.85266;-1;2;Autovettura privata;In marcia / fermata / arresto;Conducente;F;Illeso;0;;;
3016574;9;18/10/2016 19:15;Strada Urbana;VIA MAGNAGRECIA;in corrispondenza;;del civico n.;126;;Investimento di pedone;Rettilineo;Una carreggiata a doppio senso;Bagnato (pioggia);Asfaltata;Orizzontale;Nuvoloso;Intenso;Sufficiente;Sufficiente;3;0;0;0;12.50808;41.88113;-1;;;;Pedone;F;Rimandato;0;NON DECEDUTO;;
3016574;9;18/10/2016 19:15;Strada Urbana;VIA MAGNAGRECIA;in corrispondenza;;del civico n.;126;;Investimento di pedone;Rettilineo;Una carreggiata a doppio senso;Bagnato (pioggia);Asfaltata;Orizzontale;Nuvoloso;Intenso;Sufficiente;Sufficiente;3;0;0;0;12.50808;41.88113;-1;;;;Pedone;F;Rimandato;0;NON DECEDUTO;;
3016574;9;18/10/2016 19:15;Strada Urbana;VIA MAGNAGRECIA;in corrispondenza;;del civico n.;126;;Investimento di pedone;Rettilineo;Una carreggiata a doppio senso;Bagnato (pioggia);Asfaltata;Orizzontale;Nuvoloso;Intenso;Sufficiente;Sufficiente;3;0;0;0;12.50808;41.88113;-1;1;Motociclo a solo;In marcia / fermata / arresto;Conducente;M;Rimandato;0;NON DECEDUTO;Non accertato;
3016598;13;18/10/2016 16:40;Strada Urbana;VIA ERMANNO WOLF FERRARI;da specificare;;;;altezza area di servizio ESSO;Scontro frontale/laterale SX fra veicoli in marcia;Rettilineo;Una carreggiata a doppio senso;Bagnato (umidità in atto);Asfaltata;Verticale ed orizzontale;Nuvoloso;Intenso;Sufficiente;Ore Diurne;0;0;0;2;12.37039;41.75406;-1;1;Autovettura privata;In marcia / fermata / arresto;Conducente;F;Illeso;0;;Non accertato;Inesploso
3016598;13;18/10/2016 16:40;Strada Urbana;VIA ERMANNO WOLF FERRARI;da specificare;;;;altezza area di servizio ESSO;Scontro frontale/laterale SX fra veicoli in marcia;Rettilineo;Una carreggiata a doppio senso;Bagnato (umidità in atto);Asfaltata;Verticale ed orizzontale;Nuvoloso;Intenso;Sufficiente;Ore Diurne;0;0;0;2;12.37039;41.75406;-1;2;Autovettura privata;In marcia / fermata / arresto;Conducente;M;Illeso;0;;Non accertato;Inesploso
3016601;13;18/10/2016 15:40;Strada Urbana;VIALE DELLE REPUBBLICHE MARINARE;all'intersezione con;VIALE VASCO DE GAMA;VIALE VASCO DE GAMA;;;Scontro frontale/laterale SX fra veicoli in marcia;Incrocio;Due carreggiate;Bagnato (pioggia);Asfaltata;Orizzontale;Nuvoloso;Normale;Buona;Ore Diurne;1;0;0;1;12.26919;41.73638;-1;1;Autovettura privata;In marcia / fermata / arresto;Conducente;F;Illeso;0;;;
3016601;13;18/10/2016 15:40;Strada Urbana;VIALE DELLE REPUBBLICHE MARINARE;all'intersezione con;VIALE VASCO DE GAMA;VIALE VASCO DE GAMA;;;Scontro frontale/laterale SX fra veicoli in marcia;Incrocio;Due carreggiate;Bagnato (pioggia);Asfaltata;Orizzontale;Nuvoloso;Normale;Buona;Ore Diurne;1;0;0;1;12.26919;41.73638;-1;2;Motociclo a solo;In marcia / fermata / arresto;Conducente;M;Rimandato;0;NON DECEDUTO;;
3016604;13;18/10/2016 13:20;Strada Urbana;VIA LITORANEA;in corrispondenza;;della chilometrica;2.8;;Fuoriuscita dalla sede stradale;Rettilineo;Una carreggiata a doppio senso;Bagnato (pioggia);Asfaltata;Verticale ed orizzontale;Pioggia in atto;Normale;Sufficiente;Ore Diurne;0;0;0;1;12.37354;41.68762;-1;1;Autovettura privata;In marcia / fermata / arresto;Conducente;F;Illeso;0;;Non accertato;Inesploso
3016606;13;18/10/2016 21:45;Strada Urbana;VIA DOMENICO PURIFICATO;all'intersezione con;VIA FRANCO GENTILINI;VIA FRANCO GENTILINI;;;Scontro frontale/laterale DX fra veicoli in marcia;Incrocio;Una carreggiata a doppio senso;Bagnato (pioggia);Asfaltata;Verticale ed orizzontale;Nuvoloso;Normale;Buona;Sufficiente;0;0;0;2;12.361;41.77135;-1;1;Autovettura privata;In marcia / fermata / arresto;Conducente;M;Illeso;0;;Non accertato;Inesploso
3016606;13;18/10/2016 21:45;Strada Urbana;VIA DOMENICO PURIFICATO;all'intersezione con;VIA FRANCO GENTILINI;VIA FRANCO GENTILINI;;;Scontro frontale/laterale DX fra veicoli in marcia;Incrocio;Una carreggiata a doppio senso;Bagnato (pioggia);Asfaltata;Verticale ed orizzontale;Nuvoloso;Normale;Buona;Sufficiente;0;0;0;2;12.361;41.77135;-1;2;Autovettura privata;In marcia / fermata / arresto;Conducente;F;Illeso;0;;Non accertato;Inesploso
3016608;13;18/10/2016 20:15;Strada Urbana;VIA CRISTOFORO COLOMBO;all'intersezione con;LUNGOMARE AMERIGO VESPUCCI;LUNGOMARE AMERIGO VESPUCCI;;;Scontro laterale fra veicoli in marcia;Rotatoria;Due carreggiate;Bagnato (pioggia);Asfaltata;Verticale ed orizzontale;Nuvoloso;Normale;Buona;Sufficiente;0;0;0;2;12.3172;41.71447;-1;1;Autovettura privata;In marcia / fermata / arresto;Conducente;F;Illeso;0;;;
3016608;13;18/10/2016 20:15;Strada Urbana;VIA CRISTOFORO COLOMBO;all'intersezione con;LUNGOMARE AMERIGO VESPUCCI;LUNGOMARE AMERIGO VESPUCCI;;;Scontro laterale fra veicoli in marcia;Rotatoria;Due carreggiate;Bagnato (pioggia);Asfaltata;Verticale ed orizzontale;Nuvoloso;Normale;Buona;Sufficiente;0;0;0;2;12.3172;41.71447;-1;2;Autovettura privata;In marcia / fermata / arresto;Conducente;M;Illeso;0;;;
3016613;13;18/10/2016 22:15;Strada Urbana;VIA PADRE MASSARUTI;in corrispondenza;;del civico n.;101;;Veicolo in marcia contro ostacolo accidentale;Rettilineo;Una carreggiata a doppio senso;Bagnato (umidità in atto);Asfaltata;Assente;Nuvoloso;Scarso;Buona;Sufficiente;0;0;0;1;12.35338;41.76338;-1;1;Autovettura privata;In marcia / fermata / arresto;Conducente;M;Illeso;0;;;
3016649;6;18/10/2016 20:40;Strada Urbana;VIA DI ACQUA BULLICANTE;in prossimità;;del civico n.;162;;Tamponamento;Rettilineo;Una carreggiata a doppio senso;Bagnato (pioggia);Asfaltata;Verticale ed orizzontale;Nuvoloso;Normale;Buona;Sufficiente;0;0;0;2;12.5437;41.88623;-1;1;Autovettura privata;In marcia / fermata / arresto;Conducente;M;Illeso;0;;;
3016649;6;18/10/2016 20:40;Strada Urbana;VIA DI ACQUA BULLICANTE;in prossimità;;del civico n.;162;;Tamponamento;Rettilineo;Una carreggiata a doppio senso;Bagnato (pioggia);Asfaltata;Verticale ed orizzontale;Nuvoloso;Normale;Buona;Sufficiente;0;0;0;2;12.5437;41.88623;-1;2;Autovettura privata;In marcia / fermata / arresto;Conducente;M;Illeso;0;;;
3016657;11;18/10/2016 14:10;Strada Urbana;VIALE DI S. PAOLO;da specificare;;;;altezza LUNGOTEVERE DI S. PAOLO;Scontro laterale fra veicoli in marcia;Rettilineo;Due carreggiate;Bagnato (pioggia);Asfaltata;Verticale ed orizzontale;Pioggia in atto;Normale;Buona;Ore Diurne;0;0;0;4;12.47601;41.86057;-1;1;Autovettura privata;In marcia / fermata / arresto;Conducente;M;Illeso;0;;Non accertato;Inesploso
3016657;11;18/10/2016 14:10;Strada Urbana;VIALE DI S. PAOLO;da specificare;;;;altezza LUNGOTEVERE DI S. PAOLO;Scontro laterale fra veicoli in marcia;Rettilineo;Due carreggiate;Bagnato (pioggia);Asfaltata;Verticale ed orizzontale;Pioggia in atto;Normale;Buona;Ore Diurne;0;0;0;4;12.47601;41.86057;-1;1;Autovettura privata;In marcia / fermata / arresto;Passeggero;F;Illeso;0;;Non accertato;Inesploso
3016657;11;18/10/2016 14:10;Strada Urbana;VIALE DI S. PAOLO;da specificare;;;;altezza LUNGOTEVERE DI S. PAOLO;Scontro laterale fra veicoli in marcia;Rettilineo;Due carreggiate;Bagnato (pioggia);Asfaltata;Verticale ed orizzontale;Pioggia in atto;Normale;Buona;Ore Diurne;0;0;0;4;12.47601;41.86057;-1;1;Autovettura privata;In marcia / fermata / arresto;Passeggero;M;Illeso;0;;Non accertato;Inesploso
3016657;11;18/10/2016 14:10;Strada Urbana;VIALE DI S. PAOLO;da specificare;;;;altezza LUNGOTEVERE DI S. PAOLO;Scontro laterale fra veicoli in marcia;Rettilineo;Due carreggiate;Bagnato (pioggia);Asfaltata;Verticale ed orizzontale;Pioggia in atto;Normale;Buona;Ore Diurne;0;0;0;4;12.47601;41.86057;-1;2;Autovettura privata;In marcia / fermata / arresto;Conducente;F;Illeso;0;;Non accertato;Inesploso
3016679;18;18/10/2016 15:20;Strada Urbana;VIA MATTIA BATTISTINI;in prossimità;;del civico n.;187;;Veicolo in marcia contro veicolo in sosta;Rettilineo;Due carreggiate;Bagnato (pioggia);Asfaltata;Verticale ed orizzontale;Nuvoloso;Normale;Buona;Ore Diurne;1;0;0;0;12.4184;41.91233;-1;1;Motociclo a solo;In marcia / fermata / arresto;Conducente;M;Rifiuta cure immediate;0;NON DECEDUTO;Non accertato;
3016684;18;18/10/2016 15:30;Strada Urbana;VIA GREGORIO VII;da specificare;;;;FRONTE CIVICO 466;Scontro laterale fra veicoli in marcia;Rettilineo;Più di due carreggiate;Bagnato (pioggia);Asfaltata;Verticale ed orizzontale;Pioggia in atto;Normale;Buona;Ore Diurne;0;0;0;3;12.44068;41.89613;-1;1;Autovettura privata;In marcia / fermata / arresto;Conducente;F;Illeso;0;;;
3016684;18;18/10/2016 15:30;Strada Urbana;VIA GREGORIO VII;da specificare;;;;FRONTE CIVICO 466;Scontro laterale fra veicoli in marcia;Rettilineo;Più di due carreggiate;Bagnato (pioggia);Asfaltata;Verticale ed orizzontale;Pioggia in atto;Normale;Buona;Ore Diurne;0;0;0;3;12.44068;41.89613;-1;2;Autovettura privata;In marcia / fermata / arresto;Conducente;M;Illeso;0;;;
3016684;18;18/10/2016 15:30;Strada Urbana;VIA GREGORIO VII;da specificare;;;;FRONTE CIVICO 466;Scontro laterale fra veicoli in marcia;Rettilineo;Più di due carreggiate;Bagnato (pioggia);Asfaltata;Verticale ed orizzontale;Pioggia in atto;Normale;Buona;Ore Diurne;0;0;0;3;12.44068;41.89613;-1;2;Autovettura privata;In marcia / fermata / arresto;Passeggero;F;Illeso;0;;;
3016694;8;18/10/2016 08:05;Strada Urbana;VIA DEL CASALONE;da specificare;;;;prossimità VIA GILDONE;Veicolo in marcia contro ostacolo fisso;Rettilineo;Una carreggiata a doppio senso;Asciutto;Lastricata;Assente;Nuvoloso;Scarso;Buona;Ore Diurne;0;0;0;1;12.67885;41.92038;-1;1;Autovettura privata;In marcia / fermata / arresto;Conducente;F;Illeso;0;;Non accertato;
3016697;8;18/10/2016 10:40;Strada Urbana;VIA DELL' OSTERIA DEL FINOCCHIO;in corrispondenza;;del civico n.;132;;Veicolo in marcia contro ostacolo accidentale;Rettilineo;Una carreggiata a doppio senso;Asciutto;Asfaltata;Verticale;Nuvoloso;Normale;Buona;Ore Diurne;0;0;0;1;12.68135;41.85891;-1;1;Autovettura privata;In marcia / fermata / arresto;Conducente;F;Illeso;0;;Non accertato;Inesploso
3016699;9;19/10/2016 07:15;Strada Urbana;VIA EURIALO;all'intersezione con;VIA ENEA;VIA ENEA;;;Investimento di pedone;Incrocio;Una carreggiata a senso unico di marcia;Asciutto;Asfaltata;Orizzontale;Sereno;Scarso;Buona;Ore Diurne;1;0;0;1;12.52636;41.87337;-1;;;;Pedone;F;Rimandato;0;NON DECEDUTO;;
3016699;9;19/10/2016 07:15;Strada Urbana;VIA EURIALO;all'intersezione con;VIA ENEA;VIA ENEA;;;Investimento di pedone;Incrocio;Una carreggiata a senso unico di marcia;Asciutto;Asfaltata;Orizzontale;Sereno;Scarso;Buona;Ore Diurne;1;0;0;1;12.52636;41.87337;-1;1;Autovettura privata;In marcia / fermata / arresto;Conducente;M;Illeso;0;;Non accertato;
3016700;5;18/10/2016 16:30;Strada Urbana;PIAZZA AMILCARE ZAMORANI;all'intersezione con;VIA ACHILLE BENEDETTI;VIA ACHILLE BENEDETTI;;;Scontro laterale fra veicoli in marcia;Incrocio;Una carreggiata a doppio senso;Bagnato (pioggia);Asfaltata;Verticale ed orizzontale;Pioggia in atto;Normale;Buona;Ore Diurne;0;0;0;2;12.54481;41.9113;-1;1;Autovettura privata;In marcia / fermata / arresto;Conducente;M;Illeso;0;;Non accertato;Inesploso
3016700;5;18/10/2016 16:30;Strada Urbana;PIAZZA AMILCARE ZAMORANI;all'intersezione con;VIA ACHILLE BENEDETTI;VIA ACHILLE BENEDETTI;;;Scontro laterale fra veicoli in marcia;Incrocio;Una carreggiata a doppio senso;Bagnato (pioggia);Asfaltata;Verticale ed orizzontale;Pioggia in atto;Normale;Buona;Ore Diurne;0;0;0;2;12.54481;41.9113;-1;2;Autovettura privata;In marcia / fermata / arresto;Conducente;M;Illeso;0;;Non accertato;Inesploso
3016705;8;18/10/2016 11:30;Strada Urbana;VIA DI ROCCA CENCIA;all'intersezione con;VIA PRENESTINA NUOVA;VIA PRENESTINA NUOVA;;;Scontro frontale/laterale DX fra veicoli in marcia;Incrocio;Una carreggiata a doppio senso;Bagnato (pioggia);Asfaltata;Verticale ed orizzontale;Nuvoloso;Normale;Sufficiente;Ore Diurne;0;0;0;2;12.69602;41.88826;-1;1;Autovettura privata;In marcia / fermata / arresto;Conducente;M;Illeso;0;;Non accertato;Inesploso
3016705;8;18/10/2016 11:30;Strada Urbana;VIA DI ROCCA CENCIA;all'intersezione con;VIA PRENESTINA NUOVA;VIA PRENESTINA NUOVA;;;Scontro frontale/laterale DX fra veicoli in marcia;Incrocio;Una carreggiata a doppio senso;Bagnato (pioggia);Asfaltata;Verticale ed orizzontale;Nuvoloso;Normale;Sufficiente;Ore Diurne;0;0;0;2;12.69602;41.88826;-1;2;Autovettura privata;In marcia / fermata / arresto;Conducente;M;Illeso;0;;Non accertato;Inesploso
3016714;8;18/10/2016 14:15;Strada Urbana;VIA WALTER TOBAGI;in prossimità;;del civico n.;85;;Veicolo in marcia contro ostacolo accidentale;Rettilineo;Una carreggiata a doppio senso;Bagnato (pioggia);Con buche;Verticale ed orizzontale;Pioggia in atto;Normale;Buona;Ore Diurne;0;0;0;2;12.59818;41.87178;-1;1;Autovettura privata;In marcia / fermata / arresto;Passeggero;F;Illeso;0;;Non accertato;Inesploso
3016714;8;18/10/2016 14:15;Strada Urbana;VIA WALTER TOBAGI;in prossimità;;del civico n.;85;;Veicolo in marcia contro ostacolo accidentale;Rettilineo;Una carreggiata a doppio senso;Bagnato (pioggia);Con buche;Verticale ed orizzontale;Pioggia in atto;Normale;Buona;Ore Diurne;0;0;0;2;12.59818;41.87178;-1;1;Autovettura privata;In marcia / fermata / arresto;Conducente;F;Illeso;0;;Non accertato;Inesploso
3016731;5;18/10/2016 18:35;Strada Urbana;NUOVA CIRCONVALLAZIONE INTERNA;da specificare;;;;direz. S. Giovanni alt. PORTONACCIO;Tamponamento Multiplo;Rettilineo;Una carreggiata a senso unico di marcia;Asciutto;Asfaltata;Verticale ed orizzontale;Sereno;Intenso;Buona;Ore Diurne;0;0;0;4;12.53385;41.90761;-1;1;Autovettura privata;In marcia / fermata / arresto;Conducente;F;Illeso;0;;Non accertato;Inesploso
3016731;5;18/10/2016 18:35;Strada Urbana;NUOVA CIRCONVALLAZIONE INTERNA;da specificare;;;;direz. S. Giovanni alt. PORTONACCIO;Tamponamento Multiplo;Rettilineo;Una carreggiata a senso unico di marcia;Asciutto;Asfaltata;Verticale ed orizzontale;Sereno;Intenso;Buona;Ore Diurne;0;0;0;4;12.53385;41.90761;-1;1;Autovettura privata;In marcia / fermata / arresto;Passeggero;F;Illeso;0;;Non accertato;Inesploso
3016731;5;18/10/2016 18:35;Strada Urbana;NUOVA CIRCONVALLAZIONE INTERNA;da specificare;;;;direz. S. Giovanni alt. PORTONACCIO;Tamponamento Multiplo;Rettilineo;Una carreggiata a senso unico di marcia;Asciutto;Asfaltata;Verticale ed orizzontale;Sereno;Intenso;Buona;Ore Diurne;0;0;0;4;12.53385;41.90761;-1;2;Autovettura privata;In marcia / fermata / arresto;Conducente;F;Illeso;0;;Non accertato;Inesploso
3016731;5;18/10/2016 18:35;Strada Urbana;NUOVA CIRCONVALLAZIONE INTERNA;da specificare;;;;direz. S. Giovanni alt. PORTONACCIO;Tamponamento Multiplo;Rettilineo;Una carreggiata a senso unico di marcia;Asciutto;Asfaltata;Verticale ed orizzontale;Sereno;Intenso;Buona;Ore Diurne;0;0;0;4;12.53385;41.90761;-1;3;Autovettura privata;In marcia / fermata / arresto;Conducente;F;Illeso;0;;Non accertato;Inesploso
3016734;8;18/10/2016 11:45;Strada Urbana;VIA PRENESTINA;in corrispondenza;;del civico n.;1184;;Scontro laterale fra veicoli in marcia;Rettilineo;Una carreggiata a doppio senso;Bagnato (pioggia);Asfaltata;Verticale ed orizzontale;Nebbia;Normale;Buona;Ore Diurne;0;0;0;4;12.62695;41.8927;-1;1;Autovettura privata;In marcia / fermata / arresto;Conducente;M;Illeso;0;;Non accertato;Inesploso