Protocollo;Gruppo;DataOraIncidente;Localizzazione1;STRADA1;Localizzazione2;STRADA2;Strada02;Chilometrica;DaSpecificare;NaturaIncidente;particolaritastrade;TipoStrada;FondoStradale;Pavimentazione;Segnaletica;CondizioneAtmosferica;Traffico;Visibilita;Illuminazione;NUM_FERITI;NUM_RISERVATA;NUM_MORTI;NUM_ILLESI;Longitudine;Latitudine;Confermato;Progressivo;TipoVeicolo;StatoVeicolo;TipoPersona;Sesso;Tipolesione;Deceduto;DecedutoDopo;CinturaCascoUtilizzato;Airbag
3017993;12;18/10/2016 00:10;Strada Urbana;LARGO VIRGILIO TESTA;da specificare;;;;prox via C. del Lavoro ;Tamponamento;Rettilineo;Due carreggiate;Asciutto;Asfaltata;Verticale ed orizzontale;Sereno;Normale;Buona;Sufficiente;0;0;0;2;12.46781;41.83641;-1;2;Autovettura privata;In marcia / fermata / arresto;Conducente;M;Illeso;0;;Utilizzato;Inesploso
3018026;19;19/10/2016 12:00;Strada Urbana;VIA GIUSEPPE MOSCATI;in corrispondenza;;del civico n.;15;;Tamponamento;Curva a visuale libera;Una carreggiata a doppio senso;Asciutto;Asfaltata;Verticale;Nuvoloso;Normale;Buona;Ore Diurne;0;0;0;2;12.42791;41.926;-1;1;Autovettura privata;In marcia / fermata / arresto;Conducente;M;Illeso;0;;;
3018026;19;19/10/2016 12:00;Strada Urbana;VIA GIUSEPPE MOSCATI;in corrispondenza;;del civico n.;15;;Tamponamento;Curva a visuale libera;Una carreggiata a doppio senso;Asciutto;Asfaltata;Verticale;Nuvoloso;Normale;Buona;Ore Diurne;0;0;0;2;12.42791;41.926;-1;2;Autovettura privata;In marcia / fermata / arresto;Conducente;F;Illeso;0;;Non accertato;Inesploso
3018058;11;19/10/2016 16:20;Strada Urbana;VIA CORNELIO MAGNI;da specificare;;;;contro laterale VIA C. COLOMBO;Scontro frontale/laterale DX fra veicoli in marcia;Rettilineo;Più di due carreggiate;Bagnato (pioggia);Asfaltata;Verticale ed orizzontale;Pioggia in atto;Scarso;Buona;Ore Diurne;0;0;0;3;12.49753;41.86553;-1;1;Autovettura privata;In marcia / fermata / arresto;Conducente;M;Illeso;0;;Non accertato;Inesploso
3018058;11;19/10/2016 16:20;Strada Urbana;VIA CORNELIO MAGNI;da specificare;;;;contro laterale VIA C. COLOMBO;Scontro frontale/laterale DX fra veicoli in marcia;Rettilineo;Più di due carreggiate;Bagnato (pioggia);Asfaltata;Verticale ed orizzontale;Pioggia in atto;Scarso;Buona;Ore Diurne;0;0;0;3;12.49753;41.86553;-1;2;Autovettura privata;In marcia / fermata / arresto;Conducente;F;Illeso;0;;Non accertato;
3018058;11;19/10/2016 16:20;Strada Urbana;VIA CORNELIO MAGNI;da specificare;;;;contro laterale VIA C. COLOMBO;Scontro frontale/laterale DX fra veicoli in marcia;Rettilineo;Più di due carreggiate;Bagnato (pioggia);Asfaltata;Verticale ed orizzontale;Pioggia in atto;Scarso;Buona;Ore Diurne;0;0;0;3;12.49753;41.86553;-1;2;Autovettura privata;In marcia / fermata / arresto;Passeggero;M;Illeso;0;;Non accertato;
3018099;19;19/10/2016 15:25;Strada Urbana;VIA BERNARDO DA BIBBIENA;all'intersezione semaforizzata con;VIA PIETRO BEMBO;VIA PIETRO BEMBO;;;Tamponamento;Intersezione semaforizzata;Una carreggiata a doppio senso;Asciutto;Asfaltata;Verticale ed orizzontale;Sereno;Normale;Buona;Ore Diurne;0;0;0;2;12.41093;41.91664;-1;1;Autovettura privata;In marcia / fermata / arresto;Conducente;M;Illeso;0;;Non accertato;Inesploso
3018099;19;19/10/2016 15:25;Strada Urbana;VIA BERNARDO DA BIBBIENA;all'intersezione semaforizzata con;VIA PIETRO BEMBO;VIA PIETRO BEMBO;;;Tamponamento;Intersezione semaforizzata;Una carreggiata a doppio senso;Asciutto;Asfaltata;Verticale ed orizzontale;Sereno;Normale;Buona;Ore Diurne;0;0;0;2;12.41093;41.91664;-1;2;Autovettura privata;In marcia / fermata / arresto;Conducente;M;Illeso;0;;Non accertato;Inesploso
3018172;16;19/10/2016 07:15;Strada Urbana;VIA DELLA PISANA;in corrispondenza;;del civico n.;240/F;;Scontro laterale fra veicoli in marcia;Rettilineo;Una carreggiata a doppio senso;Asciutto;Asfaltata;Assente;Sereno;Normale;Buona;Ore Diurne;2;0;0;0;12.41561;41.8779;-1;1;Motociclo a solo;In marcia / fermata / arresto;Conducente;M;Rifiuta cure immediate;0;NON DECEDUTO;Non accertato;
3018172;16;19/10/2016 07:15;Strada Urbana;VIA DELLA PISANA;in corrispondenza;;del civico n.;240/F;;Scontro laterale fra veicoli in marcia;Rettilineo;Una carreggiata a doppio senso;Asciutto;Asfaltata;Assente;Sereno;Normale;Buona;Ore Diurne;2;0;0;0;12.41561;41.8779;-1;2;Autovettura privata;In marcia / fermata / arresto;Conducente;F;Rimandato;0;NON DECEDUTO;Non accertato;Inesploso
3018192;16;19/10/2016 13:30;Strada Urbana;VIA ANGELO BELLANI;da specificare;;;;in prossimità del fronte civico 45;Veicolo in marcia contro veicolo in sosta;Rettilineo;Una carreggiata a senso unico di marcia;Bagnato (pioggia);Asfaltata;Assente;Nuvoloso;Normale;Buona;Ore Diurne;0;0;0;2;12.46915;41.87289;-1;1;Autovettura privata;In marcia / fermata / arresto;Conducente;F;Illeso;0;;Non accertato;Inesploso
3018192;16;19/10/2016 13:30;Strada Urbana;VIA ANGELO BELLANI;da specificare;;;;in prossimità del fronte civico 45;Veicolo in marcia contro veicolo in sosta;Rettilineo;Una carreggiata a senso unico di marcia;Bagnato (pioggia);Asfaltata;Assente;Nuvoloso;Normale;Buona;Ore Diurne;0;0;0;2;12.46915;41.87289;-1;1;Autovettura privata;In marcia / fermata / arresto;Passeggero;F;Illeso;0;;Non accertato;Inesploso
3018484;20;19/10/2016 12:10;Strada Urbana;VIALE ANTONINO DI SAN GIULIANO;all'intersezione semaforizzata con;PIAZZALE DELLA FARNESINA;PIAZZALE DELLA FARNESINA;;;Scontro frontale/laterale DX fra veicoli in marcia;Intersezione semaforizzata;Due carreggiate;Asciutto;Asfaltata;Verticale ed orizzontale;Sereno;Intenso;Buona;Ore Diurne;1;0;0;2;12.46051;41.9372;-1;1;Autovettura privata;In marcia / fermata / arresto;Conducente;M;Illeso;0;;Non accertato;
3018484;20;19/10/2016 12:10;Strada Urbana;VIALE ANTONINO DI SAN GIULIANO;all'intersezione semaforizzata con;PIAZZALE DELLA FARNESINA;PIAZZALE DELLA FARNESINA;;;Scontro frontale/laterale DX fra veicoli in marcia;Intersezione semaforizzata;Due carreggiate;Asciutto;Asfaltata;Verticale ed orizzontale;Sereno;Intenso;Buona;Ore Diurne;1;0;0;2;12.46051;41.9372;-1;2;Autovettura privata;In marcia / fermata / arresto;Conducente;M;Illeso;0;;Non accertato;
3018484;20;19/10/2016 12:10;Strada Urbana;VIALE ANTONINO DI SAN GIULIANO;all'intersezione semaforizzata con;PIAZZALE DELLA FARNESINA;PIAZZALE DELLA FARNESINA;;;Scontro frontale/laterale DX fra veicoli in marcia;Intersezione semaforizzata;Due carreggiate;Asciutto;Asfaltata;Verticale ed orizzontale;Sereno;Intenso;Buona;Ore Diurne;1;0;0;2;12.46051;41.9372;-1;2;Autovettura privata;In marcia / fermata / arresto;Passeggero;F;Rimandato;0;NON DECEDUTO;Non accertato;
3018499;5;19/10/2016 11:05;Strada Urbana;VIALE KANT;all'intersezione semaforizzata con;VIALE MARX;VIALE MARX;;;Investimento di pedone;Intersezione semaforizzata;Due carreggiate;Asciutto;Asfaltata;Verticale ed orizzontale;Sereno;Normale;Buona;Ore Diurne;1;0;0;1;12.554;41.93555;-1;;;;Pedone;F;Ricoverato;0;NON DECEDUTO;;
3018499;5;19/10/2016 11:05;Strada Urbana;VIALE KANT;all'intersezione semaforizzata con;VIALE MARX;VIALE MARX;;;Investimento di pedone;Intersezione semaforizzata;Due carreggiate;Asciutto;Asfaltata;Verticale ed orizzontale;Sereno;Normale;Buona;Ore Diurne;1;0;0;1;12.554;41.93555;-1;1;Autovettura privata;In marcia / fermata / arresto;Conducente;M;Illeso;0;;Non accertato;Inesploso
3018500;11;19/10/2016 17:45;Strada Urbana;VIA ZACCARIA BETTI;all'intersezione con;VIA DANIELE ROSA;VIA DANIELE ROSA;;;Scontro frontale/laterale DX fra veicoli in marcia;Incrocio;Una carreggiata a doppio senso;Asciutto;Asfaltata;Verticale ed orizzontale;Nuvoloso;Scarso;Buona;Ore Diurne;0;0;0;2;12.55813;41.76389;-1;1;Autovettura privata;In marcia / fermata / arresto;Conducente;M;Illeso;0;;Non accertato;Inesploso
3018500;11;19/10/2016 17:45;Strada Urbana;VIA ZACCARIA BETTI;all'intersezione con;VIA DANIELE ROSA;VIA DANIELE ROSA;;;Scontro frontale/laterale DX fra veicoli in marcia;Incrocio;Una carreggiata a doppio senso;Asciutto;Asfaltata;Verticale ed orizzontale;Nuvoloso;Scarso;Buona;Ore Diurne;0;0;0;2;12.55813;41.76389;-1;2;Autovettura privata;In marcia / fermata / arresto;Conducente;M;Illeso;0;;Non accertato;Inesploso
3018503;8;19/10/2016 10:20;Strada Urbana;VIALE PAOLO FERDINANDO QUAGLIA;in corrispondenza;;del civico n.;24;;Scontro laterale fra veicoli in marcia;Rettilineo;Una carreggiata a doppio senso;Asciutto;Asfaltata;Verticale ed orizzontale;Sereno;Normale;Buona;Ore Diurne;0;0;0;3;12.64094;41.86838;-1;1;Autovettura privata;In marcia / fermata / arresto;Conducente;M;Illeso;0;;Non accertato;Inesploso
3018503;8;19/10/2016 10:20;Strada Urbana;VIALE PAOLO FERDINANDO QUAGLIA;in corrispondenza;;del civico n.;24;;Scontro laterale fra veicoli in marcia;Rettilineo;Una carreggiata a doppio senso;Asciutto;Asfaltata;Verticale ed orizzontale;Sereno;Normale;Buona;Ore Diurne;0;0;0;3;12.64094;41.86838;-1;1;Autovettura privata;In marcia / fermata / arresto;Passeggero;F;Illeso;0;;Non accertato;Inesploso
3018503;8;19/10/2016 10:20;Strada Urbana;VIALE PAOLO FERDINANDO QUAGLIA;in corrispondenza;;del civico n.;24;;Scontro laterale fra veicoli in marcia;Rettilineo;Una carreggiata a doppio senso;Asciutto;Asfaltata;Verticale ed orizzontale;Sereno;Normale;Buona;Ore Diurne;0;0;0;3;12.64094;41.86838;-1;2;Autovettura privata;In marcia / fermata / arresto;Conducente;F;Illeso;0;;Non accertato;Inesploso
3018505;8;19/10/2016 19:20;Strada Urbana;VIA DI SALONE;da specificare;;;;prossimità Via Cipolletti;Veicolo in marcia contro ostacolo accidentale;Rettilineo;Una carreggiata a doppio senso;Asciutto;Con buche;Assente;Sereno;Normale;Insufficiente;Inesistente;0;0;0;2;12.62631;41.93187;-1;1;Autovettura privata;In marcia / fermata / arresto;Conducente;M;Illeso;0;;Non accertato;Inesploso
3018505;8;19/10/2016 19:20;Strada Urbana;VIA DI SALONE;da specificare;;;;prossimità Via Cipolletti;Veicolo in marcia contro ostacolo accidentale;Rettilineo;Una carreggiata a doppio senso;Asciutto;Con buche;Assente;Sereno;Normale;Insufficiente;Inesistente;0;0;0;2;12.62631;41.93187;-1;1;Autovettura privata;In marcia / fermata / arresto;Passeggero;F;Illeso;0;;Non accertato;Inesploso
3018507;8;19/10/2016 23:48;Strada Urbana;VIA DI SALONE;in prossimità;;del civico n.;368;;Veicolo in marcia contro ostacolo accidentale;Curva a visuale libera;Una carreggiata a doppio senso;Asciutto;Strada pavimentata dissestata;Assente;Sereno;Scarso;Insufficiente;Inesistente;0;0;0;3;12.63372;41.91415;-1;1;Autovettura privata;In marcia / fermata / arresto;Conducente;F;Illeso;0;;Non accertato;Inesploso
3018507;8;19/10/2016 23:48;Strada Urbana;VIA DI SALONE;in prossimità;;del civico n.;368;;Veicolo in marcia contro ostacolo accidentale;Curva a visuale libera;Una carreggiata a doppio senso;Asciutto;Strada pavimentata dissestata;Assente;Sereno;Scarso;Insufficiente;Inesistente;0;0;0;3;12.63372;41.91415;-1;1;Autovettura privata;In marcia / fermata / arresto;Passeggero;M;Illeso;0;;Non accertato;Inesploso
3018507;8;19/10/2016 23:48;Strada Urbana;VIA DI SALONE;in prossimità;;del civico n.;368;;Veicolo in marcia contro ostacolo accidentale;Curva a visuale libera;Una carreggiata a doppio senso;Asciutto;Strada pavimentata dissestata;Assente;Sereno;Scarso;Insufficiente;Inesistente;0;0;0;3;12.63372;41.91415;-1;1;Autovettura privata;In marcia / fermata / arresto;Passeggero;F;Illeso;0;;Non accertato;Inesploso
3018512;8;20/10/2016 00:50;Strada Urbana;VIA POLICASTRO;in corrispondenza;;del civico n.;5;;Scontro laterale fra veicoli in marcia;Rettilineo;Una carreggiata a doppio senso;Asciutto;Asfaltata;Verticale ed orizzontale;Sereno;Scarso;Sufficiente;Sufficiente;1;0;0;2;12.54346;41.88281;-1;1;Autovettura privata;In marcia / fermata / arresto;Conducente;M;Illeso;0;;Non accertato;
3018512;8;20/10/2016 00:50;Strada Urbana;VIA POLICASTRO;in corrispondenza;;del civico n.;5;;Scontro laterale fra veicoli in marcia;Rettilineo;Una carreggiata a doppio senso;Asciutto;Asfaltata;Verticale ed orizzontale;Sereno;Scarso;Sufficiente;Sufficiente;1;0;0;2;12.54346;41.88281;-1;1;Autovettura privata;In marcia / fermata / arresto;Passeggero;F;Ricoverato;0;NON DECEDUTO;Non accertato;
3018512;8;20/10/2016 00:50;Strada Urbana;VIA POLICASTRO;in corrispondenza;;del civico n.;5;;Scontro laterale fra veicoli in marcia;Rettilineo;Una carreggiata a doppio senso;Asciutto;Asfaltata;Verticale ed orizzontale;Sereno;Scarso;Sufficiente;Sufficiente;1;0;0;2;12.54346;41.88281;-1;2;Autocarro inferiore 35 q.;In marcia / fermata / arresto;Conducente;M;Illeso;0;;Non accertato;
3018513;12;19/10/2016 14:00;Strada Urbana;VIA DI DECIMA;in prossimità;;del civico n.;274;;Veicolo in marcia contro veicoli in sosta;Rettilineo;Una carreggiata a doppio senso;Asciutto;Asfaltata;Orizzontale;Nuvoloso;Scarso;Insufficiente;Ore Diurne;1;0;0;0;12.45394;41.80361;-1;1;Autocarro inferiore 35 q.;In marcia / fermata / arresto;Conducente;M;Ricoverato;0;NON DECEDUTO;Non accertato;Inesistente
3018514;15;19/10/2016 18:00;Comunale extraurbana;VIA DELLA PISANA;in prossimità;;del civico n.;1444;;Infortunio per sola frenata improvvisa;Pendenza;Una carreggiata a doppio senso;Asciutto;Asfaltata;Orizzontale;Sereno;Normale;Buona;Ore Diurne;0;0;0;2;12.34326;41.84599;-1;1;Motociclo a solo;In marcia / fermata / arresto;Conducente;M;Illeso;0;;Utilizzato;
3018514;15;19/10/2016 18:00;Comunale extraurbana;VIA DELLA PISANA;in prossimità;;del civico n.;1444;;Infortunio per sola frenata improvvisa;Pendenza;Una carreggiata a doppio senso;Asciutto;Asfaltata;Orizzontale;Sereno;Normale;Buona;Ore Diurne;0;0;0;2;12.34326;41.84599;-1;2;Autovettura privata;In marcia / fermata / arresto;Conducente;M;Illeso;0;;Utilizzato;
3018518;8;19/10/2016 19:25;Strada Urbana;VIA DI SALONE;da specificare;;;;prossimità Via Cipolletti;Veicolo in marcia contro ostacolo accidentale;Rettilineo;Una carreggiata a doppio senso;Asciutto;Con buche;Assente;Sereno;Normale;Insufficiente;Inesistente;0;0;0;1;12.62631;41.93187;-1;1;Autovettura privata;In marcia / fermata / arresto;Conducente;M;Illeso;0;;Non accertato;Inesploso
3018527;8;19/10/2016 19:30;Strada Urbana;VIA DEL PONTE DI NONA;in prossimità;;del civico n.;71;;Scontro laterale fra veicoli in marcia;Rettilineo;Una carreggiata a doppio senso;Bagnato (umidità in atto);Asfaltata;Orizzontale;Nuvoloso;Normale;Buona;Sufficiente;1;0;0;1;12.66112;41.89944;-1;1;Motociclo a solo;In marcia / fermata / arresto;Conducente;M;Rimandato;0;NON DECEDUTO;Non accertato;
3018527;8;19/10/2016 19:30;Strada Urbana;VIA DEL PONTE DI NONA;in prossimità;;del civico n.;71;;Scontro laterale fra veicoli in marcia;Rettilineo;Una carreggiata a doppio senso;Bagnato (umidità in atto);Asfaltata;Orizzontale;Nuvoloso;Normale;Buona;Sufficiente;1;0;0;1;12.66112;41.89944;-1;2;Autovettura privata;In marcia / fermata / arresto;Conducente;M;Illeso;0;;Non accertato;Inesploso
3018532;8;19/10/2016 20:00;Strada Urbana;VIA DI SALONE;da specificare;;;;prossimità Via Cipolletti;Veicolo in marcia contro ostacolo accidentale;Rettilineo;Una carreggiata a doppio senso;Asciutto;Con buche;Assente;Sereno;Normale;Insufficiente;Inesistente;0;0;0;1;12.62631;41.93187;-1;1;Autovettura privata;In marcia / fermata / arresto;Conducente;M;Illeso;0;;Non accertato;Inesploso
3018537;13;19/10/2016 11:55;Strada Urbana;VIA DI PRATO CORNELIO;in corrispondenza;;del civico n.;104;;Veicolo in marcia contro ostacolo fisso;Rettilineo;Due carreggiate;Asciutto;Asfaltata;Verticale ed orizzontale;Sereno;Normale;Sufficiente;Ore Diurne;0;0;0;1;12.36133;41.77341;-1;1;Autovettura privata;In marcia / fermata / arresto;Conducente;M;Illeso;0;;Non accertato;Inesploso
3018538;8;19/10/2016 18:50;Strada Urbana;VIA PRENESTINA;all'intersezione semaforizzata con;VIA DEL PONTE DI NONA;VIA DEL PONTE DI NONA;;;Scontro frontale fra veicoli in marcia;Incrocio;Una carreggiata a doppio senso;Asciutto;Asfaltata;Verticale ed orizzontale;Nuvoloso;Normale;Sufficiente;Sufficiente;0;0;0;3;12.66296;41.89607;-1;1;Autovettura privata;In marcia / fermata / arresto;Conducente;F;Illeso;0;;;
3018538;8;19/10/2016 18:50;Strada Urbana;VIA PRENESTINA;all'intersezione semaforizzata con;VIA DEL PONTE DI NONA;VIA DEL PONTE DI NONA;;;Scontro frontale fra veicoli in marcia;Incrocio;Una carreggiata a doppio senso;Asciutto;Asfaltata;Verticale ed orizzontale;Nuvoloso;Normale;Sufficiente;Sufficiente;0;0;0;3;12.66296;41.89607;-1;1;Autovettura privata;In marcia / fermata / arresto;Passeggero;M;Illeso;0;;;
3018538;8;19/10/2016 18:50;Strada Urbana;VIA PRENESTINA;all'intersezione semaforizzata con;VIA DEL PONTE DI NONA;VIA DEL PONTE DI NONA;;;Scontro frontale fra veicoli in marcia;Incrocio;Una carreggiata a doppio senso;Asciutto;Asfaltata;Verticale ed orizzontale;Nuvoloso;Normale;Sufficiente;Sufficiente;0;0;0;3;12.66296;41.89607;-1;2;Motociclo a solo;In marcia / fermata / arresto;Conducente;F;Illeso;0;;;
3018540;8;19/10/2016 20:15;Strada Urbana;VIA DI SALONE;da specificare;;;;prossimità via Cipolletti;Veicolo in marcia contro ostacolo accidentale;Rettilineo;Una carreggiata a doppio senso;Asciutto;Con buche;Assente;Sereno;Normale;Insufficiente;Inesistente;0;0;0;1;12.62631;41.93187;-1;1;Autovettura privata;In marcia / fermata / arresto;Conducente;M;Illeso;0;;Non accertato;Inesploso
3018542;8;19/10/2016 06:10;Strada Urbana;VIA ANGELO MARABINI;all'intersezione con;VIA AMARETTA;VIA AMARETTA;;;Scontro frontale/laterale DX fra veicoli in marcia;Incrocio;Una carreggiata a doppio senso;Bagnato (umidità in atto);Asfaltata;Verticale ed orizzontale;Sereno;Scarso;Sufficiente;Sufficiente;0;0;0;2;12.6486;41.86492;-1;1;Autovettura privata;In marcia / fermata / arresto;Conducente;M;Illeso;0;;Non accertato;
3018542;8;19/10/2016 06:10;Strada Urbana;VIA ANGELO MARABINI;all'intersezione con;VIA AMARETTA;VIA AMARETTA;;;Scontro frontale/laterale DX fra veicoli in marcia;Incrocio;Una carreggiata a doppio senso;Bagnato (umidità in atto);Asfaltata;Verticale ed orizzontale;Sereno;Scarso;Sufficiente;Sufficiente;0;0;0;2;12.6486;41.86492;-1;2;Autovettura privata;In marcia / fermata / arresto;Conducente;M;Illeso;0;;Non accertato;Inesploso
3018544;8;19/10/2016 20:25;Strada Urbana;VIA DI SALONE;da specificare;;;;prossimità via Cipolletti;Veicolo in marcia contro ostacolo accidentale;Rettilineo;Una carreggiata a doppio senso;Asciutto;Con buche;Assente;Sereno;Normale;Insufficiente;Inesistente;0;0;0;1;12.62631;41.93187;-1;1;Autovettura privata;In marcia / fermata / arresto;Conducente;M;Illeso;0;;Non accertato;Inesploso
3018552;8;19/10/2016 13:30;Strada Urbana;VIALE DEI ROMANISTI;all'intersezione semaforizzata con;VIA ANGIOLO CASSIOLI;VIA ANGIOLO CASSIOLI;;;Investimento di pedone;Intersezione semaforizzata;Due carreggiate;Asciutto;Asfaltata;Verticale ed orizzontale;Sereno;Normale;Buona;Ore Diurne;1;0;0;1;12.57733;41.86753;-1;;;;Pedone;M;Rimandato;0;NON DECEDUTO;;
3018552;8;19/10/2016 13:30;Strada Urbana;VIALE DEI ROMANISTI;all'intersezione semaforizzata con;VIA ANGIOLO CASSIOLI;VIA ANGIOLO CASSIOLI;;;Investimento di pedone;Intersezione semaforizzata;Due carreggiate;Asciutto;Asfaltata;Verticale ed orizzontale;Sereno;Normale;Buona;Ore Diurne;1;0;0;1;12.57733;41.86753;-1;1;Autovettura privata;In marcia / fermata / arresto;Conducente;F;Illeso;0;;Non accertato;Inesploso
3018554;15;19/10/2016 17:45;Strada Urbana;LUNGOTEVERE DELLA MAGLIANA;da specificare;;;;prox. intersezione con Via Sesto Fiorentino;Veicolo in marcia contro ostacolo accidentale;Rettilineo;Una carreggiata a doppio senso;Bagnato (pioggia);Asfaltata;Assente;Pioggia in atto;Normale;Sufficiente;Sufficiente;0;0;0;2;12.46116;41.85123;-1;1;Autovettura privata;In marcia / fermata / arresto;Passeggero;M;Illeso;0;;;
3018554;15;19/10/2016 17:45;Strada Urbana;LUNGOTEVERE DELLA MAGLIANA;da specificare;;;;prox. intersezione con Via Sesto Fiorentino;Veicolo in marcia contro ostacolo accidentale;Rettilineo;Una carreggiata a doppio senso;Bagnato (pioggia);Asfaltata;Assente;Pioggia in atto;Normale;Sufficiente;Sufficiente;0;0;0;2;12.46116;41.85123;-1;1;Autovettura privata;In marcia / fermata / arresto;Conducente;M;Illeso;0;;;
3018559;3;19/10/2016 17:00;Strada Urbana;VIALE REGINA MARGHERITA;in prossimità;;del civico n.;223;;Scontro laterale fra veicoli in marcia;Rettilineo;Una carreggiata a senso unico di marcia;Bagnato (pioggia);Asfaltata;Verticale ed orizzontale;Nuvoloso;Intenso;Buona;Ore Diurne;1;0;0;1;12.50648;41.91332;-1;1;Velocipede;In marcia / fermata / arresto;Conducente;F;Rifiuta cure immediate;0;NON DECEDUTO;Esente;
3018559;3;19/10/2016 17:00;Strada Urbana;VIALE REGINA MARGHERITA;in prossimità;;del civico n.;223;;Scontro laterale fra veicoli in marcia;Rettilineo;Una carreggiata a senso unico di marcia;Bagnato (pioggia);Asfaltata;Verticale ed orizzontale;Nuvoloso;Intenso;Buona;Ore Diurne;1;0;0;1;12.50648;41.91332;-1;2;Autovettura privata;In marcia / fermata / arresto;Conducente;M;Illeso;0;;Non accertato;
3018565;15;19/10/2016 15:30;Strada Urbana;VIA FRANCESCO GRIMALDI;in corrispondenza;;del civico n.;151;;Veicolo in marcia contro veicolo arresto;Rettilineo;Due carreggiate;Bagnato (pioggia);Asfaltata;Assente;Pioggia in atto;Intenso;Buona;Ore Diurne;0;0;0;4;12.46562;41.86524;-1;1;Autocarro superiore 35 q.;In marcia / fermata / arresto;Conducente;M;Illeso;0;;;
3018565;15;19/10/2016 15:30;Strada Urbana;VIA FRANCESCO GRIMALDI;in corrispondenza;;del civico n.;151;;Veicolo in marcia contro veicolo arresto;Rettilineo;Due carreggiate;Bagnato (pioggia);Asfaltata;Assente;Pioggia in atto;Intenso;Buona;Ore Diurne;0;0;0;4;12.46562;41.86524;-1;1;Autocarro superiore 35 q.;In marcia / fermata / arresto;Passeggero;M;Illeso;0;;;
3018565;15;19/10/2016 15:30;Strada Urbana;VIA FRANCESCO GRIMALDI;in corrispondenza;;del civico n.;151;;Veicolo in marcia contro veicolo arresto;Rettilineo;Due carreggiate;Bagnato (pioggia);Asfaltata;Assente;Pioggia in atto;Intenso;Buona;Ore Diurne;0;0;0;4;12.46562;41.86524;-1;1;Autocarro superiore 35 q.;In marcia / fermata / arresto;Passeggero;M;Illeso;0;;;
3018565;15;19/10/2016 15:30;Strada Urbana;VIA FRANCESCO GRIMALDI;in corrispondenza;;del civico n.;151;;Veicolo in marcia contro veicolo arresto;Rettilineo;Due carreggiate;Bagnato (pioggia);Asfaltata;Assente;Pioggia in atto;Intenso;Buona;Ore Diurne;0;0;0;4;12.46562;41.86524;-1;2;Autovettura privata;In marcia / fermata / arresto;Conducente;F;Illeso;0;;;
3018568;20;19/10/2016 20:00;Strada Urbana;VIA CASSIA;all'intersezione con;VIA S. GIOVANNA ELISABETTA;VIA S. GIOVANNA ELISABETTA;;;Scontro frontale/laterale SX fra veicoli in marcia;Intersezione non regolata/non segnalata;Una carreggiata a doppio senso;Asciutto;Asfaltata;Orizzontale;Sereno;Normale;Buona;Sufficiente;0;1;0;1;12.45601;41.95738;-1;1;Autovettura privata;In marcia / fermata / arresto;Conducente;F;Illeso;0;;Non accertato;
3018568;20;19/10/2016 20:00;Strada Urbana;VIA CASSIA;all'intersezione con;VIA S. GIOVANNA ELISABETTA;VIA S. GIOVANNA ELISABETTA;;;Scontro frontale/laterale SX fra veicoli in marcia;Intersezione non regolata/non segnalata;Una carreggiata a doppio senso;Asciutto;Asfaltata;Orizzontale;Sereno;Normale;Buona;Sufficiente;0;1;0;1;12.45601;41.95738;-1;2;Motociclo a solo;In marcia / fermata / arresto;Conducente;M;Prognosi riservata;0;NON DECEDUTO;Non accertato;
3018572;5;19/10/2016 16:15;Strada Urbana;VIALE MARX;in corrispondenza;;del civico n.;88;;Veicolo in marcia contro veicoli in sosta;Rettilineo;Due carreggiate;Asciutto;Asfaltata;Verticale;Nuvoloso;Normale;Buona;Ore Diurne;1;0;0;1;12.55721;41.93647;-1;1;Autovettura privata;In marcia / fermata / arresto;Conducente;M;Rimandato;0;NON DECEDUTO;;
3018572;5;19/10/2016 16:15;Strada Urbana;VIALE MARX;in corrispondenza;;del civico n.;88;;Veicolo in marcia contro veicoli in sosta;Rettilineo;Due carreggiate;Asciutto;Asfaltata;Verticale;Nuvoloso;Normale;Buona;Ore Diurne;1;0;0;1;12.55721;41.93647;-1;1;Autovettura privata;In marcia / fermata / arresto;Passeggero;F;Illeso;0;;Non accertato;
3018577;8;19/10/2016 06:45;Strada Urbana;VIA WALTER TOBAGI;in corrispondenza;;del civico n.;85;;Veicolo in marcia contro ostacolo accidentale;Rettilineo;Una carreggiata a doppio senso;Bagnato (umidità in atto);Asfaltata;Verticale ed orizzontale;Sereno;Scarso;Sufficiente;Sufficiente;0;0;0;1;12.59818;41.87178;-1;1;Autovettura privata;In marcia / fermata / arresto;Conducente;M;Illeso;0;;Non accertato;Inesploso