Protocollo;Gruppo;DataOraIncidente;Localizzazione1;STRADA1;Localizzazione2;STRADA2;Strada02;Chilometrica;DaSpecificare;NaturaIncidente;particolaritastrade;TipoStrada;FondoStradale;Pavimentazione;Segnaletica;CondizioneAtmosferica;Traffico;Visibilita;Illuminazione;NUM_FERITI;NUM_RISERVATA;NUM_MORTI;NUM_ILLESI;Longitudine;Latitudine;Confermato;Progressivo;TipoVeicolo;StatoVeicolo;TipoPersona;Sesso;Tipolesione;Deceduto;DecedutoDopo;CinturaCascoUtilizzato;Airbag
3018675;1;19/10/2016 11:50;Strada Urbana;LUNGOTEVERE DEI SANGALLO;all'intersezione semaforizzata con;PONTE PRINCIPE AMEDEO SAVOIA AOSTA;PONTE PRINCIPE AMEDEO SAVOIA AOSTA;;;Tamponamento;Intersezione semaforizzata;Una carreggiata a senso unico di marcia;Asciutto;Asfaltata;Verticale ed orizzontale;Sereno;Intenso;Buona;Ore Diurne;1;0;0;1;12.46514;41.89809;-1;1;Motociclo a solo;In marcia / fermata / arresto;Conducente;M;Illeso;0;;Non accertato;
3018675;1;19/10/2016 11:50;Strada Urbana;LUNGOTEVERE DEI SANGALLO;all'intersezione semaforizzata con;PONTE PRINCIPE AMEDEO SAVOIA AOSTA;PONTE PRINCIPE AMEDEO SAVOIA AOSTA;;;Tamponamento;Intersezione semaforizzata;Una carreggiata a senso unico di marcia;Asciutto;Asfaltata;Verticale ed orizzontale;Sereno;Intenso;Buona;Ore Diurne;1;0;0;1;12.46514;41.89809;-1;2;Motociclo a solo;In marcia / fermata / arresto;Conducente;M;Rimandato;0;NON DECEDUTO;Non accertato;
3018684;4;19/10/2016 13:50;Strada Urbana;LARGO LUCHINO VISCONTI;da specificare;;;;prossimità via Emilio Zago;Veicolo in marcia contro ostacolo accidentale;Rotatoria;Una carreggiata a senso unico di marcia;Asciutto;Asfaltata;Verticale;Nuvoloso;Normale;Buona;Ore Diurne;0;0;0;1;12.53535;41.96562;-1;1;Motociclo a solo;In marcia / fermata / arresto;Conducente;M;Illeso;0;;Non accertato;
3018685;19;19/10/2016 20:55;Strada Urbana;VIA CASSIA;all'intersezione con;VIA CAMPODIMELE;VIA CAMPODIMELE;;;Scontro frontale/laterale SX fra veicoli in marcia;Incrocio;Una carreggiata a doppio senso;Asciutto;Asfaltata;Orizzontale;Sereno;Normale;Buona;Sufficiente;1;0;0;1;12.41425;41.9826;-1;1;Ciclomotore;In marcia / fermata / arresto;Conducente;M;Rimandato;0;NON DECEDUTO;;
3018685;19;19/10/2016 20:55;Strada Urbana;VIA CASSIA;all'intersezione con;VIA CAMPODIMELE;VIA CAMPODIMELE;;;Scontro frontale/laterale SX fra veicoli in marcia;Incrocio;Una carreggiata a doppio senso;Asciutto;Asfaltata;Orizzontale;Sereno;Normale;Buona;Sufficiente;1;0;0;1;12.41425;41.9826;-1;2;Autovettura privata;In marcia / fermata / arresto;Conducente;F;Illeso;0;;Non accertato;
3018704;18;19/10/2016 18:00;Strada Urbana;VIA DI ACQUAFREDDA;da specificare;;;;CAVALCAVIA VIA AURELIA DIREZIONE CIVITAVECCHIA;Tamponamento Multiplo;Cavalcavia;Più di due carreggiate;Asciutto;Asfaltata;Verticale ed orizzontale;Sereno;Normale;Buona;Ore Diurne;1;0;0;3;12.39367;41.89071;-1;1;Autovettura privata;In marcia / fermata / arresto;Conducente;M;Illeso;0;;;
3018704;18;19/10/2016 18:00;Strada Urbana;VIA DI ACQUAFREDDA;da specificare;;;;CAVALCAVIA VIA AURELIA DIREZIONE CIVITAVECCHIA;Tamponamento Multiplo;Cavalcavia;Più di due carreggiate;Asciutto;Asfaltata;Verticale ed orizzontale;Sereno;Normale;Buona;Ore Diurne;1;0;0;3;12.39367;41.89071;-1;2;Autovettura privata;In marcia / fermata / arresto;Conducente;M;Illeso;0;;;
3018704;18;19/10/2016 18:00;Strada Urbana;VIA DI ACQUAFREDDA;da specificare;;;;CAVALCAVIA VIA AURELIA DIREZIONE CIVITAVECCHIA;Tamponamento Multiplo;Cavalcavia;Più di due carreggiate;Asciutto;Asfaltata;Verticale ed orizzontale;Sereno;Normale;Buona;Ore Diurne;1;0;0;3;12.39367;41.89071;-1;2;Autovettura privata;In marcia / fermata / arresto;Passeggero;F;Illeso;0;;;
3018704;18;19/10/2016 18:00;Strada Urbana;VIA DI ACQUAFREDDA;da specificare;;;;CAVALCAVIA VIA AURELIA DIREZIONE CIVITAVECCHIA;Tamponamento Multiplo;Cavalcavia;Più di due carreggiate;Asciutto;Asfaltata;Verticale ed orizzontale;Sereno;Normale;Buona;Ore Diurne;1;0;0;3;12.39367;41.89071;-1;3;Autovettura privata;In marcia / fermata / arresto;Conducente;F;Rimandato;0;NON DECEDUTO;;
3018707;17;19/10/2016 13:45;Strada Urbana;PIAZZA ADRIANA;in prossimità;;del civico n.;10;;Scontro laterale fra veicoli in marcia;Rettilineo;Una carreggiata a senso unico di marcia;Asciutto;Asfaltata;Verticale ed orizzontale;Sereno;Intenso;Buona;Ore Diurne;0;0;0;3;12.46704;41.90502;-1;1;Autovettura privata;In marcia / fermata / arresto;Conducente;M;Illeso;0;;;
3018707;17;19/10/2016 13:45;Strada Urbana;PIAZZA ADRIANA;in prossimità;;del civico n.;10;;Scontro laterale fra veicoli in marcia;Rettilineo;Una carreggiata a senso unico di marcia;Asciutto;Asfaltata;Verticale ed orizzontale;Sereno;Intenso;Buona;Ore Diurne;0;0;0;3;12.46704;41.90502;-1;2;Autovettura pubblica;In marcia / fermata / arresto;Conducente;M;Illeso;0;;Non accertato;Inesploso
3018707;17;19/10/2016 13:45;Strada Urbana;PIAZZA ADRIANA;in prossimità;;del civico n.;10;;Scontro laterale fra veicoli in marcia;Rettilineo;Una carreggiata a senso unico di marcia;Asciutto;Asfaltata;Verticale ed orizzontale;Sereno;Intenso;Buona;Ore Diurne;0;0;0;3;12.46704;41.90502;-1;2;Autovettura pubblica;In marcia / fermata / arresto;Passeggero;M;Illeso;0;;Non accertato;Inesploso
3018714;4;19/10/2016 22:30;Strada Urbana;VIA GIOVANNI CONTI;da specificare;;;;fronte mercato;Veicolo in marcia contro veicoli in sosta;Rettilineo;Due carreggiate;Asciutto;Asfaltata;Assente;Sereno;Normale;Buona;Ore Diurne;0;0;0;1;12.52851;41.95205;-1;3;Autocarro inferiore 35 q.;In marcia / fermata / arresto;Conducente;M;Illeso;0;;;
3018719;20;19/10/2016 18:10;Regionale;VIA CASSIA;in prossimità;;del civico n.;2008;;Tamponamento Multiplo;Rettilineo;Una carreggiata a doppio senso;Asciutto;Asfaltata;Orizzontale;Sereno;Normale;Sufficiente;Sufficiente;1;0;0;2;12.37597;42.03168;-1;1;Autovettura privata;In marcia / fermata / arresto;Conducente;F;Illeso;0;;Non accertato;
3018719;20;19/10/2016 18:10;Regionale;VIA CASSIA;in prossimità;;del civico n.;2008;;Tamponamento Multiplo;Rettilineo;Una carreggiata a doppio senso;Asciutto;Asfaltata;Orizzontale;Sereno;Normale;Sufficiente;Sufficiente;1;0;0;2;12.37597;42.03168;-1;2;Autovettura privata;In marcia / fermata / arresto;Conducente;F;Rimandato;0;NON DECEDUTO;Non accertato;
3018719;20;19/10/2016 18:10;Regionale;VIA CASSIA;in prossimità;;del civico n.;2008;;Tamponamento Multiplo;Rettilineo;Una carreggiata a doppio senso;Asciutto;Asfaltata;Orizzontale;Sereno;Normale;Sufficiente;Sufficiente;1;0;0;2;12.37597;42.03168;-1;3;Autovettura privata;In marcia / fermata / arresto;Conducente;M;Illeso;0;;Non accertato;
3018732;1;19/10/2016 17:00;Strada Urbana;VIA DI S. GREGORIO;all'intersezione semaforizzata con;PIAZZA DI PORTA CAPENA;PIAZZA DI PORTA CAPENA;;;Scontro frontale/laterale SX fra veicoli in marcia;Intersezione semaforizzata;Una carreggiata a doppio senso;Bagnato (pioggia);Asfaltata;Verticale ed orizzontale;Nuvoloso;Normale;Buona;Ore Diurne;0;0;0;5;12.48997;41.88771;-1;1;Autovettura privata;In marcia / fermata / arresto;Conducente;M;Illeso;0;;;
3018732;1;19/10/2016 17:00;Strada Urbana;VIA DI S. GREGORIO;all'intersezione semaforizzata con;PIAZZA DI PORTA CAPENA;PIAZZA DI PORTA CAPENA;;;Scontro frontale/laterale SX fra veicoli in marcia;Intersezione semaforizzata;Una carreggiata a doppio senso;Bagnato (pioggia);Asfaltata;Verticale ed orizzontale;Nuvoloso;Normale;Buona;Ore Diurne;0;0;0;5;12.48997;41.88771;-1;2;Autovettura privata;In marcia / fermata / arresto;Conducente;F;Illeso;0;;;
3018732;1;19/10/2016 17:00;Strada Urbana;VIA DI S. GREGORIO;all'intersezione semaforizzata con;PIAZZA DI PORTA CAPENA;PIAZZA DI PORTA CAPENA;;;Scontro frontale/laterale SX fra veicoli in marcia;Intersezione semaforizzata;Una carreggiata a doppio senso;Bagnato (pioggia);Asfaltata;Verticale ed orizzontale;Nuvoloso;Normale;Buona;Ore Diurne;0;0;0;5;12.48997;41.88771;-1;2;Autovettura privata;In marcia / fermata / arresto;Passeggero;F;Illeso;0;;;
3018732;1;19/10/2016 17:00;Strada Urbana;VIA DI S. GREGORIO;all'intersezione semaforizzata con;PIAZZA DI PORTA CAPENA;PIAZZA DI PORTA CAPENA;;;Scontro frontale/laterale SX fra veicoli in marcia;Intersezione semaforizzata;Una carreggiata a doppio senso;Bagnato (pioggia);Asfaltata;Verticale ed orizzontale;Nuvoloso;Normale;Buona;Ore Diurne;0;0;0;5;12.48997;41.88771;-1;2;Autovettura privata;In marcia / fermata / arresto;Passeggero;F;Illeso;0;;;
3018732;1;19/10/2016 17:00;Strada Urbana;VIA DI S. GREGORIO;all'intersezione semaforizzata con;PIAZZA DI PORTA CAPENA;PIAZZA DI PORTA CAPENA;;;Scontro frontale/laterale SX fra veicoli in marcia;Intersezione semaforizzata;Una carreggiata a doppio senso;Bagnato (pioggia);Asfaltata;Verticale ed orizzontale;Nuvoloso;Normale;Buona;Ore Diurne;0;0;0;5;12.48997;41.88771;-1;2;Autovettura privata;In marcia / fermata / arresto;Passeggero;M;Illeso;0;;;
3018739;16;19/10/2016 18:30;Strada Urbana;PIAZZA MADONNA DELLA SALETTE;in corrispondenza;;del civico n.;1;;Scontro frontale/laterale SX fra veicoli in marcia;Rettilineo;Due carreggiate;Bagnato (umidità in atto);Asfaltata;Assente;Nuvoloso;Normale;Buona;Sufficiente;0;0;0;4;12.4498;41.87507;-1;1;Autovettura privata;In marcia / fermata / arresto;Conducente;F;Illeso;0;;Non accertato;
3018739;16;19/10/2016 18:30;Strada Urbana;PIAZZA MADONNA DELLA SALETTE;in corrispondenza;;del civico n.;1;;Scontro frontale/laterale SX fra veicoli in marcia;Rettilineo;Due carreggiate;Bagnato (umidità in atto);Asfaltata;Assente;Nuvoloso;Normale;Buona;Sufficiente;0;0;0;4;12.4498;41.87507;-1;1;Autovettura privata;In marcia / fermata / arresto;Passeggero;F;Illeso;0;;Non accertato;
3018739;16;19/10/2016 18:30;Strada Urbana;PIAZZA MADONNA DELLA SALETTE;in corrispondenza;;del civico n.;1;;Scontro frontale/laterale SX fra veicoli in marcia;Rettilineo;Due carreggiate;Bagnato (umidità in atto);Asfaltata;Assente;Nuvoloso;Normale;Buona;Sufficiente;0;0;0;4;12.4498;41.87507;-1;2;Motociclo con passeggero;In marcia / fermata / arresto;Conducente;M;Illeso;0;;Non accertato;
3018739;16;19/10/2016 18:30;Strada Urbana;PIAZZA MADONNA DELLA SALETTE;in corrispondenza;;del civico n.;1;;Scontro frontale/laterale SX fra veicoli in marcia;Rettilineo;Due carreggiate;Bagnato (umidità in atto);Asfaltata;Assente;Nuvoloso;Normale;Buona;Sufficiente;0;0;0;4;12.4498;41.87507;-1;2;Motociclo con passeggero;In marcia / fermata / arresto;Passeggero;F;Illeso;0;;Non accertato;
3018749;17;19/10/2016 21:10;Strada Urbana;VIA FRANCESCO SCHUPFER;in corrispondenza;;del civico n.;8/a;;Investimento di pedone;Curva a visuale libera;Una carreggiata a senso unico di marcia;Asciutto;Asfaltata;Verticale ed orizzontale;Sereno;Scarso;Buona;Sufficiente;1;0;0;1;12.42958;41.90328;-1;;;;Pedone;M;Rimandato;0;NON DECEDUTO;;
3018749;17;19/10/2016 21:10;Strada Urbana;VIA FRANCESCO SCHUPFER;in corrispondenza;;del civico n.;8/a;;Investimento di pedone;Curva a visuale libera;Una carreggiata a senso unico di marcia;Asciutto;Asfaltata;Verticale ed orizzontale;Sereno;Scarso;Buona;Sufficiente;1;0;0;1;12.42958;41.90328;-1;1;Autovettura privata;In marcia / fermata / arresto;Conducente;F;Illeso;0;;Non accertato;Inesploso
3018751;1;19/10/2016 18:20;Strada Urbana;PIAZZA VITTORIO EMANUELE II;in corrispondenza;;del civico n.;79/A;;Tamponamento;Rettilineo;Una carreggiata a doppio senso;Asciutto;In cubetti di porfido;Verticale ed orizzontale;Nuvoloso;Normale;Sufficiente;Sufficiente;0;0;0;2;12.50556;41.89336;-1;1;Autovettura privata;In marcia / fermata / arresto;Conducente;M;Illeso;0;;Non accertato;
3018751;1;19/10/2016 18:20;Strada Urbana;PIAZZA VITTORIO EMANUELE II;in corrispondenza;;del civico n.;79/A;;Tamponamento;Rettilineo;Una carreggiata a doppio senso;Asciutto;In cubetti di porfido;Verticale ed orizzontale;Nuvoloso;Normale;Sufficiente;Sufficiente;0;0;0;2;12.50556;41.89336;-1;2;Autocarro inferiore 35 q.;In marcia / fermata / arresto;Conducente;M;Illeso;0;;Non accertato;
3018752;20;19/10/2016 10:05;Strada Urbana;VIA VILFREDO PARETO;all'intersezione con;LARGO PASQUALE SARACENO;LARGO PASQUALE SARACENO;;;Scontro laterale fra veicoli in marcia;Incrocio;Una carreggiata a doppio senso;Asciutto;Asfaltata;Verticale ed orizzontale;Sereno;Normale;Buona;Ore Diurne;0;0;0;2;12.4652;41.95031;-1;1;Autovettura privata;In marcia / fermata / arresto;Conducente;F;Illeso;0;;Non accertato;
3018752;20;19/10/2016 10:05;Strada Urbana;VIA VILFREDO PARETO;all'intersezione con;LARGO PASQUALE SARACENO;LARGO PASQUALE SARACENO;;;Scontro laterale fra veicoli in marcia;Incrocio;Una carreggiata a doppio senso;Asciutto;Asfaltata;Verticale ed orizzontale;Sereno;Normale;Buona;Ore Diurne;0;0;0;2;12.4652;41.95031;-1;2;Motociclo a solo;In marcia / fermata / arresto;Conducente;M;Illeso;0;;Non accertato;
3018754;10;19/10/2016 23:30;Strada Urbana;VIALE TITO LABIENO;all'intersezione semaforizzata con;VIA QUINTILIO VARO;VIA QUINTILIO VARO;;;Scontro frontale/laterale DX fra veicoli in marcia;Incrocio;Due carreggiate;Asciutto;Asfaltata;Verticale ed orizzontale;Nuvoloso;Scarso;Sufficiente;Sufficiente;0;0;0;3;12.56635;41.85282;-1;1;Autovettura privata;In marcia / fermata / arresto;Conducente;M;Illeso;0;;;
3018754;10;19/10/2016 23:30;Strada Urbana;VIALE TITO LABIENO;all'intersezione semaforizzata con;VIA QUINTILIO VARO;VIA QUINTILIO VARO;;;Scontro frontale/laterale DX fra veicoli in marcia;Incrocio;Due carreggiate;Asciutto;Asfaltata;Verticale ed orizzontale;Nuvoloso;Scarso;Sufficiente;Sufficiente;0;0;0;3;12.56635;41.85282;-1;1;Autovettura privata;In marcia / fermata / arresto;Passeggero;M;Illeso;0;;;
3018754;10;19/10/2016 23:30;Strada Urbana;VIALE TITO LABIENO;all'intersezione semaforizzata con;VIA QUINTILIO VARO;VIA QUINTILIO VARO;;;Scontro frontale/laterale DX fra veicoli in marcia;Incrocio;Due carreggiate;Asciutto;Asfaltata;Verticale ed orizzontale;Nuvoloso;Scarso;Sufficiente;Sufficiente;0;0;0;3;12.56635;41.85282;-1;2;Autovettura privata;In marcia / fermata / arresto;Conducente;F;Illeso;0;;;
3018756;4;19/10/2016 13:50;Strada Urbana;VIA DELLE VIGNE NUOVE;in prossimità;;del palo luce n.;68;;Veicolo in marcia contro ostacolo accidentale;Rettilineo;Due carreggiate;Viscido da liquidi oleosi;Asfaltata;Verticale ed orizzontale;Sereno;Normale;Buona;Ore Diurne;0;0;0;1;12.53579;41.95549;-1;1;Motociclo a solo;In marcia / fermata / arresto;Conducente;M;Illeso;0;;Non accertato;
3018763;4;19/10/2016 13:50;Strada Urbana;VIA DELLE VIGNE NUOVE;in prossimità;;del palo luce n.;69;;Veicolo in marcia contro ostacolo accidentale;Rettilineo;Due carreggiate;Asciutto;Asfaltata;Verticale ed orizzontale;Sereno;Normale;Buona;Ore Diurne;0;0;0;1;12.53579;41.95549;-1;1;Motociclo a solo;In marcia / fermata / arresto;Conducente;M;Illeso;0;;Non accertato;
3018764;18;19/10/2016 14:50;Strada Urbana;VIA LEONE XIII;in prossimità;;del civico n.;95;;Tamponamento Multiplo;Rettilineo;Due carreggiate;Asciutto;Asfaltata;Verticale ed orizzontale;Nuvoloso;Normale;Buona;Ore Diurne;1;0;0;1;12.43897;41.8902;-1;1;Autovettura privata;In marcia / fermata / arresto;Conducente;F;Illeso;0;;Non accertato;Inesploso
3018764;18;19/10/2016 14:50;Strada Urbana;VIA LEONE XIII;in prossimità;;del civico n.;95;;Tamponamento Multiplo;Rettilineo;Due carreggiate;Asciutto;Asfaltata;Verticale ed orizzontale;Nuvoloso;Normale;Buona;Ore Diurne;1;0;0;1;12.43897;41.8902;-1;2;Autovettura privata;In marcia / fermata / arresto;Conducente;F;Rifiuta cure immediate;0;NON DECEDUTO;Non accertato;Inesploso
3018782;4;19/10/2016 12:50;Statale entro l'abitato;VIA SALARIA;da specificare;;;;altezza URBE;Infortunio per sola frenata improvvisa;Rettilineo;Due carreggiate;Asciutto;Asfaltata;Verticale ed orizzontale;Sereno;Normale;Buona;Ore Diurne;1;0;0;0;12.50623;41.96277;-1;1;Motociclo a solo;In marcia / fermata / arresto;Conducente;M;Rimandato;0;NON DECEDUTO;Non accertato;
3018794;4;19/10/2016 07:20;Provinciale entro l'abitato;VIA NOMENTANA;in prossimità;;del civico n.;1125;;Tamponamento;Rettilineo;Una carreggiata a doppio senso;Asciutto;Asfaltata;Verticale ed orizzontale;Sereno;Intenso;Buona;Ore Diurne;0;0;0;3;12.57635;41.95526;-1;1;Autovettura privata;In marcia / fermata / arresto;Conducente;M;Illeso;0;;Non accertato;
3018794;4;19/10/2016 07:20;Provinciale entro l'abitato;VIA NOMENTANA;in prossimità;;del civico n.;1125;;Tamponamento;Rettilineo;Una carreggiata a doppio senso;Asciutto;Asfaltata;Verticale ed orizzontale;Sereno;Intenso;Buona;Ore Diurne;0;0;0;3;12.57635;41.95526;-1;1;Autovettura privata;In marcia / fermata / arresto;Passeggero;F;Illeso;0;;Non accertato;Inesploso
3018794;4;19/10/2016 07:20;Provinciale entro l'abitato;VIA NOMENTANA;in prossimità;;del civico n.;1125;;Tamponamento;Rettilineo;Una carreggiata a doppio senso;Asciutto;Asfaltata;Verticale ed orizzontale;Sereno;Intenso;Buona;Ore Diurne;0;0;0;3;12.57635;41.95526;-1;2;Autovettura privata;In marcia / fermata / arresto;Conducente;M;Illeso;0;;Non accertato;Inesploso
3018811;13;19/10/2016 16:00;Strada Urbana;VIA DEL COLLETTORE PRIMARIO;in prossimità;;del civico n.;83 a;;Veicolo in marcia contro ostacolo accidentale;Rettilineo;Una carreggiata a doppio senso;Asciutto;Con buche;Assente;Sereno;Normale;Buona;Ore Diurne;0;0;0;1;12.30729;41.77298;-1;1;Autovettura privata;In marcia / fermata / arresto;Conducente;F;Illeso;0;;Non accertato;Inesploso
3018817;16;19/10/2016 19:30;Strada Urbana;LUNGOTEVERE DI PIETRA PAPA;da specificare;;;;prossimità Via S. Gherardi;Investimento di pedone;Rettilineo;Due carreggiate;Asciutto;Asfaltata;Orizzontale;Nuvoloso;Normale;Insufficiente;Insufficiente;1;0;0;1;12.47418;41.86282;-1;;;;Pedone;M;Ricoverato;0;NON DECEDUTO;;
3018817;16;19/10/2016 19:30;Strada Urbana;LUNGOTEVERE DI PIETRA PAPA;da specificare;;;;prossimità Via S. Gherardi;Investimento di pedone;Rettilineo;Due carreggiate;Asciutto;Asfaltata;Orizzontale;Nuvoloso;Normale;Insufficiente;Insufficiente;1;0;0;1;12.47418;41.86282;-1;1;Autovettura privata;In marcia / fermata / arresto;Conducente;M;Illeso;0;;Non accertato;
3018837;4;19/10/2016 16:50;Strada Urbana;VIA DELLA BUFALOTTA;in corrispondenza;;del civico n.;224;;Veicolo in marcia contro veicolo arresto;Rettilineo;Una carreggiata a doppio senso;Asciutto;Asfaltata;Orizzontale;Sereno;Normale;Buona;Ore Diurne;0;0;0;3;12.54212;41.95108;-1;1;Autovettura privata;In marcia / fermata / arresto;Conducente;M;Illeso;0;;Non accertato;
3018837;4;19/10/2016 16:50;Strada Urbana;VIA DELLA BUFALOTTA;in corrispondenza;;del civico n.;224;;Veicolo in marcia contro veicolo arresto;Rettilineo;Una carreggiata a doppio senso;Asciutto;Asfaltata;Orizzontale;Sereno;Normale;Buona;Ore Diurne;0;0;0;3;12.54212;41.95108;-1;1;Autovettura privata;In marcia / fermata / arresto;Passeggero;F;Illeso;0;;;
3018837;4;19/10/2016 16:50;Strada Urbana;VIA DELLA BUFALOTTA;in corrispondenza;;del civico n.;224;;Veicolo in marcia contro veicolo arresto;Rettilineo;Una carreggiata a doppio senso;Asciutto;Asfaltata;Orizzontale;Sereno;Normale;Buona;Ore Diurne;0;0;0;3;12.54212;41.95108;-1;2;Autovettura privata;In marcia / fermata / arresto;Conducente;M;Illeso;0;;;
3018838;20;19/10/2016 09:50;Strada Urbana;VIALE ANTONINO DI SAN GIULIANO;da specificare;;;;(fronte VIA MARIO TOSCANO);Scontro laterale fra veicoli in marcia;Rettilineo;Due carreggiate;Asciutto;Asfaltata;Verticale ed orizzontale;Sereno;Normale;Buona;Ore Diurne;0;0;0;3;12.46051;41.9372;-1;1;Autovettura privata;In marcia / fermata / arresto;Conducente;F;Illeso;0;;;
3018838;20;19/10/2016 09:50;Strada Urbana;VIALE ANTONINO DI SAN GIULIANO;da specificare;;;;(fronte VIA MARIO TOSCANO);Scontro laterale fra veicoli in marcia;Rettilineo;Due carreggiate;Asciutto;Asfaltata;Verticale ed orizzontale;Sereno;Normale;Buona;Ore Diurne;0;0;0;3;12.46051;41.9372;-1;1;Autovettura privata;In marcia / fermata / arresto;Passeggero;F;Illeso;0;;;Inesploso
3018838;20;19/10/2016 09:50;Strada Urbana;VIALE ANTONINO DI SAN GIULIANO;da specificare;;;;(fronte VIA MARIO TOSCANO);Scontro laterale fra veicoli in marcia;Rettilineo;Due carreggiate;Asciutto;Asfaltata;Verticale ed orizzontale;Sereno;Normale;Buona;Ore Diurne;0;0;0;3;12.46051;41.9372;-1;2;Autovettura privata;In marcia / fermata / arresto;Conducente;F;Illeso;0;;;Inesploso
3018840;23;18/10/2016 16:00;Comunale extraurbana;VIA CRISTOFORO COLOMBO;in prossimità;;della chilometrica;13.33;;Veicolo in marcia contro ostacolo accidentale;Rettilineo;Più di due carreggiate;Bagnato (umidità in atto);Strada pavimentata dissestata;Assente;Nuvoloso;Scarso;Sufficiente;Ore Diurne;0;0;0;1;12.42449;41.78815;-1;1;Autovettura privata;In marcia / fermata / arresto;Conducente;M;Illeso;0;;Non accertato;Inesploso
3018843;20;19/10/2016 14:00;Strada Urbana;VIA BEVAGNA;in prossimità;;del civico n.;111;;Veicolo in marcia contro veicolo in sosta;Rettilineo;Una carreggiata a doppio senso;Asciutto;Asfaltata;Orizzontale;Nuvoloso;Normale;Buona;Ore Diurne;0;0;0;1;12.47518;41.94215;-1;1;Autovettura privata;In marcia / fermata / arresto;Conducente;F;Illeso;0;;Non accertato;
3018853;12;20/10/2016 08:25;Strada Urbana;VIALE DELL'UMANESIMO;all'intersezione con;VIALE ALGERIA;VIALE ALGERIA;;;Scontro frontale/laterale DX fra veicoli in marcia;Incrocio;Una carreggiata a doppio senso;Bagnato (umidità in atto);Asfaltata;Verticale ed orizzontale;Nuvoloso;Intenso;Buona;Ore Diurne;0;0;0;1;12.468;41.82363;-1;1;Autovettura privata;In marcia / fermata / arresto;Conducente;F;Illeso;0;;;Inesploso
3018854;16;19/10/2016 22:30;Strada Urbana;VIA DEL CASALE LUMBROSO;da specificare;;;;in corrispondenza del Km. 12,200 di Via Aurelia;Ribaltamento senza urto contro ostacolo fisso;Curva senza visuale libera;Una carreggiata a doppio senso;Bagnato (umidità in atto);Asfaltata;Orizzontale;Nuvoloso;Scarso;Insufficiente;Insufficiente;0;0;0;1;12.35492;41.86274;-1;1;Autovettura privata;In marcia / fermata / arresto;Conducente;M;Illeso;0;;Non accertato;
3018864;2;19/10/2016 14:40;Strada Urbana;VIALE PARIOLI;in prossimità;;del civico n.;79H;;Scontro frontale fra veicoli in marcia;Rettilineo;Una carreggiata a doppio senso;Asciutto;Asfaltata;Verticale ed orizzontale;Sereno;Scarso;Buona;Ore Diurne;0;0;0;2;12.48587;41.92694;-1;1;Autovettura privata;In marcia / fermata / arresto;Conducente;M;Illeso;0;;Non accertato;Inesploso
3018864;2;19/10/2016 14:40;Strada Urbana;VIALE PARIOLI;in prossimità;;del civico n.;79H;;Scontro frontale fra veicoli in marcia;Rettilineo;Una carreggiata a doppio senso;Asciutto;Asfaltata;Verticale ed orizzontale;Sereno;Scarso;Buona;Ore Diurne;0;0;0;2;12.48587;41.92694;-1;2;Autovettura privata;In marcia / fermata / arresto;Conducente;M;Illeso;0;;Non accertato;Inesploso
3018869;2;19/10/2016 17:25;Strada Urbana;VIA NEMORENSE;in corrispondenza;;del civico n.;183;;Tamponamento;Rettilineo;Una carreggiata a doppio senso;Asciutto;Asfaltata;Verticale ed orizzontale;Sereno;Scarso;Buona;Ore Diurne;0;0;0;2;12.5146;41.92928;-1;1;Autovettura privata;In marcia / fermata / arresto;Conducente;F;Illeso;0;;Non accertato;Inesploso
3018869;2;19/10/2016 17:25;Strada Urbana;VIA NEMORENSE;in corrispondenza;;del civico n.;183;;Tamponamento;Rettilineo;Una carreggiata a doppio senso;Asciutto;Asfaltata;Verticale ed orizzontale;Sereno;Scarso;Buona;Ore Diurne;0;0;0;2;12.5146;41.92928;-1;2;Autovettura privata;In marcia / fermata / arresto;Conducente;M;Illeso;0;;Non accertato;Inesploso
3018887;7;19/10/2016 22:00;Strada Urbana;VIA RAOUL CHIODELLI;in prossimità;;del civico n.;41;;Veicolo in marcia contro ostacolo accidentale;Rettilineo;Due carreggiate;Asciutto;Asfaltata;Verticale ed orizzontale;Sereno;Scarso;Sufficiente;Sufficiente;0;0;0;1;12.66184;41.90499;-1;1;Autovettura privata;In marcia / fermata / arresto;Conducente;M;Illeso;0;;;
3018910;4;19/10/2016 17:55;Strada Urbana;VIA VIRGILIO TALLI;in prossimità;;del civico n.;170;;Veicolo in marcia contro ostacolo accidentale;Rettilineo;Una carreggiata a doppio senso;Asciutto;Asfaltata;Orizzontale;Sereno;Normale;Buona;Ore Diurne;1;0;0;1;12.51869;41.96498;-1;1;Autovettura privata;In marcia / fermata / arresto;Conducente;F;Illeso;0;;;
3018910;4;19/10/2016 17:55;Strada Urbana;VIA VIRGILIO TALLI;in prossimità;;del civico n.;170;;Veicolo in marcia contro ostacolo accidentale;Rettilineo;Una carreggiata a doppio senso;Asciutto;Asfaltata;Orizzontale;Sereno;Normale;Buona;Ore Diurne;1;0;0;1;12.51869;41.96498;-1;2;Autovettura privata;In marcia / fermata / arresto;Conducente;M;Rimandato;0;NON DECEDUTO;;
3018912;7;19/10/2016 10:45;Strada Urbana;VIA DI CENTOCELLE;in corrispondenza;;del civico n.;299;;Scontro frontale/laterale DX fra veicoli in marcia;Rettilineo;Due carreggiate;Asciutto;Asfaltata;Verticale ed orizzontale;Sereno;Normale;Buona;Ore Diurne;1;0;0;1;12.55481;41.8653;-1;1;Autovettura di polizia;In marcia / fermata / arresto;Conducente;M;Illeso;0;;;