Protocollo;Gruppo;DataOraIncidente;Localizzazione1;STRADA1;Localizzazione2;STRADA2;Strada02;Chilometrica;DaSpecificare;NaturaIncidente;particolaritastrade;TipoStrada;FondoStradale;Pavimentazione;Segnaletica;CondizioneAtmosferica;Traffico;Visibilita;Illuminazione;NUM_FERITI;NUM_RISERVATA;NUM_MORTI;NUM_ILLESI;Longitudine;Latitudine;Confermato;Progressivo;TipoVeicolo;StatoVeicolo;TipoPersona;Sesso;Tipolesione;Deceduto;DecedutoDopo;CinturaCascoUtilizzato;Airbag
3020244;19;21/10/2016 01:15;Strada Urbana;VIALE ETIOPIA;all'intersezione con;VIA TEMBIEN;VIA TEMBIEN;;;Scontro frontale/laterale SX fra veicoli in marcia;Incrocio;Due carreggiate;Bagnato (umidità in atto);Asfaltata;Verticale ed orizzontale;Nuvoloso;Scarso;Sufficiente;Sufficiente;0;0;0;3;12.52584;41.92994;-1;2;Autovettura privata;In marcia / fermata / arresto;Passeggero;F;Illeso;0;;;
3020244;19;21/10/2016 01:15;Strada Urbana;VIALE ETIOPIA;all'intersezione con;VIA TEMBIEN;VIA TEMBIEN;;;Scontro frontale/laterale SX fra veicoli in marcia;Incrocio;Due carreggiate;Bagnato (umidità in atto);Asfaltata;Verticale ed orizzontale;Nuvoloso;Scarso;Sufficiente;Sufficiente;0;0;0;3;12.52584;41.92994;-1;3;Autovettura privata;In marcia / fermata / arresto;Conducente;F;Illeso;0;;;
3020246;7;20/10/2016 21:00;Strada Urbana;VIALE ALESSANDRINO;in prossimità;;del civico n.;665;;Scontro frontale/laterale DX fra veicoli in marcia;Rettilineo;Una carreggiata a doppio senso;Bagnato (pioggia);Asfaltata;Verticale ed orizzontale;Pioggia in atto;Normale;Buona;Sufficiente;0;0;0;2;12.57671;41.88619;-1;1;Autovettura privata;In marcia / fermata / arresto;Conducente;M;Illeso;0;;;
3020246;7;20/10/2016 21:00;Strada Urbana;VIALE ALESSANDRINO;in prossimità;;del civico n.;665;;Scontro frontale/laterale DX fra veicoli in marcia;Rettilineo;Una carreggiata a doppio senso;Bagnato (pioggia);Asfaltata;Verticale ed orizzontale;Pioggia in atto;Normale;Buona;Sufficiente;0;0;0;2;12.57671;41.88619;-1;2;Autovettura privata;In marcia / fermata / arresto;Conducente;M;Illeso;0;;;
3020271;19;20/10/2016 21:30;Strada Urbana;VIALE PARIOLI;in prossimità;;del civico n.;198;;Scontro frontale/laterale SX fra veicoli in marcia;Curva a visuale libera;Una carreggiata a doppio senso;Asciutto;Asfaltata;Orizzontale;Nuvoloso;Normale;Sufficiente;Sufficiente;1;0;0;1;12.48576;41.92941;-1;1;Motociclo a solo;In marcia / fermata / arresto;Conducente;M;Rimandato;0;NON DECEDUTO;;
3020271;19;20/10/2016 21:30;Strada Urbana;VIALE PARIOLI;in prossimità;;del civico n.;198;;Scontro frontale/laterale SX fra veicoli in marcia;Curva a visuale libera;Una carreggiata a doppio senso;Asciutto;Asfaltata;Orizzontale;Nuvoloso;Normale;Sufficiente;Sufficiente;1;0;0;1;12.48576;41.92941;-1;2;Motociclo a solo;In marcia / fermata / arresto;Conducente;M;Illeso;0;;;
3020275;20;20/10/2016 06:30;Provinciale entro l'abitato;VIA DI VALLE MURICANA;all'intersezione con;VIA CASTENEDOLO;VIA CASTENEDOLO;;;Scontro laterale fra veicoli in marcia;Incrocio;Una carreggiata a doppio senso;Bagnato (umidità in atto);Asfaltata;Verticale;Nuvoloso;Normale;Buona;Ore Diurne;1;0;0;1;12.46918;42.02333;-1;1;Autovettura privata;In marcia / fermata / arresto;Conducente;M;Illeso;0;;Non accertato;Esploso
3020275;20;20/10/2016 06:30;Provinciale entro l'abitato;VIA DI VALLE MURICANA;all'intersezione con;VIA CASTENEDOLO;VIA CASTENEDOLO;;;Scontro laterale fra veicoli in marcia;Incrocio;Una carreggiata a doppio senso;Bagnato (umidità in atto);Asfaltata;Verticale;Nuvoloso;Normale;Buona;Ore Diurne;1;0;0;1;12.46918;42.02333;-1;2;Autocarro inferiore 35 q.;In marcia / fermata / arresto;Conducente;M;Rimandato;0;NON DECEDUTO;Non accertato;Esploso
3020299;10;21/10/2016 07:55;Strada Urbana;VIALE DEI CONSOLI;all'intersezione semaforizzata con;VIA SCRIBONIO CURIONE;VIA SCRIBONIO CURIONE;;;Scontro frontale/laterale DX fra veicoli in marcia;Intersezione semaforizzata;Due carreggiate;Bagnato (pioggia);Asfaltata;Verticale ed orizzontale;Nuvoloso;Normale;Sufficiente;Ore Diurne;0;0;0;3;12.55406;41.86356;-1;1;Motociclo a solo;In marcia / fermata / arresto;Conducente;M;Illeso;0;;Non accertato;
3020299;10;21/10/2016 07:55;Strada Urbana;VIALE DEI CONSOLI;all'intersezione semaforizzata con;VIA SCRIBONIO CURIONE;VIA SCRIBONIO CURIONE;;;Scontro frontale/laterale DX fra veicoli in marcia;Intersezione semaforizzata;Due carreggiate;Bagnato (pioggia);Asfaltata;Verticale ed orizzontale;Nuvoloso;Normale;Sufficiente;Ore Diurne;0;0;0;3;12.55406;41.86356;-1;2;Autovettura privata;In marcia / fermata / arresto;Conducente;F;Illeso;0;;;Inesploso
3020299;10;21/10/2016 07:55;Strada Urbana;VIALE DEI CONSOLI;all'intersezione semaforizzata con;VIA SCRIBONIO CURIONE;VIA SCRIBONIO CURIONE;;;Scontro frontale/laterale DX fra veicoli in marcia;Intersezione semaforizzata;Due carreggiate;Bagnato (pioggia);Asfaltata;Verticale ed orizzontale;Nuvoloso;Normale;Sufficiente;Ore Diurne;0;0;0;3;12.55406;41.86356;-1;2;Autovettura privata;In marcia / fermata / arresto;Passeggero;F;Illeso;0;;Non accertato;Inesploso
3020307;11;21/10/2016 05:50;Strada Urbana;VIA CRISTOFORO COLOMBO;in prossimità;;del palo luce n.;125;;Veicolo in marcia contro ostacolo fisso;Rettilineo;Più di due carreggiate;Bagnato (pioggia);Asfaltata;Verticale ed orizzontale;Nuvoloso;Normale;Buona;Sufficiente;0;0;0;1;12.498;41.8622;-1;1;Autocarro inferiore 35 q.;In marcia / fermata / arresto;Conducente;M;Illeso;0;;Non accertato;Esploso
3020334;7;20/10/2016 23:05;Strada Urbana;VIA TOR DE' SCHIAVI;all'intersezione con;VIA DELLE ALBIZZIE;VIA DELLE ALBIZZIE;;;Scontro frontale/laterale SX fra veicoli in marcia;Incrocio;Una carreggiata a doppio senso;Asciutto;Asfaltata;Verticale ed orizzontale;Sereno;Scarso;Sufficiente;Insufficiente;0;0;0;7;12.56278;41.88494;-1;1;Autovettura privata;In marcia / fermata / arresto;Conducente;M;Illeso;0;;Non accertato;Inesploso
3020334;7;20/10/2016 23:05;Strada Urbana;VIA TOR DE' SCHIAVI;all'intersezione con;VIA DELLE ALBIZZIE;VIA DELLE ALBIZZIE;;;Scontro frontale/laterale SX fra veicoli in marcia;Incrocio;Una carreggiata a doppio senso;Asciutto;Asfaltata;Verticale ed orizzontale;Sereno;Scarso;Sufficiente;Insufficiente;0;0;0;7;12.56278;41.88494;-1;1;Autovettura privata;In marcia / fermata / arresto;Passeggero;M;Illeso;0;;Non accertato;Inesploso
3020334;7;20/10/2016 23:05;Strada Urbana;VIA TOR DE' SCHIAVI;all'intersezione con;VIA DELLE ALBIZZIE;VIA DELLE ALBIZZIE;;;Scontro frontale/laterale SX fra veicoli in marcia;Incrocio;Una carreggiata a doppio senso;Asciutto;Asfaltata;Verticale ed orizzontale;Sereno;Scarso;Sufficiente;Insufficiente;0;0;0;7;12.56278;41.88494;-1;1;Autovettura privata;In marcia / fermata / arresto;Passeggero;M;Illeso;0;;Non accertato;Inesploso
3020334;7;20/10/2016 23:05;Strada Urbana;VIA TOR DE' SCHIAVI;all'intersezione con;VIA DELLE ALBIZZIE;VIA DELLE ALBIZZIE;;;Scontro frontale/laterale SX fra veicoli in marcia;Incrocio;Una carreggiata a doppio senso;Asciutto;Asfaltata;Verticale ed orizzontale;Sereno;Scarso;Sufficiente;Insufficiente;0;0;0;7;12.56278;41.88494;-1;2;Autovettura privata;In marcia / fermata / arresto;Conducente;M;Illeso;0;;Non accertato;Inesploso
3020334;7;20/10/2016 23:05;Strada Urbana;VIA TOR DE' SCHIAVI;all'intersezione con;VIA DELLE ALBIZZIE;VIA DELLE ALBIZZIE;;;Scontro frontale/laterale SX fra veicoli in marcia;Incrocio;Una carreggiata a doppio senso;Asciutto;Asfaltata;Verticale ed orizzontale;Sereno;Scarso;Sufficiente;Insufficiente;0;0;0;7;12.56278;41.88494;-1;2;Autovettura privata;In marcia / fermata / arresto;Passeggero;M;Illeso;0;;Non accertato;Inesploso
3020334;7;20/10/2016 23:05;Strada Urbana;VIA TOR DE' SCHIAVI;all'intersezione con;VIA DELLE ALBIZZIE;VIA DELLE ALBIZZIE;;;Scontro frontale/laterale SX fra veicoli in marcia;Incrocio;Una carreggiata a doppio senso;Asciutto;Asfaltata;Verticale ed orizzontale;Sereno;Scarso;Sufficiente;Insufficiente;0;0;0;7;12.56278;41.88494;-1;2;Autovettura privata;In marcia / fermata / arresto;Passeggero;F;Illeso;0;;Non accertato;Inesploso
3020379;8;20/10/2016 12:00;Strada Urbana;VIALE DUILIO CAMBELLOTTI;da specificare;;;;mt 10 da METRO C;Tamponamento Multiplo;Rettilineo;Due carreggiate;Bagnato (umidità in atto);Asfaltata;Orizzontale;Nuvoloso;Intenso;Buona;Ore Diurne;2;0;0;1;12.62961;41.86737;-1;1;Autobus urbano;In marcia / fermata / arresto;Conducente;M;Illeso;0;;Non accertato;Inesploso
3020379;8;20/10/2016 12:00;Strada Urbana;VIALE DUILIO CAMBELLOTTI;da specificare;;;;mt 10 da METRO C;Tamponamento Multiplo;Rettilineo;Due carreggiate;Bagnato (umidità in atto);Asfaltata;Orizzontale;Nuvoloso;Intenso;Buona;Ore Diurne;2;0;0;1;12.62961;41.86737;-1;1;Autobus urbano;In marcia / fermata / arresto;Passeggero;F;Rimandato;0;NON DECEDUTO;Non accertato;Inesploso
3020379;8;20/10/2016 12:00;Strada Urbana;VIALE DUILIO CAMBELLOTTI;da specificare;;;;mt 10 da METRO C;Tamponamento Multiplo;Rettilineo;Due carreggiate;Bagnato (umidità in atto);Asfaltata;Orizzontale;Nuvoloso;Intenso;Buona;Ore Diurne;2;0;0;1;12.62961;41.86737;-1;2;Autovettura privata;In marcia / fermata / arresto;Conducente;F;Rimandato;0;NON DECEDUTO;Non accertato;Inesploso
3020387;8;20/10/2016 14:40;Strada Urbana;VIA DI TOR BELLA MONACA;all'intersezione con;VIA DI TORRENOVA;VIA DI TORRENOVA;;;Scontro laterale fra veicoli in marcia;Intersezione stradale segnalata;Una carreggiata a senso unico di marcia;Asciutto;Asfaltata;Verticale ed orizzontale;Sereno;Scarso;Buona;Ore Diurne;0;0;0;2;12.62375;41.87848;-1;1;Autovettura privata;In marcia / fermata / arresto;Conducente;F;Illeso;0;;Non accertato;Inesploso
3020387;8;20/10/2016 14:40;Strada Urbana;VIA DI TOR BELLA MONACA;all'intersezione con;VIA DI TORRENOVA;VIA DI TORRENOVA;;;Scontro laterale fra veicoli in marcia;Intersezione stradale segnalata;Una carreggiata a senso unico di marcia;Asciutto;Asfaltata;Verticale ed orizzontale;Sereno;Scarso;Buona;Ore Diurne;0;0;0;2;12.62375;41.87848;-1;2;Autovettura privata;In marcia / fermata / arresto;Conducente;M;Illeso;0;;;
3020393;8;20/10/2016 18:50;Regionale entro l'abitato;VIA CASILINA;in corrispondenza;;del civico n.;1934;;Scontro frontale/laterale SX fra veicoli in marcia;Rettilineo;Una carreggiata a doppio senso;Bagnato (umidità in atto);Asfaltata;Verticale ed orizzontale;Nuvoloso;Intenso;Buona;Sufficiente;1;0;0;1;12.69011;41.86333;-1;1;Autovettura privata;In marcia / fermata / arresto;Conducente;F;Rimandato;0;NON DECEDUTO;Non accertato;Inesploso
3020393;8;20/10/2016 18:50;Regionale entro l'abitato;VIA CASILINA;in corrispondenza;;del civico n.;1934;;Scontro frontale/laterale SX fra veicoli in marcia;Rettilineo;Una carreggiata a doppio senso;Bagnato (umidità in atto);Asfaltata;Verticale ed orizzontale;Nuvoloso;Intenso;Buona;Sufficiente;1;0;0;1;12.69011;41.86333;-1;2;Autovettura privata;Allontanatosi;Conducente;M;Illeso;0;;Non accertato;Inesploso
3020394;20;21/10/2016 08:30;Strada Urbana;GALLERIA GIOVANNI XXIII;da specificare;;;;100 metri prima uscita Pineta Sacchetti;Infortunio per caduta del veicolo;Galleria illuminata;Una carreggiata a senso unico di marcia;Asciutto;Asfaltata;Verticale ed orizzontale;Nuvoloso;Scarso;Insufficiente;Inesistente;1;0;0;0;12.44128;41.94052;-1;1;Motociclo a solo;In marcia / fermata / arresto;Conducente;M;Rimandato;0;NON DECEDUTO;Non accertato;
3020442;8;20/10/2016 19:20;Strada Urbana;VIA POLENSE;in prossimità;;del civico n.;5;;Veicolo in marcia contro ostacolo accidentale;Rettilineo;Una carreggiata a doppio senso;Bagnato (pioggia);Asfaltata;Assente;Pioggia in atto;Normale;Insufficiente;Insufficiente;0;0;0;1;12.69951;41.8914;-1;1;Autovettura privata;In marcia / fermata / arresto;Conducente;M;Illeso;0;;Non accertato;Inesploso
3020449;8;20/10/2016 21:15;Strada Urbana;VIA POLENSE;in prossimità;;del civico n.;5;;Veicolo in marcia contro ostacolo accidentale;Rettilineo;Una carreggiata a doppio senso;Bagnato (pioggia);Asfaltata;Assente;Pioggia in atto;Normale;Insufficiente;Insufficiente;0;0;0;2;12.70311;41.8955;-1;1;Autovettura privata;In marcia / fermata / arresto;Conducente;M;Illeso;0;;Non accertato;Inesploso
3020449;8;20/10/2016 21:15;Strada Urbana;VIA POLENSE;in prossimità;;del civico n.;5;;Veicolo in marcia contro ostacolo accidentale;Rettilineo;Una carreggiata a doppio senso;Bagnato (pioggia);Asfaltata;Assente;Pioggia in atto;Normale;Insufficiente;Insufficiente;0;0;0;2;12.70311;41.8955;-1;1;Autovettura privata;In marcia / fermata / arresto;Passeggero;M;Illeso;0;;Non accertato;Inesploso
3020451;11;20/10/2016 20:35;Strada Urbana;VIA CRISTOFORO COLOMBO;da specificare;;;;prossimità PIAZZA DEI NAVIGATORI;Veicolo in marcia contro ostacolo fisso;Curva a visuale libera;Una carreggiata a senso unico di marcia;Bagnato (umidità in atto);Asfaltata;Verticale ed orizzontale;Nuvoloso;Normale;Buona;Sufficiente;1;0;0;0;12.49868;41.86028;-1;1;Autovettura privata;In marcia / fermata / arresto;Conducente;M;Rimandato;0;NON DECEDUTO;Non accertato;
3020453;12;19/10/2016 16:30;Strada Urbana;VIA DELLA DIVISIONE TORINO;all'intersezione con;VIA RAGAZZI DEL 99;VIA RAGAZZI DEL 99;;;Scontro laterale fra veicoli in marcia;Incrocio;Una carreggiata a doppio senso;Asciutto;Asfaltata;Verticale ed orizzontale;Nuvoloso;Normale;Buona;Ore Diurne;0;0;0;3;12.48639;41.82147;-1;1;Autovettura privata;In marcia / fermata / arresto;Conducente;F;Illeso;0;;Non accertato;Inesploso
3020453;12;19/10/2016 16:30;Strada Urbana;VIA DELLA DIVISIONE TORINO;all'intersezione con;VIA RAGAZZI DEL 99;VIA RAGAZZI DEL 99;;;Scontro laterale fra veicoli in marcia;Incrocio;Una carreggiata a doppio senso;Asciutto;Asfaltata;Verticale ed orizzontale;Nuvoloso;Normale;Buona;Ore Diurne;0;0;0;3;12.48639;41.82147;-1;1;Autovettura privata;In marcia / fermata / arresto;Passeggero;F;Illeso;0;;Utilizzato;Inesploso
3020453;12;19/10/2016 16:30;Strada Urbana;VIA DELLA DIVISIONE TORINO;all'intersezione con;VIA RAGAZZI DEL 99;VIA RAGAZZI DEL 99;;;Scontro laterale fra veicoli in marcia;Incrocio;Una carreggiata a doppio senso;Asciutto;Asfaltata;Verticale ed orizzontale;Nuvoloso;Normale;Buona;Ore Diurne;0;0;0;3;12.48639;41.82147;-1;2;Autovettura privata;In marcia / fermata / arresto;Conducente;F;Illeso;0;;Utilizzato;Inesploso
3020473;8;20/10/2016 23:40;Strada Urbana;VIA PIETRO SOMMARIVA;in prossimità;;del civico n.;50;;Veicolo in marcia contro veicoli in sosta;Rettilineo;Una carreggiata a doppio senso;Bagnato (umidità in atto);Asfaltata;Orizzontale;Nuvoloso;Scarso;Buona;Sufficiente;0;0;0;1;12.57484;41.86675;-1;5;Autovettura privata;In marcia / fermata / arresto;Conducente;M;Illeso;0;;Non accertato;
3020479;8;20/10/2016 13:00;Strada Urbana;VIA GIOVANNI DUPRE';all'intersezione con;VIA DAVIDE CALANDRA;VIA DAVIDE CALANDRA;;;Scontro frontale fra veicoli in marcia;Intersezione non regolata/non segnalata;Una carreggiata a doppio senso;Asciutto;Asfaltata;Verticale;Nuvoloso;Scarso;Buona;Ore Diurne;1;0;0;1;12.6085;41.8569;-1;1;Autovettura privata;In marcia / fermata / arresto;Conducente;M;Illeso;0;;;
3020479;8;20/10/2016 13:00;Strada Urbana;VIA GIOVANNI DUPRE';all'intersezione con;VIA DAVIDE CALANDRA;VIA DAVIDE CALANDRA;;;Scontro frontale fra veicoli in marcia;Intersezione non regolata/non segnalata;Una carreggiata a doppio senso;Asciutto;Asfaltata;Verticale;Nuvoloso;Scarso;Buona;Ore Diurne;1;0;0;1;12.6085;41.8569;-1;2;Motociclo a solo;In marcia / fermata / arresto;Conducente;M;Rimandato;0;NON DECEDUTO;;
3020480;23;21/10/2016 02:45;Strada Urbana;VIA CRISTOFORO COLOMBO;in corrispondenza;;della chilometrica;13.8;;Veicolo in marcia contro ostacolo accidentale;Rettilineo;Più di due carreggiate;Bagnato (umidità in atto);Asfaltata;Verticale ed orizzontale;Nuvoloso;Scarso;Sufficiente;Inesistente;0;0;0;1;12.42449;41.78815;-1;1;Autovettura privata;In marcia / fermata / arresto;Conducente;M;Illeso;0;;Non accertato;Inesploso
3020490;8;20/10/2016 11:30;Strada Urbana;VIA BATTISTA PANZERA;all'intersezione con;LARGO DOMENICO DELLE GRECHE;LARGO DOMENICO DELLE GRECHE;;;Veicolo in marcia contro veicolo in sosta;Incrocio;Una carreggiata a senso unico di marcia;Bagnato (pioggia);Asfaltata;Verticale;Pioggia in atto;Scarso;Buona;Ore Diurne;0;0;0;1;12.62703;41.87403;-1;2;Autoarticolato;In marcia / fermata / arresto;Conducente;M;Illeso;0;;Non accertato;Inesploso
3020491;11;21/10/2016 07:40;Strada Urbana;VIA ARDEATINA;in prossimità;;del palo luce n.;7;;Tamponamento;Curva senza visuale libera;Una carreggiata a doppio senso;Bagnato (pioggia);Asfaltata;Orizzontale;Nuvoloso;Normale;Buona;Ore Diurne;1;0;0;1;12.50514;41.86158;-1;1;Autovettura privata;In marcia / fermata / arresto;Conducente;M;Illeso;0;;Non accertato;Inesploso
3020491;11;21/10/2016 07:40;Strada Urbana;VIA ARDEATINA;in prossimità;;del palo luce n.;7;;Tamponamento;Curva senza visuale libera;Una carreggiata a doppio senso;Bagnato (pioggia);Asfaltata;Orizzontale;Nuvoloso;Normale;Buona;Ore Diurne;1;0;0;1;12.50514;41.86158;-1;2;Motociclo a solo;In marcia / fermata / arresto;Conducente;M;Rimandato;0;NON DECEDUTO;Non accertato;
3020494;8;20/10/2016 09:20;Strada Urbana;VIA MARIO PASTORE;da specificare;;;;PROSS. VIA STANFORD;Veicolo in marcia contro ostacolo accidentale;Curva a visuale libera;Una carreggiata a senso unico di marcia;Asciutto;Con buche;Verticale ed orizzontale;Sereno;Normale;Buona;Ore Diurne;0;0;0;1;12.60813;41.84988;-1;1;Motociclo a solo;In marcia / fermata / arresto;Conducente;M;Illeso;0;;Non accertato;
3020498;8;20/10/2016 08:25;Strada Urbana;VIA MARIO PASTORE;da specificare;;;;SVINCOLO VIA DI TOR VERGATA;Veicolo in marcia contro ostacolo accidentale;Rettilineo;Una carreggiata a senso unico di marcia;Bagnato (umidità in atto);Asfaltata;Verticale ed orizzontale;Nuvoloso;Normale;Buona;Ore Diurne;0;0;0;1;12.60719;41.85034;-1;1;Motociclo a solo;In marcia / fermata / arresto;Conducente;M;Illeso;0;;Non accertato;
3020501;8;20/10/2016 18:10;Strada Urbana;VIA MARIO PASTORE;da specificare;;;;LAT SVINCOLO VIA TOR VERGATA;Veicolo in marcia contro ostacolo accidentale;Rettilineo;Una carreggiata a doppio senso;Asciutto;Asfaltata;Verticale ed orizzontale;Nuvoloso;Normale;Buona;Ore Diurne;0;0;0;2;12.6067;41.85062;-1;1;Autovettura privata;In marcia / fermata / arresto;Conducente;M;Illeso;0;;Non accertato;Inesploso
3020501;8;20/10/2016 18:10;Strada Urbana;VIA MARIO PASTORE;da specificare;;;;LAT SVINCOLO VIA TOR VERGATA;Veicolo in marcia contro ostacolo accidentale;Rettilineo;Una carreggiata a doppio senso;Asciutto;Asfaltata;Verticale ed orizzontale;Nuvoloso;Normale;Buona;Ore Diurne;0;0;0;2;12.6067;41.85062;-1;1;Autovettura privata;In marcia / fermata / arresto;Passeggero;F;Illeso;0;;Non accertato;Inesploso
3020518;8;20/10/2016 18:10;Strada Urbana;VIA PIETRO ROMANO;all'intersezione semaforizzata con;VIALE DEI ROMANISTI;VIALE DEI ROMANISTI;;;Veicolo in marcia contro ostacolo accidentale;Intersezione semaforizzata;Una carreggiata a senso unico di marcia;Asciutto;Asfaltata;Verticale ed orizzontale;Nuvoloso;Scarso;Buona;Insufficiente;0;0;0;1;12.57689;41.86996;-1;1;Autovettura privata;In marcia / fermata / arresto;Conducente;M;Illeso;0;;Non accertato;Inesploso
3020522;8;20/10/2016 16:30;Strada Urbana;VIA MARIO PASTORE;in prossimità;;del palo luce n.;31;;Veicolo in marcia contro ostacolo accidentale;Rettilineo;Una carreggiata a senso unico di marcia;Asciutto;Asfaltata;Verticale ed orizzontale;Nuvoloso;Normale;Buona;Ore Diurne;0;0;0;2;12.60719;41.85034;-1;1;Autovettura privata;In marcia / fermata / arresto;Conducente;M;Illeso;0;;Non accertato;Inesploso
3020522;8;20/10/2016 16:30;Strada Urbana;VIA MARIO PASTORE;in prossimità;;del palo luce n.;31;;Veicolo in marcia contro ostacolo accidentale;Rettilineo;Una carreggiata a senso unico di marcia;Asciutto;Asfaltata;Verticale ed orizzontale;Nuvoloso;Normale;Buona;Ore Diurne;0;0;0;2;12.60719;41.85034;-1;1;Autovettura privata;In marcia / fermata / arresto;Passeggero;M;Illeso;0;;Non accertato;Inesploso
3020524;4;20/10/2016 06:45;Strada Urbana;VIALE JONIO;all'intersezione con;VIA SCARPANTO;VIA SCARPANTO;;;Scontro laterale fra veicoli in marcia;Incrocio;Due carreggiate;Asciutto;Asfaltata;Verticale ed orizzontale;Sereno;Normale;Buona;Ore Diurne;1;0;0;1;12.53597;41.94419;-1;1;Altro;In marcia / fermata / arresto;Conducente;M;Illeso;0;;Non accertato;Inesploso
3020524;4;20/10/2016 06:45;Strada Urbana;VIALE JONIO;all'intersezione con;VIA SCARPANTO;VIA SCARPANTO;;;Scontro laterale fra veicoli in marcia;Incrocio;Due carreggiate;Asciutto;Asfaltata;Verticale ed orizzontale;Sereno;Normale;Buona;Ore Diurne;1;0;0;1;12.53597;41.94419;-1;2;Motociclo a solo;In marcia / fermata / arresto;Conducente;M;Rimandato;0;NON DECEDUTO;Non accertato;
3020526;4;20/10/2016 07:30;Strada Urbana;VIA MONTE CARDONETO;all'intersezione con;VIA MONTE RUGGERO;VIA MONTE RUGGERO;;;Scontro frontale/laterale DX fra veicoli in marcia;Incrocio;Una carreggiata a doppio senso;Asciutto;Asfaltata;Verticale;Sereno;Normale;Buona;Ore Diurne;0;0;0;3;12.52963;41.94737;-1;1;Autovettura privata;In marcia / fermata / arresto;Conducente;F;Illeso;0;;Non accertato;Inesploso
3020526;4;20/10/2016 07:30;Strada Urbana;VIA MONTE CARDONETO;all'intersezione con;VIA MONTE RUGGERO;VIA MONTE RUGGERO;;;Scontro frontale/laterale DX fra veicoli in marcia;Incrocio;Una carreggiata a doppio senso;Asciutto;Asfaltata;Verticale;Sereno;Normale;Buona;Ore Diurne;0;0;0;3;12.52963;41.94737;-1;1;Autovettura privata;In marcia / fermata / arresto;Passeggero;M;Illeso;0;;Non accertato;
3020526;4;20/10/2016 07:30;Strada Urbana;VIA MONTE CARDONETO;all'intersezione con;VIA MONTE RUGGERO;VIA MONTE RUGGERO;;;Scontro frontale/laterale DX fra veicoli in marcia;Incrocio;Una carreggiata a doppio senso;Asciutto;Asfaltata;Verticale;Sereno;Normale;Buona;Ore Diurne;0;0;0;3;12.52963;41.94737;-1;2;Autovettura privata;In marcia / fermata / arresto;Conducente;F;Illeso;0;;Non accertato;Inesploso
3020548;12;19/10/2016 16:25;Provinciale entro l'abitato;VIA OSTIENSE;da specificare;;;;dir. Ostia alt. ponte del Cappellaccio;Infortunio per caduta del veicolo;Rettilineo;Una carreggiata a doppio senso;Bagnato (umidità in atto);Asfaltata;Verticale ed orizzontale;Sereno;Normale;Buona;Ore Diurne;2;0;0;1;12.42161;41.80982;-1;1;Autovettura pubblica;In marcia / fermata / arresto;Conducente;M;Illeso;0;;Utilizzato;Inesploso
3020548;12;19/10/2016 16:25;Provinciale entro l'abitato;VIA OSTIENSE;da specificare;;;;dir. Ostia alt. ponte del Cappellaccio;Infortunio per caduta del veicolo;Rettilineo;Una carreggiata a doppio senso;Bagnato (umidità in atto);Asfaltata;Verticale ed orizzontale;Sereno;Normale;Buona;Ore Diurne;2;0;0;1;12.42161;41.80982;-1;2;Motociclo a solo;In marcia / fermata / arresto;Conducente;M;Rimandato;0;NON DECEDUTO;Utilizzato;
3020548;12;19/10/2016 16:25;Provinciale entro l'abitato;VIA OSTIENSE;da specificare;;;;dir. Ostia alt. ponte del Cappellaccio;Infortunio per caduta del veicolo;Rettilineo;Una carreggiata a doppio senso;Bagnato (umidità in atto);Asfaltata;Verticale ed orizzontale;Sereno;Normale;Buona;Ore Diurne;2;0;0;1;12.42161;41.80982;-1;3;Motociclo a solo;In marcia / fermata / arresto;Conducente;M;Rimandato;0;NON DECEDUTO;Utilizzato;
3020569;4;20/10/2016 08:40;Statale entro l'abitato;VIA SALARIA;in prossimità;;del civico n.;755;;Scontro laterale fra veicoli in marcia;Rettilineo;Due carreggiate;Asciutto;Asfaltata;Verticale ed orizzontale;Sereno;Normale;Buona;Ore Diurne;0;0;0;3;12.50623;41.96277;-1;1;Autovettura privata;In marcia / fermata / arresto;Conducente;M;Illeso;0;;Non accertato;Inesploso
3020569;4;20/10/2016 08:40;Statale entro l'abitato;VIA SALARIA;in prossimità;;del civico n.;755;;Scontro laterale fra veicoli in marcia;Rettilineo;Due carreggiate;Asciutto;Asfaltata;Verticale ed orizzontale;Sereno;Normale;Buona;Ore Diurne;0;0;0;3;12.50623;41.96277;-1;2;Motociclo a solo;In marcia / fermata / arresto;Conducente;M;Illeso;0;;Non accertato;
3020569;4;20/10/2016 08:40;Statale entro l'abitato;VIA SALARIA;in prossimità;;del civico n.;755;;Scontro laterale fra veicoli in marcia;Rettilineo;Due carreggiate;Asciutto;Asfaltata;Verticale ed orizzontale;Sereno;Normale;Buona;Ore Diurne;0;0;0;3;12.50623;41.96277;-1;2;Motociclo a solo;In marcia / fermata / arresto;Passeggero;F;Illeso;0;;Non accertato;
3020570;17;20/10/2016 18:45;Strada Urbana;VIALE GIUSEPPE MAZZINI;in corrispondenza;;del civico n.;112;;Scontro laterale fra veicoli in marcia;Rettilineo;Due carreggiate;Asciutto;Asfaltata;Verticale ed orizzontale;Sereno;Intenso;Buona;Ore Diurne;0;0;0;3;12.45997;41.91548;-1;1;Autovettura privata;In marcia / fermata / arresto;Conducente;F;Illeso;0;;;