Protocollo;Gruppo;DataOraIncidente;Localizzazione1;STRADA1;Localizzazione2;STRADA2;Strada02;Chilometrica;DaSpecificare;NaturaIncidente;particolaritastrade;TipoStrada;FondoStradale;Pavimentazione;Segnaletica;CondizioneAtmosferica;Traffico;Visibilita;Illuminazione;NUM_FERITI;NUM_RISERVATA;NUM_MORTI;NUM_ILLESI;Longitudine;Latitudine;Confermato;Progressivo;TipoVeicolo;StatoVeicolo;TipoPersona;Sesso;Tipolesione;Deceduto;DecedutoDopo;CinturaCascoUtilizzato;Airbag
3024011;12;21/10/2016 20:30;Strada Urbana;PIAZZA GUGLIELMO MARCONI;da specificare;;;;direzione Roma centro;Scontro frontale fra veicoli in marcia;Rotatoria;Due carreggiate;Asciutto;Asfaltata;Verticale ed orizzontale;Nuvoloso;Normale;Buona;Sufficiente;0;0;0;2;12.47098;41.83319;-1;1;Autovettura privata;In marcia / fermata / arresto;Conducente;M;Illeso;0;;Non accertato;Inesploso
3024011;12;21/10/2016 20:30;Strada Urbana;PIAZZA GUGLIELMO MARCONI;da specificare;;;;direzione Roma centro;Scontro frontale fra veicoli in marcia;Rotatoria;Due carreggiate;Asciutto;Asfaltata;Verticale ed orizzontale;Nuvoloso;Normale;Buona;Sufficiente;0;0;0;2;12.47098;41.83319;-1;2;Autovettura privata;In marcia / fermata / arresto;Conducente;F;Illeso;0;;Non accertato;Inesploso
3024025;19;23/10/2016 16:10;Strada Urbana;VIA ABBIATEGRASSO;all'intersezione con;VIA DELLA PALMAROLA NUOVA;VIA DELLA PALMAROLA NUOVA;;;Scontro frontale/laterale DX fra veicoli in marcia;Incrocio;Una carreggiata a doppio senso;Bagnato (umidità in atto);Asfaltata;Orizzontale;Nuvoloso;Scarso;Buona;Ore Diurne;1;0;0;1;12.39092;41.94855;-1;1;Autovettura privata;In marcia / fermata / arresto;Conducente;M;Rifiuta cure immediate;0;NON DECEDUTO;Non accertato;Inesploso
3024025;19;23/10/2016 16:10;Strada Urbana;VIA ABBIATEGRASSO;all'intersezione con;VIA DELLA PALMAROLA NUOVA;VIA DELLA PALMAROLA NUOVA;;;Scontro frontale/laterale DX fra veicoli in marcia;Incrocio;Una carreggiata a doppio senso;Bagnato (umidità in atto);Asfaltata;Orizzontale;Nuvoloso;Scarso;Buona;Ore Diurne;1;0;0;1;12.39092;41.94855;-1;2;Ciclomotore;In marcia / fermata / arresto;Conducente;M;Illeso;0;;Non accertato;
3024035;7;23/10/2016 16:00;Strada Urbana;VIA PRENESTINA;da specificare;;;;bis alt. palo 1056;Veicolo in marcia contro ostacolo fisso;Rettilineo;Due carreggiate;Asciutto;Asfaltata;Verticale ed orizzontale;Nuvoloso;Scarso;Buona;Ore Diurne;0;0;0;1;12.60823;41.89369;-1;1;Autocarro inferiore 35 q.;In marcia / fermata / arresto;Conducente;M;Illeso;0;;;
3024040;10;24/10/2016 08:25;Strada Urbana;VIA DEI SETTE METRI;in corrispondenza;;del civico n.;44;;Scontro laterale fra veicoli in marcia;Rettilineo;Una carreggiata a doppio senso;Asciutto;Asfaltata;Orizzontale;Sereno;Normale;Buona;Ore Diurne;1;0;0;1;12.60789;41.81635;-1;1;Autovettura privata;In marcia / fermata / arresto;Conducente;M;Illeso;0;;Non accertato;Inesploso
3024040;10;24/10/2016 08:25;Strada Urbana;VIA DEI SETTE METRI;in corrispondenza;;del civico n.;44;;Scontro laterale fra veicoli in marcia;Rettilineo;Una carreggiata a doppio senso;Asciutto;Asfaltata;Orizzontale;Sereno;Normale;Buona;Ore Diurne;1;0;0;1;12.60789;41.81635;-1;2;Motociclo a solo;In marcia / fermata / arresto;Conducente;F;Rimandato;0;NON DECEDUTO;Non accertato;
3024045;17;22/10/2016 14:30;Strada Urbana;LUNGOTEVERE DELLE ARMI;da specificare;;;;in prossimità di piazza Montegrappa;Tamponamento;Rettilineo;Una carreggiata a senso unico di marcia;Asciutto;Asfaltata;Verticale ed orizzontale;Sereno;Normale;Sufficiente;Ore Diurne;0;0;0;3;12.46984;41.91862;-1;1;Autovettura di polizia;In marcia / fermata / arresto;Conducente;M;Illeso;0;;;
3024045;17;22/10/2016 14:30;Strada Urbana;LUNGOTEVERE DELLE ARMI;da specificare;;;;in prossimità di piazza Montegrappa;Tamponamento;Rettilineo;Una carreggiata a senso unico di marcia;Asciutto;Asfaltata;Verticale ed orizzontale;Sereno;Normale;Sufficiente;Ore Diurne;0;0;0;3;12.46984;41.91862;-1;1;Autovettura di polizia;In marcia / fermata / arresto;Passeggero;M;Illeso;0;;;
3024045;17;22/10/2016 14:30;Strada Urbana;LUNGOTEVERE DELLE ARMI;da specificare;;;;in prossimità di piazza Montegrappa;Tamponamento;Rettilineo;Una carreggiata a senso unico di marcia;Asciutto;Asfaltata;Verticale ed orizzontale;Sereno;Normale;Sufficiente;Ore Diurne;0;0;0;3;12.46984;41.91862;-1;2;Motociclo con passeggero;In marcia / fermata / arresto;Conducente;M;Illeso;0;;;
3024052;2;23/10/2016 11:10;Strada Urbana;CIRCONVALLAZIONE SALARIA;da specificare;;;;alt. svincolo immissione SALARIA - dir. S. Giovann;Scontro laterale fra veicoli in marcia;Rettilineo;Due carreggiate;Asciutto;Asfaltata;Assente;Nuvoloso;Normale;Buona;Ore Diurne;0;0;0;5;12.50801;41.93751;-1;1;Autovettura privata;In marcia / fermata / arresto;Conducente;M;Illeso;0;;;
3024052;2;23/10/2016 11:10;Strada Urbana;CIRCONVALLAZIONE SALARIA;da specificare;;;;alt. svincolo immissione SALARIA - dir. S. Giovann;Scontro laterale fra veicoli in marcia;Rettilineo;Due carreggiate;Asciutto;Asfaltata;Assente;Nuvoloso;Normale;Buona;Ore Diurne;0;0;0;5;12.50801;41.93751;-1;1;Autovettura privata;In marcia / fermata / arresto;Passeggero;F;Illeso;0;;;
3024052;2;23/10/2016 11:10;Strada Urbana;CIRCONVALLAZIONE SALARIA;da specificare;;;;alt. svincolo immissione SALARIA - dir. S. Giovann;Scontro laterale fra veicoli in marcia;Rettilineo;Due carreggiate;Asciutto;Asfaltata;Assente;Nuvoloso;Normale;Buona;Ore Diurne;0;0;0;5;12.50801;41.93751;-1;2;Autovettura privata;In marcia / fermata / arresto;Conducente;M;Illeso;0;;;
3024052;2;23/10/2016 11:10;Strada Urbana;CIRCONVALLAZIONE SALARIA;da specificare;;;;alt. svincolo immissione SALARIA - dir. S. Giovann;Scontro laterale fra veicoli in marcia;Rettilineo;Due carreggiate;Asciutto;Asfaltata;Assente;Nuvoloso;Normale;Buona;Ore Diurne;0;0;0;5;12.50801;41.93751;-1;2;Autovettura privata;In marcia / fermata / arresto;Passeggero;F;Illeso;0;;Non accertato;Inesploso
3024052;2;23/10/2016 11:10;Strada Urbana;CIRCONVALLAZIONE SALARIA;da specificare;;;;alt. svincolo immissione SALARIA - dir. S. Giovann;Scontro laterale fra veicoli in marcia;Rettilineo;Due carreggiate;Asciutto;Asfaltata;Assente;Nuvoloso;Normale;Buona;Ore Diurne;0;0;0;5;12.50801;41.93751;-1;2;Autovettura privata;In marcia / fermata / arresto;Passeggero;M;Illeso;0;;Non accertato;Inesploso
3024065;10;21/10/2016 21:05;Strada Urbana;VIA APPIA NUOVA;in corrispondenza;;del civico n.;478;;Tamponamento;Rettilineo;Due carreggiate;Asciutto;Asfaltata;Verticale ed orizzontale;Sereno;Scarso;Sufficiente;Sufficiente;0;0;0;2;12.52349;41.87378;-1;1;Autovettura privata;In marcia / fermata / arresto;Conducente;M;Illeso;0;;Non accertato;Inesploso
3024065;10;21/10/2016 21:05;Strada Urbana;VIA APPIA NUOVA;in corrispondenza;;del civico n.;478;;Tamponamento;Rettilineo;Due carreggiate;Asciutto;Asfaltata;Verticale ed orizzontale;Sereno;Scarso;Sufficiente;Sufficiente;0;0;0;2;12.52349;41.87378;-1;2;Motociclo a solo;In marcia / fermata / arresto;Conducente;M;Illeso;0;;Non accertato;
3024071;3;21/10/2016 13:25;Strada Urbana;VIA DEI MONTI TIBURTINI;da specificare;;;;dir. nomentana altezza rampa accesso tangenziale;Veicolo in marcia contro veicolo fermo;Pendenza;Due carreggiate;Asciutto;Asfaltata;Verticale ed orizzontale;Sereno;Normale;Buona;Ore Diurne;1;0;0;2;12.5395;41.91732;-1;1;Autovettura privata;In marcia / fermata / arresto;Conducente;F;Rimandato;0;NON DECEDUTO;Non accertato;Inesploso
3024071;3;21/10/2016 13:25;Strada Urbana;VIA DEI MONTI TIBURTINI;da specificare;;;;dir. nomentana altezza rampa accesso tangenziale;Veicolo in marcia contro veicolo fermo;Pendenza;Due carreggiate;Asciutto;Asfaltata;Verticale ed orizzontale;Sereno;Normale;Buona;Ore Diurne;1;0;0;2;12.5395;41.91732;-1;1;Autovettura privata;In marcia / fermata / arresto;Passeggero;F;Illeso;0;;Non accertato;Inesploso
3024071;3;21/10/2016 13:25;Strada Urbana;VIA DEI MONTI TIBURTINI;da specificare;;;;dir. nomentana altezza rampa accesso tangenziale;Veicolo in marcia contro veicolo fermo;Pendenza;Due carreggiate;Asciutto;Asfaltata;Verticale ed orizzontale;Sereno;Normale;Buona;Ore Diurne;1;0;0;2;12.5395;41.91732;-1;2;Autovettura privata;In marcia / fermata / arresto;Conducente;M;Illeso;0;;Non accertato;Inesploso
3024078;19;23/10/2016 03:50;Strada Urbana;VIA DI S. CLETO PAPA;all'intersezione con;VIA SUOR CELESTINA DONATI;VIA SUOR CELESTINA DONATI;;;Veicolo in marcia contro ostacolo fisso;Incrocio;Una carreggiata a doppio senso;Asciutto;Asfaltata;Verticale ed orizzontale;Nuvoloso;Scarso;Sufficiente;Sufficiente;0;0;0;2;12.42317;41.92252;-1;1;Autovettura privata;In marcia / fermata / arresto;Conducente;M;Illeso;0;;Non accertato;Inesploso
3024078;19;23/10/2016 03:50;Strada Urbana;VIA DI S. CLETO PAPA;all'intersezione con;VIA SUOR CELESTINA DONATI;VIA SUOR CELESTINA DONATI;;;Veicolo in marcia contro ostacolo fisso;Incrocio;Una carreggiata a doppio senso;Asciutto;Asfaltata;Verticale ed orizzontale;Nuvoloso;Scarso;Sufficiente;Sufficiente;0;0;0;2;12.42317;41.92252;-1;1;Autovettura privata;In marcia / fermata / arresto;Passeggero;M;Illeso;0;;Non accertato;Inesploso
3024089;10;22/10/2016 01:40;Strada Urbana;VIA ANAGNINA;all'intersezione con;VIA DEI SETTE METRI;VIA DEI SETTE METRI;;;Tamponamento;Incrocio;Due carreggiate;Asciutto;Asfaltata;Verticale ed orizzontale;Sereno;Scarso;Sufficiente;Sufficiente;2;0;0;2;12.61103;41.82024;-1;1;Autovettura privata;In marcia / fermata / arresto;Conducente;M;Rifiuta cure immediate;0;NON DECEDUTO;;
3024089;10;22/10/2016 01:40;Strada Urbana;VIA ANAGNINA;all'intersezione con;VIA DEI SETTE METRI;VIA DEI SETTE METRI;;;Tamponamento;Incrocio;Due carreggiate;Asciutto;Asfaltata;Verticale ed orizzontale;Sereno;Scarso;Sufficiente;Sufficiente;2;0;0;2;12.61103;41.82024;-1;2;Autovettura privata;In marcia / fermata / arresto;Conducente;M;Illeso;0;;;
3024089;10;22/10/2016 01:40;Strada Urbana;VIA ANAGNINA;all'intersezione con;VIA DEI SETTE METRI;VIA DEI SETTE METRI;;;Tamponamento;Incrocio;Due carreggiate;Asciutto;Asfaltata;Verticale ed orizzontale;Sereno;Scarso;Sufficiente;Sufficiente;2;0;0;2;12.61103;41.82024;-1;2;Autovettura privata;In marcia / fermata / arresto;Passeggero;F;Rimandato;0;NON DECEDUTO;;
3024089;10;22/10/2016 01:40;Strada Urbana;VIA ANAGNINA;all'intersezione con;VIA DEI SETTE METRI;VIA DEI SETTE METRI;;;Tamponamento;Incrocio;Due carreggiate;Asciutto;Asfaltata;Verticale ed orizzontale;Sereno;Scarso;Sufficiente;Sufficiente;2;0;0;2;12.61103;41.82024;-1;2;Autovettura privata;In marcia / fermata / arresto;Passeggero;M;Illeso;0;;;
3024100;7;21/10/2016 15:45;Strada Urbana;VIA DELLE MIMOSE;da specificare;;;;altezza via casilina;Veicolo in marcia contro veicolo in sosta;Rettilineo;Una carreggiata a senso unico di marcia;Asciutto;Asfaltata;Verticale ed orizzontale;Sereno;Normale;Buona;Ore Diurne;0;0;0;3;12.56891;41.87426;-1;2;Autovettura privata;In marcia / fermata / arresto;Conducente;F;Illeso;0;;Non accertato;Inesploso
3024100;7;21/10/2016 15:45;Strada Urbana;VIA DELLE MIMOSE;da specificare;;;;altezza via casilina;Veicolo in marcia contro veicolo in sosta;Rettilineo;Una carreggiata a senso unico di marcia;Asciutto;Asfaltata;Verticale ed orizzontale;Sereno;Normale;Buona;Ore Diurne;0;0;0;3;12.56891;41.87426;-1;2;Autovettura privata;In marcia / fermata / arresto;Passeggero;M;Illeso;0;;Non accertato;Inesploso
3024100;7;21/10/2016 15:45;Strada Urbana;VIA DELLE MIMOSE;da specificare;;;;altezza via casilina;Veicolo in marcia contro veicolo in sosta;Rettilineo;Una carreggiata a senso unico di marcia;Asciutto;Asfaltata;Verticale ed orizzontale;Sereno;Normale;Buona;Ore Diurne;0;0;0;3;12.56891;41.87426;-1;3;Autovettura privata;Sosta;Passeggero;F;Illeso;0;;Non accertato;Inesploso
3024101;2;23/10/2016 02:20;Strada Urbana;VIA DI VILLA CHIGI;in prossimità;;del civico n.;85;;Veicolo in marcia contro veicoli in sosta;Rettilineo;Una carreggiata a doppio senso;Asciutto;Asfaltata;Verticale ed orizzontale;Sereno;Scarso;Buona;Sufficiente;0;0;0;1;12.51412;41.93474;-1;1;Autovettura privata;In marcia / fermata / arresto;Conducente;M;Illeso;0;;Non accertato;Inesploso
3024103;12;23/10/2016 19:05;Strada Urbana;VIALE DELL'OCEANO PACIFICO;all'intersezione con;VIALE DEI PRIMATI SPORTIVI;VIALE DEI PRIMATI SPORTIVI;;;Scontro frontale/laterale DX fra veicoli in marcia;Incrocio;Una carreggiata a doppio senso;Asciutto;Asfaltata;Verticale ed orizzontale;Nuvoloso;Scarso;Buona;Sufficiente;0;0;0;3;12.45964;41.82146;-1;1;Autovettura privata;In marcia / fermata / arresto;Conducente;F;Illeso;0;;Non accertato;Inesploso
3024103;12;23/10/2016 19:05;Strada Urbana;VIALE DELL'OCEANO PACIFICO;all'intersezione con;VIALE DEI PRIMATI SPORTIVI;VIALE DEI PRIMATI SPORTIVI;;;Scontro frontale/laterale DX fra veicoli in marcia;Incrocio;Una carreggiata a doppio senso;Asciutto;Asfaltata;Verticale ed orizzontale;Nuvoloso;Scarso;Buona;Sufficiente;0;0;0;3;12.45964;41.82146;-1;2;Quadriciclo leggero;In marcia / fermata / arresto;Conducente;M;Illeso;0;;Non accertato;
3024103;12;23/10/2016 19:05;Strada Urbana;VIALE DELL'OCEANO PACIFICO;all'intersezione con;VIALE DEI PRIMATI SPORTIVI;VIALE DEI PRIMATI SPORTIVI;;;Scontro frontale/laterale DX fra veicoli in marcia;Incrocio;Una carreggiata a doppio senso;Asciutto;Asfaltata;Verticale ed orizzontale;Nuvoloso;Scarso;Buona;Sufficiente;0;0;0;3;12.45964;41.82146;-1;2;Quadriciclo leggero;In marcia / fermata / arresto;Passeggero;F;Illeso;0;;Non accertato;
3024105;12;21/10/2016 21:30;Strada Urbana;VIA DI VIGNA MURATA;in prossimità;;del civico n.;9;;Veicolo in marcia contro veicolo fermo;Rettilineo;Una carreggiata a senso unico di marcia;Asciutto;Asfaltata;Verticale ed orizzontale;Sereno;Normale;Buona;Sufficiente;0;0;0;2;12.48076;41.82746;-1;1;Autovettura privata;In marcia / fermata / arresto;Conducente;M;Illeso;0;;Non utilizzato;Inesploso
3024105;12;21/10/2016 21:30;Strada Urbana;VIA DI VIGNA MURATA;in prossimità;;del civico n.;9;;Veicolo in marcia contro veicolo fermo;Rettilineo;Una carreggiata a senso unico di marcia;Asciutto;Asfaltata;Verticale ed orizzontale;Sereno;Normale;Buona;Sufficiente;0;0;0;2;12.48076;41.82746;-1;2;Autovettura privata;In marcia / fermata / arresto;Conducente;M;Illeso;0;;Non accertato;Inesploso
3024108;18;23/10/2016 22:00;Strada Urbana;PIAZZA PIO XI;all'intersezione semaforizzata con;VIA LEONE XIII;VIA LEONE XIII;;;Infortunio per sola frenata improvvisa;Incrocio;Più di due carreggiate;Asciutto;Asfaltata;Verticale ed orizzontale;Sereno;Scarso;Buona;Sufficiente;1;0;0;0;12.43725;41.89399;-1;1;Motociclo a solo;In marcia / fermata / arresto;Conducente;M;Rifiuta cure immediate;0;NON DECEDUTO;;
3024117;10;22/10/2016 09:00;Strada Urbana;VIA APPIA NUOVA;in corrispondenza;;del civico n.;1208;;Tamponamento;Rettilineo;Due carreggiate;Asciutto;Asfaltata;Verticale ed orizzontale;Sereno;Normale;Buona;Ore Diurne;0;0;0;2;12.56129;41.82495;-1;1;Autovettura privata;In marcia / fermata / arresto;Conducente;M;Illeso;0;;;
3024117;10;22/10/2016 09:00;Strada Urbana;VIA APPIA NUOVA;in corrispondenza;;del civico n.;1208;;Tamponamento;Rettilineo;Due carreggiate;Asciutto;Asfaltata;Verticale ed orizzontale;Sereno;Normale;Buona;Ore Diurne;0;0;0;2;12.56129;41.82495;-1;2;Autovettura privata;In marcia / fermata / arresto;Conducente;M;Illeso;0;;;
3024124;18;21/10/2016 21:10;Strada Urbana;VIA NAZARETH;in corrispondenza;;del civico n.;313;;Tamponamento Multiplo;Rettilineo;Una carreggiata a doppio senso;Asciutto;Asfaltata;Orizzontale;Sereno;Scarso;Sufficiente;Insufficiente;1;0;0;7;12.40013;41.90163;-1;1;Autovettura privata;In marcia / fermata / arresto;Conducente;M;Illeso;0;;;
3024124;18;21/10/2016 21:10;Strada Urbana;VIA NAZARETH;in corrispondenza;;del civico n.;313;;Tamponamento Multiplo;Rettilineo;Una carreggiata a doppio senso;Asciutto;Asfaltata;Orizzontale;Sereno;Scarso;Sufficiente;Insufficiente;1;0;0;7;12.40013;41.90163;-1;2;Motociclo a solo;In marcia / fermata / arresto;Conducente;M;Rimandato;0;NON DECEDUTO;;
3024124;18;21/10/2016 21:10;Strada Urbana;VIA NAZARETH;in corrispondenza;;del civico n.;313;;Tamponamento Multiplo;Rettilineo;Una carreggiata a doppio senso;Asciutto;Asfaltata;Orizzontale;Sereno;Scarso;Sufficiente;Insufficiente;1;0;0;7;12.40013;41.90163;-1;3;Autovettura privata;In marcia / fermata / arresto;Conducente;M;Illeso;0;;;
3024124;18;21/10/2016 21:10;Strada Urbana;VIA NAZARETH;in corrispondenza;;del civico n.;313;;Tamponamento Multiplo;Rettilineo;Una carreggiata a doppio senso;Asciutto;Asfaltata;Orizzontale;Sereno;Scarso;Sufficiente;Insufficiente;1;0;0;7;12.40013;41.90163;-1;3;Autovettura privata;In marcia / fermata / arresto;Passeggero;F;Illeso;0;;;
3024124;18;21/10/2016 21:10;Strada Urbana;VIA NAZARETH;in corrispondenza;;del civico n.;313;;Tamponamento Multiplo;Rettilineo;Una carreggiata a doppio senso;Asciutto;Asfaltata;Orizzontale;Sereno;Scarso;Sufficiente;Insufficiente;1;0;0;7;12.40013;41.90163;-1;3;Autovettura privata;In marcia / fermata / arresto;Passeggero;M;Illeso;0;;;
3024124;18;21/10/2016 21:10;Strada Urbana;VIA NAZARETH;in corrispondenza;;del civico n.;313;;Tamponamento Multiplo;Rettilineo;Una carreggiata a doppio senso;Asciutto;Asfaltata;Orizzontale;Sereno;Scarso;Sufficiente;Insufficiente;1;0;0;7;12.40013;41.90163;-1;3;Autovettura privata;In marcia / fermata / arresto;Passeggero;F;Illeso;0;;;
3024124;18;21/10/2016 21:10;Strada Urbana;VIA NAZARETH;in corrispondenza;;del civico n.;313;;Tamponamento Multiplo;Rettilineo;Una carreggiata a doppio senso;Asciutto;Asfaltata;Orizzontale;Sereno;Scarso;Sufficiente;Insufficiente;1;0;0;7;12.40013;41.90163;-1;4;Autovettura privata;In marcia / fermata / arresto;Conducente;F;Illeso;0;;;
3024124;18;21/10/2016 21:10;Strada Urbana;VIA NAZARETH;in corrispondenza;;del civico n.;313;;Tamponamento Multiplo;Rettilineo;Una carreggiata a doppio senso;Asciutto;Asfaltata;Orizzontale;Sereno;Scarso;Sufficiente;Insufficiente;1;0;0;7;12.40013;41.90163;-1;4;Autovettura privata;In marcia / fermata / arresto;Passeggero;F;Illeso;0;;;
3024127;10;22/10/2016 00:50;Strada Urbana;VIA TUSCOLANA;da specificare;;;;alt. parcheggio metro Anagnina;Scontro laterale fra veicoli in marcia;Rettilineo;Una carreggiata a senso unico di marcia;Asciutto;Asfaltata;Verticale ed orizzontale;Sereno;Normale;Buona;Ore Diurne;2;0;0;3;12.58642;41.84144;-1;1;Autovettura privata;In marcia / fermata / arresto;Conducente;F;Rimandato;0;NON DECEDUTO;Non accertato;
3024127;10;22/10/2016 00:50;Strada Urbana;VIA TUSCOLANA;da specificare;;;;alt. parcheggio metro Anagnina;Scontro laterale fra veicoli in marcia;Rettilineo;Una carreggiata a senso unico di marcia;Asciutto;Asfaltata;Verticale ed orizzontale;Sereno;Normale;Buona;Ore Diurne;2;0;0;3;12.58642;41.84144;-1;2;Autovettura privata;In marcia / fermata / arresto;Conducente;F;Rimandato;0;NON DECEDUTO;;
3024127;10;22/10/2016 00:50;Strada Urbana;VIA TUSCOLANA;da specificare;;;;alt. parcheggio metro Anagnina;Scontro laterale fra veicoli in marcia;Rettilineo;Una carreggiata a senso unico di marcia;Asciutto;Asfaltata;Verticale ed orizzontale;Sereno;Normale;Buona;Ore Diurne;2;0;0;3;12.58642;41.84144;-1;2;Autovettura privata;In marcia / fermata / arresto;Passeggero;F;Illeso;0;;Non accertato;
3024127;10;22/10/2016 00:50;Strada Urbana;VIA TUSCOLANA;da specificare;;;;alt. parcheggio metro Anagnina;Scontro laterale fra veicoli in marcia;Rettilineo;Una carreggiata a senso unico di marcia;Asciutto;Asfaltata;Verticale ed orizzontale;Sereno;Normale;Buona;Ore Diurne;2;0;0;3;12.58642;41.84144;-1;2;Autovettura privata;In marcia / fermata / arresto;Passeggero;F;Illeso;0;;;
3024127;10;22/10/2016 00:50;Strada Urbana;VIA TUSCOLANA;da specificare;;;;alt. parcheggio metro Anagnina;Scontro laterale fra veicoli in marcia;Rettilineo;Una carreggiata a senso unico di marcia;Asciutto;Asfaltata;Verticale ed orizzontale;Sereno;Normale;Buona;Ore Diurne;2;0;0;3;12.58642;41.84144;-1;2;Autovettura privata;In marcia / fermata / arresto;Passeggero;F;Illeso;0;;;
3024128;18;21/10/2016 17:25;Strada Urbana;PIAZZALE GREGORIO VII;in corrispondenza;;del civico n.;22;;Scontro laterale fra veicoli in marcia;Rettilineo;Più di due carreggiate;Asciutto;Asfaltata;Verticale ed orizzontale;Sereno;Scarso;Buona;Ore Diurne;0;0;0;3;12.45141;41.89889;-1;1;Autovettura privata;In marcia / fermata / arresto;Conducente;M;Illeso;0;;;
3024128;18;21/10/2016 17:25;Strada Urbana;PIAZZALE GREGORIO VII;in corrispondenza;;del civico n.;22;;Scontro laterale fra veicoli in marcia;Rettilineo;Più di due carreggiate;Asciutto;Asfaltata;Verticale ed orizzontale;Sereno;Scarso;Buona;Ore Diurne;0;0;0;3;12.45141;41.89889;-1;1;Autovettura privata;In marcia / fermata / arresto;Passeggero;M;Illeso;0;;;
3024128;18;21/10/2016 17:25;Strada Urbana;PIAZZALE GREGORIO VII;in corrispondenza;;del civico n.;22;;Scontro laterale fra veicoli in marcia;Rettilineo;Più di due carreggiate;Asciutto;Asfaltata;Verticale ed orizzontale;Sereno;Scarso;Buona;Ore Diurne;0;0;0;3;12.45141;41.89889;-1;2;Autovettura privata;In marcia / fermata / arresto;Conducente;M;Illeso;0;;;
3024131;10;23/10/2016 14:20;Strada Urbana;VIA ANAGNINA;da specificare;;;;in prossimità con intersezione con Vicolo Anagnino;Veicolo in marcia contro ostacolo accidentale;Rettilineo;Una carreggiata a senso unico di marcia;Asciutto;Asfaltata;Verticale ed orizzontale;Nuvoloso;Normale;Buona;Ore Diurne;0;0;0;2;12.62635;41.80991;-1;1;Autovettura privata;In marcia / fermata / arresto;Conducente;M;Illeso;0;;Non accertato;Inesploso
3024131;10;23/10/2016 14:20;Strada Urbana;VIA ANAGNINA;da specificare;;;;in prossimità con intersezione con Vicolo Anagnino;Veicolo in marcia contro ostacolo accidentale;Rettilineo;Una carreggiata a senso unico di marcia;Asciutto;Asfaltata;Verticale ed orizzontale;Nuvoloso;Normale;Buona;Ore Diurne;0;0;0;2;12.62635;41.80991;-1;1;Autovettura privata;In marcia / fermata / arresto;Passeggero;F;Illeso;0;;Non accertato;
3024132;18;22/10/2016 13:10;Strada Urbana;VIA ANASTASIO II;in prossimità;;del civico n.;38;;Tamponamento;Rettilineo;Due carreggiate;Asciutto;Asfaltata;Verticale ed orizzontale;Sereno;Normale;Buona;Ore Diurne;1;0;0;1;12.43927;41.89579;-1;1;Motociclo a solo;In marcia / fermata / arresto;Conducente;M;Rimandato;0;NON DECEDUTO;;
3024132;18;22/10/2016 13:10;Strada Urbana;VIA ANASTASIO II;in prossimità;;del civico n.;38;;Tamponamento;Rettilineo;Due carreggiate;Asciutto;Asfaltata;Verticale ed orizzontale;Sereno;Normale;Buona;Ore Diurne;1;0;0;1;12.43927;41.89579;-1;2;Autovettura privata;In marcia / fermata / arresto;Conducente;M;Illeso;0;;Non accertato;Inesploso
3024136;18;22/10/2016 07:00;Strada Urbana;VIA AURELIA;in prossimità;;del civico n.;273;;Ribaltamento senza urto contro ostacolo fisso;Rettilineo;Una carreggiata a doppio senso;Asciutto;Asfaltata;Verticale ed orizzontale;Sereno;Normale;Sufficiente;Sufficiente;1;0;0;0;12.43941;41.89825;-1;1;Motociclo a solo;In marcia / fermata / arresto;Conducente;M;Rifiuta cure immediate;0;NON DECEDUTO;Non accertato;
3024142;18;23/10/2016 15:50;Strada Urbana;VIA DI BOCCEA;in prossimità;;del civico n.;325;;Tamponamento;Rettilineo;Due carreggiate;Bagnato (pioggia);Asfaltata;Verticale ed orizzontale;Nuvoloso;Normale;Buona;Ore Diurne;4;0;0;2;12.40975;41.90417;-1;1;Autovettura privata;In marcia / fermata / arresto;Conducente;M;Rifiuta cure immediate;0;NON DECEDUTO;;
3024142;18;23/10/2016 15:50;Strada Urbana;VIA DI BOCCEA;in prossimità;;del civico n.;325;;Tamponamento;Rettilineo;Due carreggiate;Bagnato (pioggia);Asfaltata;Verticale ed orizzontale;Nuvoloso;Normale;Buona;Ore Diurne;4;0;0;2;12.40975;41.90417;-1;1;Autovettura privata;In marcia / fermata / arresto;Passeggero;M;Rimandato;0;NON DECEDUTO;;
3024142;18;23/10/2016 15:50;Strada Urbana;VIA DI BOCCEA;in prossimità;;del civico n.;325;;Tamponamento;Rettilineo;Due carreggiate;Bagnato (pioggia);Asfaltata;Verticale ed orizzontale;Nuvoloso;Normale;Buona;Ore Diurne;4;0;0;2;12.40975;41.90417;-1;1;Autovettura privata;In marcia / fermata / arresto;Passeggero;F;Rimandato;0;NON DECEDUTO;;
3024142;18;23/10/2016 15:50;Strada Urbana;VIA DI BOCCEA;in prossimità;;del civico n.;325;;Tamponamento;Rettilineo;Due carreggiate;Bagnato (pioggia);Asfaltata;Verticale ed orizzontale;Nuvoloso;Normale;Buona;Ore Diurne;4;0;0;2;12.40975;41.90417;-1;1;Autovettura privata;In marcia / fermata / arresto;Passeggero;F;Rimandato;0;NON DECEDUTO;;
3024142;18;23/10/2016 15:50;Strada Urbana;VIA DI BOCCEA;in prossimità;;del civico n.;325;;Tamponamento;Rettilineo;Due carreggiate;Bagnato (pioggia);Asfaltata;Verticale ed orizzontale;Nuvoloso;Normale;Buona;Ore Diurne;4;0;0;2;12.40975;41.90417;-1;1;Autovettura privata;In marcia / fermata / arresto;Passeggero;M;Illeso;0;;;