Protocollo;Gruppo;DataOraIncidente;Localizzazione1;STRADA1;Localizzazione2;STRADA2;Strada02;Chilometrica;DaSpecificare;NaturaIncidente;particolaritastrade;TipoStrada;FondoStradale;Pavimentazione;Segnaletica;CondizioneAtmosferica;Traffico;Visibilita;Illuminazione;NUM_FERITI;NUM_RISERVATA;NUM_MORTI;NUM_ILLESI;Longitudine;Latitudine;Confermato;Progressivo;TipoVeicolo;StatoVeicolo;TipoPersona;Sesso;Tipolesione;Deceduto;DecedutoDopo;CinturaCascoUtilizzato;Airbag
3027278;1;22/10/2016 18:30;Strada Urbana;PIAZZA DI PORTA S. PAOLO;all'intersezione semaforizzata con;VIALE DELLA PIRAMIDE CESTIA;VIALE DELLA PIRAMIDE CESTIA;;;Scontro laterale fra veicoli in marcia;Incrocio;Due carreggiate;Asciutto;Acciotolata;Verticale ed orizzontale;Sereno;Normale;Sufficiente;Sufficiente;0;0;0;2;12.48196;41.87686;-1;1;Autovettura privata;In marcia / fermata / arresto;Conducente;F;Illeso;0;;Non accertato;
3027278;1;22/10/2016 18:30;Strada Urbana;PIAZZA DI PORTA S. PAOLO;all'intersezione semaforizzata con;VIALE DELLA PIRAMIDE CESTIA;VIALE DELLA PIRAMIDE CESTIA;;;Scontro laterale fra veicoli in marcia;Incrocio;Due carreggiate;Asciutto;Acciotolata;Verticale ed orizzontale;Sereno;Normale;Sufficiente;Sufficiente;0;0;0;2;12.48196;41.87686;-1;2;Autovettura pubblica;In marcia / fermata / arresto;Conducente;M;Illeso;0;;Non accertato;
3027285;16;25/10/2016 08:55;Strada Urbana;VIA BERNARDINO RAMAZZINI;all'intersezione semaforizzata con;VIA GIACOMO FOLCHI;VIA GIACOMO FOLCHI;;;Tamponamento;Intersezione semaforizzata;Due carreggiate;Asciutto;Asfaltata;Verticale ed orizzontale;Sereno;Normale;Buona;Ore Diurne;0;0;0;2;12.45045;41.86663;-1;1;Autovettura privata;In marcia / fermata / arresto;Conducente;F;Illeso;0;;Non accertato;Inesploso
3027285;16;25/10/2016 08:55;Strada Urbana;VIA BERNARDINO RAMAZZINI;all'intersezione semaforizzata con;VIA GIACOMO FOLCHI;VIA GIACOMO FOLCHI;;;Tamponamento;Intersezione semaforizzata;Due carreggiate;Asciutto;Asfaltata;Verticale ed orizzontale;Sereno;Normale;Buona;Ore Diurne;0;0;0;2;12.45045;41.86663;-1;2;Autobus turistico;In marcia / fermata / arresto;Conducente;M;Illeso;0;;Non accertato;Inesploso
3027298;4;25/10/2016 17:00;Strada Urbana;VIA NOMENTANA;all'intersezione con;VIA PEIRCE;VIA PEIRCE;;;Scontro frontale/laterale DX fra veicoli in marcia;Incrocio;Una carreggiata a doppio senso;Asciutto;Asfaltata;Verticale ed orizzontale;Sereno;Normale;Buona;Ore Diurne;0;0;0;2;12.55944;41.9441;-1;1;Motociclo a solo;In marcia / fermata / arresto;Conducente;M;Illeso;0;;Non accertato;
3027298;4;25/10/2016 17:00;Strada Urbana;VIA NOMENTANA;all'intersezione con;VIA PEIRCE;VIA PEIRCE;;;Scontro frontale/laterale DX fra veicoli in marcia;Incrocio;Una carreggiata a doppio senso;Asciutto;Asfaltata;Verticale ed orizzontale;Sereno;Normale;Buona;Ore Diurne;0;0;0;2;12.55944;41.9441;-1;2;Autovettura privata;In marcia / fermata / arresto;Conducente;M;Illeso;0;;Non accertato;
3027326;17;25/10/2016 19:20;Strada Urbana;VIA TRIONFALE;in prossimità;;del civico n.;6157;;Veicolo in marcia contro ostacolo accidentale;Rettilineo;Una carreggiata a doppio senso;Asciutto;Asfaltata;Verticale ed orizzontale;Sereno;Normale;Sufficiente;Sufficiente;1;0;0;2;12.44551;41.92912;-1;;;;Pedone;M;Illeso;0;;;
3027326;17;25/10/2016 19:20;Strada Urbana;VIA TRIONFALE;in prossimità;;del civico n.;6157;;Veicolo in marcia contro ostacolo accidentale;Rettilineo;Una carreggiata a doppio senso;Asciutto;Asfaltata;Verticale ed orizzontale;Sereno;Normale;Sufficiente;Sufficiente;1;0;0;2;12.44551;41.92912;-1;;;;Pedone;F;Rimandato;0;NON DECEDUTO;;
3027326;17;25/10/2016 19:20;Strada Urbana;VIA TRIONFALE;in prossimità;;del civico n.;6157;;Veicolo in marcia contro ostacolo accidentale;Rettilineo;Una carreggiata a doppio senso;Asciutto;Asfaltata;Verticale ed orizzontale;Sereno;Normale;Sufficiente;Sufficiente;1;0;0;2;12.44551;41.92912;-1;1;Autovettura privata;In marcia / fermata / arresto;Conducente;M;Illeso;0;;Non accertato;Inesploso
3027328;2;25/10/2016 21:00;Strada Urbana;VIALE REGINA MARGHERITA;da specificare;;;;alt. civ. 188/190A;Scontro laterale fra veicoli in marcia;Rettilineo;Più di due carreggiate;Asciutto;Asfaltata;Verticale ed orizzontale;Sereno;Normale;Sufficiente;Sufficiente;1;0;0;1;12.50421;41.91472;-1;1;Autovettura privata;In marcia / fermata / arresto;Conducente;M;Illeso;0;;Non accertato;Inesploso
3027328;2;25/10/2016 21:00;Strada Urbana;VIALE REGINA MARGHERITA;da specificare;;;;alt. civ. 188/190A;Scontro laterale fra veicoli in marcia;Rettilineo;Più di due carreggiate;Asciutto;Asfaltata;Verticale ed orizzontale;Sereno;Normale;Sufficiente;Sufficiente;1;0;0;1;12.50421;41.91472;-1;2;Motociclo a solo;In marcia / fermata / arresto;Conducente;M;Rimandato;0;NON DECEDUTO;Non accertato;
3027354;6;26/10/2016 09:30;Strada Urbana;VIALE GIOVANNI BATTISTA VALENTE;in prossimità;;del civico n.;139;;Scontro frontale/laterale SX fra veicoli in marcia;Rettilineo;Una carreggiata a doppio senso;Asciutto;Asfaltata;Orizzontale;Nuvoloso;Normale;Buona;Ore Diurne;0;0;0;2;12.56649;41.8988;-1;1;Autovettura privata;In marcia / fermata / arresto;Conducente;M;Illeso;0;;Non accertato;Inesploso
3027354;6;26/10/2016 09:30;Strada Urbana;VIALE GIOVANNI BATTISTA VALENTE;in prossimità;;del civico n.;139;;Scontro frontale/laterale SX fra veicoli in marcia;Rettilineo;Una carreggiata a doppio senso;Asciutto;Asfaltata;Orizzontale;Nuvoloso;Normale;Buona;Ore Diurne;0;0;0;2;12.56649;41.8988;-1;2;Motociclo a solo;In marcia / fermata / arresto;Conducente;M;Illeso;0;;Non accertato;
3027372;16;25/10/2016 13:30;Strada Urbana;CIRCONVALLAZIONE GIANICOLENSE;da specificare;;;;altezza capolinea autobus 088;Scontro laterale fra veicoli in marcia;Rettilineo;Più di due carreggiate;Asciutto;Asfaltata;Verticale ed orizzontale;Sereno;Normale;Buona;Ore Diurne;0;0;0;3;12.44956;41.87247;-1;1;Autovettura privata;In marcia / fermata / arresto;Conducente;M;Illeso;0;;Non accertato;
3027372;16;25/10/2016 13:30;Strada Urbana;CIRCONVALLAZIONE GIANICOLENSE;da specificare;;;;altezza capolinea autobus 088;Scontro laterale fra veicoli in marcia;Rettilineo;Più di due carreggiate;Asciutto;Asfaltata;Verticale ed orizzontale;Sereno;Normale;Buona;Ore Diurne;0;0;0;3;12.44956;41.87247;-1;2;Autovettura privata;In marcia / fermata / arresto;Conducente;F;Illeso;0;;Non accertato;
3027372;16;25/10/2016 13:30;Strada Urbana;CIRCONVALLAZIONE GIANICOLENSE;da specificare;;;;altezza capolinea autobus 088;Scontro laterale fra veicoli in marcia;Rettilineo;Più di due carreggiate;Asciutto;Asfaltata;Verticale ed orizzontale;Sereno;Normale;Buona;Ore Diurne;0;0;0;3;12.44956;41.87247;-1;3;Autovettura privata;In marcia / fermata / arresto;Conducente;M;Illeso;0;;Non accertato;
3027380;7;25/10/2016 13:45;Strada Urbana;VIA COLLATINA;all'intersezione con;VIALE GIORGIO DE CHIRICO;VIALE GIORGIO DE CHIRICO;;;Scontro frontale/laterale SX fra veicoli in marcia;Incrocio;Una carreggiata a doppio senso;Asciutto;Asfaltata;Verticale ed orizzontale;Sereno;Normale;Buona;Ore Diurne;1;0;0;1;12.58484;41.90341;-1;1;Autovettura privata;In marcia / fermata / arresto;Conducente;F;Illeso;0;;Non accertato;Inesploso
3027380;7;25/10/2016 13:45;Strada Urbana;VIA COLLATINA;all'intersezione con;VIALE GIORGIO DE CHIRICO;VIALE GIORGIO DE CHIRICO;;;Scontro frontale/laterale SX fra veicoli in marcia;Incrocio;Una carreggiata a doppio senso;Asciutto;Asfaltata;Verticale ed orizzontale;Sereno;Normale;Buona;Ore Diurne;1;0;0;1;12.58484;41.90341;-1;2;Motociclo a solo;In marcia / fermata / arresto;Conducente;M;Rimandato;0;NON DECEDUTO;Non accertato;
3027387;17;25/10/2016 20:30;Strada Urbana;LUNGOTEVERE DEI MELLINI;da specificare;;;;FRONTE VIA PIETRO COSSA;Tamponamento;Rettilineo;Più di due carreggiate;Asciutto;Asfaltata;Verticale ed orizzontale;Nuvoloso;Normale;Sufficiente;Sufficiente;3;0;0;0;12.47324;41.9068;-1;1;Motociclo a solo;In marcia / fermata / arresto;Conducente;M;Rimandato;0;NON DECEDUTO;Non accertato;
3027387;17;25/10/2016 20:30;Strada Urbana;LUNGOTEVERE DEI MELLINI;da specificare;;;;FRONTE VIA PIETRO COSSA;Tamponamento;Rettilineo;Più di due carreggiate;Asciutto;Asfaltata;Verticale ed orizzontale;Nuvoloso;Normale;Sufficiente;Sufficiente;3;0;0;0;12.47324;41.9068;-1;1;Motociclo a solo;In marcia / fermata / arresto;Passeggero;F;Rimandato;0;NON DECEDUTO;Utilizzato;
3027387;17;25/10/2016 20:30;Strada Urbana;LUNGOTEVERE DEI MELLINI;da specificare;;;;FRONTE VIA PIETRO COSSA;Tamponamento;Rettilineo;Più di due carreggiate;Asciutto;Asfaltata;Verticale ed orizzontale;Nuvoloso;Normale;Sufficiente;Sufficiente;3;0;0;0;12.47324;41.9068;-1;2;Motociclo a solo;In marcia / fermata / arresto;Conducente;M;Rimandato;0;NON DECEDUTO;Non accertato;
3027397;2;24/10/2016 12:15;Strada Urbana;VIALE GIOACCHINO ROSSINI;da specificare;;;;pross. civ. 34;Veicolo in marcia contro ostacolo fisso;Rettilineo;Una carreggiata a senso unico di marcia;Asciutto;Asfaltata;Verticale ed orizzontale;Sereno;Normale;Buona;Ore Diurne;0;0;0;1;12.49166;41.92069;-1;1;Autovettura privata;In marcia / fermata / arresto;Conducente;F;Illeso;0;;;
3027401;1;24/10/2016 18:45;Strada Urbana;PIAZZA DI PORTA CAPENA;da specificare;;;;in prossimita' albero n. 4;Scontro frontale/laterale DX fra veicoli in marcia;Curva a visuale libera;Più di due carreggiate;Asciutto;Asfaltata;Verticale ed orizzontale;Sereno;Intenso;Buona;Sufficiente;0;0;0;5;12.48951;41.88424;-1;1;Autovettura pubblica;In marcia / fermata / arresto;Conducente;M;Illeso;0;;Non accertato;Inesploso
3027401;1;24/10/2016 18:45;Strada Urbana;PIAZZA DI PORTA CAPENA;da specificare;;;;in prossimita' albero n. 4;Scontro frontale/laterale DX fra veicoli in marcia;Curva a visuale libera;Più di due carreggiate;Asciutto;Asfaltata;Verticale ed orizzontale;Sereno;Intenso;Buona;Sufficiente;0;0;0;5;12.48951;41.88424;-1;1;Autovettura pubblica;In marcia / fermata / arresto;Passeggero;F;Illeso;0;;Non accertato;Inesploso
3027401;1;24/10/2016 18:45;Strada Urbana;PIAZZA DI PORTA CAPENA;da specificare;;;;in prossimita' albero n. 4;Scontro frontale/laterale DX fra veicoli in marcia;Curva a visuale libera;Più di due carreggiate;Asciutto;Asfaltata;Verticale ed orizzontale;Sereno;Intenso;Buona;Sufficiente;0;0;0;5;12.48951;41.88424;-1;1;Autovettura pubblica;In marcia / fermata / arresto;Passeggero;F;Illeso;0;;Non accertato;Inesploso
3027401;1;24/10/2016 18:45;Strada Urbana;PIAZZA DI PORTA CAPENA;da specificare;;;;in prossimita' albero n. 4;Scontro frontale/laterale DX fra veicoli in marcia;Curva a visuale libera;Più di due carreggiate;Asciutto;Asfaltata;Verticale ed orizzontale;Sereno;Intenso;Buona;Sufficiente;0;0;0;5;12.48951;41.88424;-1;1;Autovettura pubblica;In marcia / fermata / arresto;Passeggero;F;Illeso;0;;Non accertato;Inesploso
3027401;1;24/10/2016 18:45;Strada Urbana;PIAZZA DI PORTA CAPENA;da specificare;;;;in prossimita' albero n. 4;Scontro frontale/laterale DX fra veicoli in marcia;Curva a visuale libera;Più di due carreggiate;Asciutto;Asfaltata;Verticale ed orizzontale;Sereno;Intenso;Buona;Sufficiente;0;0;0;5;12.48951;41.88424;-1;2;Autovettura privata;In marcia / fermata / arresto;Conducente;M;Illeso;0;;Non accertato;Inesploso
3027405;1;22/10/2016 12:10;Strada Urbana;PIAZZA VENEZIA;all'intersezione con;VIA CESARE BATTISTI;VIA CESARE BATTISTI;;;Scontro laterale fra veicoli in marcia;Incrocio;Una carreggiata a doppio senso;Asciutto;Acciotolata;Verticale ed orizzontale;Sereno;Normale;Buona;Ore Diurne;0;0;0;3;12.49637;41.90278;-1;1;Autobus turistico;In marcia / fermata / arresto;Conducente;M;Illeso;0;;;
3027405;1;22/10/2016 12:10;Strada Urbana;PIAZZA VENEZIA;all'intersezione con;VIA CESARE BATTISTI;VIA CESARE BATTISTI;;;Scontro laterale fra veicoli in marcia;Incrocio;Una carreggiata a doppio senso;Asciutto;Acciotolata;Verticale ed orizzontale;Sereno;Normale;Buona;Ore Diurne;0;0;0;3;12.49637;41.90278;-1;2;Autovettura privata;In marcia / fermata / arresto;Conducente;M;Illeso;0;;;
3027405;1;22/10/2016 12:10;Strada Urbana;PIAZZA VENEZIA;all'intersezione con;VIA CESARE BATTISTI;VIA CESARE BATTISTI;;;Scontro laterale fra veicoli in marcia;Incrocio;Una carreggiata a doppio senso;Asciutto;Acciotolata;Verticale ed orizzontale;Sereno;Normale;Buona;Ore Diurne;0;0;0;3;12.49637;41.90278;-1;2;Autovettura privata;In marcia / fermata / arresto;Passeggero;F;Illeso;0;;;
3027408;13;22/10/2016 15:20;Strada Urbana;VIA ALEARDO ALEARDI;in corrispondenza;;del civico n.;8;;Veicolo in marcia contro veicolo in sosta;Rettilineo;Una carreggiata a senso unico di marcia;Asciutto;Asfaltata;Verticale ed orizzontale;Sereno;Scarso;Buona;Ore Diurne;0;0;0;1;12.50444;41.88814;-1;1;Autovettura privata;In marcia / fermata / arresto;Conducente;M;Illeso;0;;Non accertato;Inesploso
3027437;2;26/10/2016 08:15;Strada Urbana;LARGO AMILCARE PONCHIELLI;in prossimità;;del civico n.;fr. civ 1;;Scontro laterale fra veicoli in marcia;Rettilineo;Una carreggiata a doppio senso;Bagnato (pioggia);Asfaltata;Verticale ed orizzontale;Pioggia in atto;Normale;Buona;Ore Diurne;2;0;0;0;12.49607;41.91713;-1;1;Motociclo a solo;In marcia / fermata / arresto;Conducente;M;Rimandato;0;NON DECEDUTO;Non accertato;
3027437;2;26/10/2016 08:15;Strada Urbana;LARGO AMILCARE PONCHIELLI;in prossimità;;del civico n.;fr. civ 1;;Scontro laterale fra veicoli in marcia;Rettilineo;Una carreggiata a doppio senso;Bagnato (pioggia);Asfaltata;Verticale ed orizzontale;Pioggia in atto;Normale;Buona;Ore Diurne;2;0;0;0;12.49607;41.91713;-1;2;Motociclo a solo;In marcia / fermata / arresto;Conducente;M;Rimandato;0;NON DECEDUTO;Non accertato;
3027444;1;25/10/2016 09:30;Strada Urbana;PIAZZA CENCI;in prossimità;;del civico n.;53;;Veicolo in marcia contro veicoli in sosta;Rettilineo;Una carreggiata a senso unico di marcia;Asciutto;In cubetti di porfido;Orizzontale;Nuvoloso;Scarso;Buona;Ore Diurne;0;0;0;1;12.47527;41.89284;-1;1;Autocarro inferiore 35 q.;In marcia / fermata / arresto;Conducente;M;Illeso;0;;Non accertato;
3027478;1;22/10/2016 22:00;Strada Urbana;VIA CONTE VERDE;all'intersezione con;VIA BIXIO;VIA BIXIO;;;Scontro frontale/laterale DX fra veicoli in marcia;Intersezione stradale segnalata;Una carreggiata a doppio senso;Asciutto;Asfaltata;Verticale ed orizzontale;Sereno;Scarso;Sufficiente;Sufficiente;1;0;0;1;12.50728;41.89294;-1;1;Motociclo a solo;In marcia / fermata / arresto;Conducente;F;Rimandato;0;NON DECEDUTO;;
3027478;1;22/10/2016 22:00;Strada Urbana;VIA CONTE VERDE;all'intersezione con;VIA BIXIO;VIA BIXIO;;;Scontro frontale/laterale DX fra veicoli in marcia;Intersezione stradale segnalata;Una carreggiata a doppio senso;Asciutto;Asfaltata;Verticale ed orizzontale;Sereno;Scarso;Sufficiente;Sufficiente;1;0;0;1;12.50728;41.89294;-1;2;Ciclomotore;In marcia / fermata / arresto;Conducente;M;Illeso;0;;;
3027497;7;25/10/2016 15:00;Strada Urbana;VIA DEI CICLAMINI;all'intersezione con;VIA DEI GELSI;VIA DEI GELSI;;;Scontro frontale/laterale SX fra veicoli in marcia;Incrocio;Una carreggiata a doppio senso;Bagnato (pioggia);Asfaltata;Verticale ed orizzontale;Sereno;;Buona;Ore Diurne;0;0;0;2;12.56772;41.889;-1;1;Autovettura privata;In marcia / fermata / arresto;Conducente;M;Illeso;0;;;
3027497;7;25/10/2016 15:00;Strada Urbana;VIA DEI CICLAMINI;all'intersezione con;VIA DEI GELSI;VIA DEI GELSI;;;Scontro frontale/laterale SX fra veicoli in marcia;Incrocio;Una carreggiata a doppio senso;Bagnato (pioggia);Asfaltata;Verticale ed orizzontale;Sereno;;Buona;Ore Diurne;0;0;0;2;12.56772;41.889;-1;2;Autovettura privata;In marcia / fermata / arresto;Conducente;M;Illeso;0;;;
3027504;1;24/10/2016 13:40;Strada Urbana;LUNGOTEVERE DEGLI ALBERTESCHI;da specificare;;;;in corrispondenza Fermata Atac 70939;Scontro laterale fra veicoli in marcia;Rettilineo;Una carreggiata a senso unico di marcia;Asciutto;Asfaltata;Verticale ed orizzontale;Sereno;Normale;Buona;Ore Diurne;1;0;0;1;12.47747;41.8895;-1;1;Autovettura privata;In marcia / fermata / arresto;Conducente;F;Illeso;0;;Non accertato;Inesploso
3027504;1;24/10/2016 13:40;Strada Urbana;LUNGOTEVERE DEGLI ALBERTESCHI;da specificare;;;;in corrispondenza Fermata Atac 70939;Scontro laterale fra veicoli in marcia;Rettilineo;Una carreggiata a senso unico di marcia;Asciutto;Asfaltata;Verticale ed orizzontale;Sereno;Normale;Buona;Ore Diurne;1;0;0;1;12.47747;41.8895;-1;2;Motociclo a solo;In marcia / fermata / arresto;Conducente;M;Rifiuta cure immediate;0;NON DECEDUTO;Non accertato;
3027508;20;26/10/2016 10:30;Strada Urbana;VIA DELLA STAZIONE DI TOR DI QUINTO;all'intersezione con;VIALE DI TOR DI QUINTO;VIALE DI TOR DI QUINTO;;;Tamponamento;Intersezione stradale segnalata;Una carreggiata a doppio senso;Bagnato (umidità in atto);Asfaltata;Verticale ed orizzontale;Nuvoloso;Intenso;Buona;Ore Diurne;0;0;0;2;12.48485;41.95088;-1;1;Autovettura privata;In marcia / fermata / arresto;Conducente;M;Illeso;0;;Non accertato;Inesploso
3027508;20;26/10/2016 10:30;Strada Urbana;VIA DELLA STAZIONE DI TOR DI QUINTO;all'intersezione con;VIALE DI TOR DI QUINTO;VIALE DI TOR DI QUINTO;;;Tamponamento;Intersezione stradale segnalata;Una carreggiata a doppio senso;Bagnato (umidità in atto);Asfaltata;Verticale ed orizzontale;Nuvoloso;Intenso;Buona;Ore Diurne;0;0;0;2;12.48485;41.95088;-1;2;Autovettura privata;In marcia / fermata / arresto;Conducente;F;Illeso;0;;Non accertato;Inesploso
3027524;7;25/10/2016 17:30;Strada Urbana;VIA COLLATINA;da specificare;;;; parcheggio ipermercato auchan;Scontro frontale/laterale SX fra veicoli in marcia;Rettilineo;Una carreggiata a doppio senso;Asciutto;Asfaltata;Assente;Sereno;Scarso;Buona;Ore Diurne;0;0;0;3;12.5679;41.90093;-1;1;Autovettura privata;In marcia / fermata / arresto;Conducente;F;Illeso;0;;;
3027524;7;25/10/2016 17:30;Strada Urbana;VIA COLLATINA;da specificare;;;; parcheggio ipermercato auchan;Scontro frontale/laterale SX fra veicoli in marcia;Rettilineo;Una carreggiata a doppio senso;Asciutto;Asfaltata;Assente;Sereno;Scarso;Buona;Ore Diurne;0;0;0;3;12.5679;41.90093;-1;1;Autovettura privata;In marcia / fermata / arresto;Passeggero;M;Illeso;0;;Non accertato;Inesploso
3027524;7;25/10/2016 17:30;Strada Urbana;VIA COLLATINA;da specificare;;;; parcheggio ipermercato auchan;Scontro frontale/laterale SX fra veicoli in marcia;Rettilineo;Una carreggiata a doppio senso;Asciutto;Asfaltata;Assente;Sereno;Scarso;Buona;Ore Diurne;0;0;0;3;12.5679;41.90093;-1;2;Motociclo a solo;In marcia / fermata / arresto;Conducente;M;Illeso;0;;;
3027535;1;22/10/2016 09:20;Strada Urbana;VIA PALERMO;all'intersezione con;VIA MILANO;VIA MILANO;;;Scontro frontale/laterale DX fra veicoli in marcia;Incrocio;Due carreggiate;Asciutto;Acciotolata;Verticale ed orizzontale;Sereno;Normale;Buona;Ore Diurne;1;0;0;1;12.49231;41.89912;-1;1;Autovettura pubblica;In marcia / fermata / arresto;Conducente;M;Illeso;0;;Non accertato;Inesploso
3027535;1;22/10/2016 09:20;Strada Urbana;VIA PALERMO;all'intersezione con;VIA MILANO;VIA MILANO;;;Scontro frontale/laterale DX fra veicoli in marcia;Incrocio;Due carreggiate;Asciutto;Acciotolata;Verticale ed orizzontale;Sereno;Normale;Buona;Ore Diurne;1;0;0;1;12.49231;41.89912;-1;2;Motociclo a solo;In marcia / fermata / arresto;Conducente;M;Rifiuta cure immediate;0;NON DECEDUTO;Non accertato;
3027560;1;23/10/2016 06:30;Strada Urbana;VIALE DELLE TERME DI CARACALLA;in corrispondenza;;del palo luce n.;26;;Tamponamento;Rettilineo;Più di due carreggiate;Bagnato (pioggia);Asfaltata;Verticale ed orizzontale;Pioggia in atto;Scarso;Sufficiente;Sufficiente;1;0;0;1;12.4952;41.8785;-1;1;Autovettura privata;In marcia / fermata / arresto;Conducente;M;Rifiuta cure immediate;0;NON DECEDUTO;Non accertato;Inesploso
3027560;1;23/10/2016 06:30;Strada Urbana;VIALE DELLE TERME DI CARACALLA;in corrispondenza;;del palo luce n.;26;;Tamponamento;Rettilineo;Più di due carreggiate;Bagnato (pioggia);Asfaltata;Verticale ed orizzontale;Pioggia in atto;Scarso;Sufficiente;Sufficiente;1;0;0;1;12.4952;41.8785;-1;2;Autocarro superiore 35 q.;In marcia / fermata / arresto;Conducente;M;Illeso;0;;Non accertato;Inesploso
3027563;1;25/10/2016 12:55;Strada Urbana;VIA DI PORTA SETTIMIANA;in corrispondenza;;del civico n.;7;;Veicolo in marcia contro veicolo fermo;Rettilineo;Una carreggiata a senso unico di marcia;Asciutto;Acciotolata;Assente;Sereno;Scarso;Buona;Ore Diurne;0;0;0;1;12.46775;41.89213;-1;1;Autovettura pubblica;In marcia / fermata / arresto;Conducente;M;Illeso;0;;Non accertato;
3027592;1;23/10/2016;Strada Urbana;VIA DI PIETRA;in prossimità;;del civico n.;90;;Veicolo in marcia contro veicolo in sosta;Rettilineo;Una carreggiata a senso unico di marcia;Asciutto;In cubetti di porfido;Verticale ed orizzontale;Sereno;Normale;Buona;Ore Diurne;0;0;0;1;12.47993;41.89998;-1;2;Autocarro inferiore 35 q.;In marcia / fermata / arresto;Conducente;M;Illeso;0;;;
3027612;1;24/10/2016 09:00;Strada Urbana;VIA VENTI SETTEMBRE;in corrispondenza;;del civico n.;17;;Veicolo in marcia contro ostacolo accidentale;Rettilineo;Una carreggiata a senso unico di marcia;Asciutto;Asfaltata;Verticale ed orizzontale;Sereno;Intenso;Buona;Ore Diurne;0;0;0;3;12.49425;41.90477;-1;1;Motociclo a solo;In marcia / fermata / arresto;Conducente;M;Illeso;0;;Non accertato;
3027612;1;24/10/2016 09:00;Strada Urbana;VIA VENTI SETTEMBRE;in corrispondenza;;del civico n.;17;;Veicolo in marcia contro ostacolo accidentale;Rettilineo;Una carreggiata a senso unico di marcia;Asciutto;Asfaltata;Verticale ed orizzontale;Sereno;Intenso;Buona;Ore Diurne;0;0;0;3;12.49425;41.90477;-1;2;Autovettura privata;In marcia / fermata / arresto;Conducente;M;Illeso;0;;Non accertato;
3027612;1;24/10/2016 09:00;Strada Urbana;VIA VENTI SETTEMBRE;in corrispondenza;;del civico n.;17;;Veicolo in marcia contro ostacolo accidentale;Rettilineo;Una carreggiata a senso unico di marcia;Asciutto;Asfaltata;Verticale ed orizzontale;Sereno;Intenso;Buona;Ore Diurne;0;0;0;3;12.49425;41.90477;-1;2;Autovettura privata;In marcia / fermata / arresto;Passeggero;F;Illeso;0;;Non accertato;
3027614;23;25/10/2016 11:30;Strada Urbana;LUNGOTEVERE DEGLI ALBERTESCHI;all'intersezione con;PIAZZA CASTELLANI;PIAZZA CASTELLANI;;;Tamponamento Multiplo;Intersezione stradale segnalata;Una carreggiata a senso unico di marcia;Asciutto;Asfaltata;Verticale ed orizzontale;Sereno;Intenso;Buona;Ore Diurne;2;0;0;3;12.47758;41.88939;-1;1;Autovettura privata;In marcia / fermata / arresto;Conducente;F;Rifiuta cure immediate;0;NON DECEDUTO;Non accertato;Inesploso
3027614;23;25/10/2016 11:30;Strada Urbana;LUNGOTEVERE DEGLI ALBERTESCHI;all'intersezione con;PIAZZA CASTELLANI;PIAZZA CASTELLANI;;;Tamponamento Multiplo;Intersezione stradale segnalata;Una carreggiata a senso unico di marcia;Asciutto;Asfaltata;Verticale ed orizzontale;Sereno;Intenso;Buona;Ore Diurne;2;0;0;3;12.47758;41.88939;-1;1;Autovettura privata;In marcia / fermata / arresto;Passeggero;F;Rifiuta cure immediate;0;NON DECEDUTO;Non accertato;Inesploso
3027614;23;25/10/2016 11:30;Strada Urbana;LUNGOTEVERE DEGLI ALBERTESCHI;all'intersezione con;PIAZZA CASTELLANI;PIAZZA CASTELLANI;;;Tamponamento Multiplo;Intersezione stradale segnalata;Una carreggiata a senso unico di marcia;Asciutto;Asfaltata;Verticale ed orizzontale;Sereno;Intenso;Buona;Ore Diurne;2;0;0;3;12.47758;41.88939;-1;2;Autovettura privata;In marcia / fermata / arresto;Conducente;M;Illeso;0;;Non accertato;Inesploso
3027614;23;25/10/2016 11:30;Strada Urbana;LUNGOTEVERE DEGLI ALBERTESCHI;all'intersezione con;PIAZZA CASTELLANI;PIAZZA CASTELLANI;;;Tamponamento Multiplo;Intersezione stradale segnalata;Una carreggiata a senso unico di marcia;Asciutto;Asfaltata;Verticale ed orizzontale;Sereno;Intenso;Buona;Ore Diurne;2;0;0;3;12.47758;41.88939;-1;3;Autovettura privata;In marcia / fermata / arresto;Conducente;M;Illeso;0;;Non accertato;Inesploso
3027614;23;25/10/2016 11:30;Strada Urbana;LUNGOTEVERE DEGLI ALBERTESCHI;all'intersezione con;PIAZZA CASTELLANI;PIAZZA CASTELLANI;;;Tamponamento Multiplo;Intersezione stradale segnalata;Una carreggiata a senso unico di marcia;Asciutto;Asfaltata;Verticale ed orizzontale;Sereno;Intenso;Buona;Ore Diurne;2;0;0;3;12.47758;41.88939;-1;3;Autovettura privata;In marcia / fermata / arresto;Passeggero;M;Illeso;0;;Non accertato;Inesploso
3027659;12;25/10/2016 21:30;Strada Urbana;VIA OSTIENSE;all'intersezione semaforizzata con;VIA DELL'IPPICA;VIA DELL'IPPICA;;;Scontro frontale/laterale SX fra veicoli in marcia;Incrocio;Più di due carreggiate;Asciutto;Asfaltata;Verticale ed orizzontale;Sereno;Normale;Buona;Sufficiente;2;0;0;0;12.42161;41.80982;-1;1;Autovettura privata;In marcia / fermata / arresto;Conducente;F;Rimandato;0;NON DECEDUTO;Utilizzato;Inesploso