Protocollo;Gruppo;DataOraIncidente;Localizzazione1;STRADA1;Localizzazione2;STRADA2;Strada02;Chilometrica;DaSpecificare;NaturaIncidente;particolaritastrade;TipoStrada;FondoStradale;Pavimentazione;Segnaletica;CondizioneAtmosferica;Traffico;Visibilita;Illuminazione;NUM_FERITI;NUM_RISERVATA;NUM_MORTI;NUM_ILLESI;Longitudine;Latitudine;Confermato;Progressivo;TipoVeicolo;StatoVeicolo;TipoPersona;Sesso;Tipolesione;Deceduto;DecedutoDopo;CinturaCascoUtilizzato;Airbag
3030538;8;27/10/2016 07:05;Strada Urbana;VIA DI GIARDINETTI;in prossimità;;del civico n.;198;;Tamponamento;Rettilineo;Una carreggiata a doppio senso;Bagnato (pioggia);Asfaltata;Verticale;Pioggia in atto;Normale;Buona;Ore Diurne;1;0;0;2;12.60158;41.8574;-1;2;Autocarro inferiore 35 q.;In marcia / fermata / arresto;Conducente;M;Rimandato;0;NON DECEDUTO;Non accertato;Inesploso
3030538;8;27/10/2016 07:05;Strada Urbana;VIA DI GIARDINETTI;in prossimità;;del civico n.;198;;Tamponamento;Rettilineo;Una carreggiata a doppio senso;Bagnato (pioggia);Asfaltata;Verticale;Pioggia in atto;Normale;Buona;Ore Diurne;1;0;0;2;12.60158;41.8574;-1;2;Autocarro inferiore 35 q.;In marcia / fermata / arresto;Passeggero;F;Illeso;0;;Non accertato;Inesploso
3030541;13;27/10/2016 11:50;Strada Urbana;VIA DELLE BALENIERE;da specificare;;;;fronte civ. 188 area parcheggio;Veicolo in marcia contro ostacolo accidentale;Rettilineo;Una carreggiata a senso unico di marcia;Bagnato (pioggia);Sterrata;Verticale;Nuvoloso;Scarso;Buona;Ore Diurne;0;0;0;1;12.27948;41.73814;-1;1;Autovettura privata;In marcia / fermata / arresto;Conducente;F;Illeso;0;;Non accertato;Inesploso
3030545;8;27/10/2016 08:30;Strada Urbana;VIA GIORGIO GRAPPELLI;all'intersezione con;VIA ANTONIO CAPETTI;VIA ANTONIO CAPETTI;;;Scontro laterale fra veicoli in marcia;Intersezione stradale segnalata;Due carreggiate;Bagnato (umidità in atto);Asfaltata;Verticale ed orizzontale;Nuvoloso;Normale;Buona;Ore Diurne;2;0;0;0;12.65713;41.91176;-1;1;Autovettura privata;In marcia / fermata / arresto;Conducente;F;Rifiuta cure immediate;0;NON DECEDUTO;;
3030545;8;27/10/2016 08:30;Strada Urbana;VIA GIORGIO GRAPPELLI;all'intersezione con;VIA ANTONIO CAPETTI;VIA ANTONIO CAPETTI;;;Scontro laterale fra veicoli in marcia;Intersezione stradale segnalata;Due carreggiate;Bagnato (umidità in atto);Asfaltata;Verticale ed orizzontale;Nuvoloso;Normale;Buona;Ore Diurne;2;0;0;0;12.65713;41.91176;-1;2;Autovettura privata;In marcia / fermata / arresto;Conducente;F;Rifiuta cure immediate;0;NON DECEDUTO;;
3030560;19;27/10/2016 07:50;Strada Urbana;VIA DEL FORTE BRASCHI;in prossimità;;del civico n.;101;;Scontro frontale/laterale SX fra veicoli in marcia;Rettilineo;Una carreggiata a doppio senso;Bagnato (umidità in atto);Asfaltata;Verticale;Nuvoloso;Intenso;Buona;Ore Diurne;1;0;0;4;12.4172;41.91225;-1;1;Autovettura privata;In marcia / fermata / arresto;Conducente;F;Illeso;0;;Non accertato;Inesploso
3030560;19;27/10/2016 07:50;Strada Urbana;VIA DEL FORTE BRASCHI;in prossimità;;del civico n.;101;;Scontro frontale/laterale SX fra veicoli in marcia;Rettilineo;Una carreggiata a doppio senso;Bagnato (umidità in atto);Asfaltata;Verticale;Nuvoloso;Intenso;Buona;Ore Diurne;1;0;0;4;12.4172;41.91225;-1;1;Autovettura privata;In marcia / fermata / arresto;Passeggero;F;Illeso;0;;Non accertato;Inesploso
3030560;19;27/10/2016 07:50;Strada Urbana;VIA DEL FORTE BRASCHI;in prossimità;;del civico n.;101;;Scontro frontale/laterale SX fra veicoli in marcia;Rettilineo;Una carreggiata a doppio senso;Bagnato (umidità in atto);Asfaltata;Verticale;Nuvoloso;Intenso;Buona;Ore Diurne;1;0;0;4;12.4172;41.91225;-1;1;Autovettura privata;In marcia / fermata / arresto;Passeggero;M;Illeso;0;;Non accertato;Inesploso
3030560;19;27/10/2016 07:50;Strada Urbana;VIA DEL FORTE BRASCHI;in prossimità;;del civico n.;101;;Scontro frontale/laterale SX fra veicoli in marcia;Rettilineo;Una carreggiata a doppio senso;Bagnato (umidità in atto);Asfaltata;Verticale;Nuvoloso;Intenso;Buona;Ore Diurne;1;0;0;4;12.4172;41.91225;-1;2;Motociclo a solo;In marcia / fermata / arresto;Conducente;M;Illeso;0;;Non accertato;
3030560;19;27/10/2016 07:50;Strada Urbana;VIA DEL FORTE BRASCHI;in prossimità;;del civico n.;101;;Scontro frontale/laterale SX fra veicoli in marcia;Rettilineo;Una carreggiata a doppio senso;Bagnato (umidità in atto);Asfaltata;Verticale;Nuvoloso;Intenso;Buona;Ore Diurne;1;0;0;4;12.4172;41.91225;-1;3;Motociclo a solo;In marcia / fermata / arresto;Conducente;F;Rimandato;0;NON DECEDUTO;Non accertato;
3030563;4;27/10/2016 08:50;Strada Urbana;VIA NOMENTANA;in prossimità;;del civico n.;543;;Scontro laterale fra veicoli in marcia;Rettilineo;Più di due carreggiate;Asciutto;Asfaltata;Verticale ed orizzontale;Sereno;Intenso;Buona;Ore Diurne;0;0;0;3;12.52747;41.93152;-1;1;Autovettura privata;In marcia / fermata / arresto;Conducente;M;Illeso;0;;Non accertato;Inesploso
3030563;4;27/10/2016 08:50;Strada Urbana;VIA NOMENTANA;in prossimità;;del civico n.;543;;Scontro laterale fra veicoli in marcia;Rettilineo;Più di due carreggiate;Asciutto;Asfaltata;Verticale ed orizzontale;Sereno;Intenso;Buona;Ore Diurne;0;0;0;3;12.52747;41.93152;-1;2;Ciclomotore;In marcia / fermata / arresto;Conducente;M;Illeso;0;;Non accertato;
3030563;4;27/10/2016 08:50;Strada Urbana;VIA NOMENTANA;in prossimità;;del civico n.;543;;Scontro laterale fra veicoli in marcia;Rettilineo;Più di due carreggiate;Asciutto;Asfaltata;Verticale ed orizzontale;Sereno;Intenso;Buona;Ore Diurne;0;0;0;3;12.52747;41.93152;-1;3;Autovettura pubblica;In marcia / fermata / arresto;Conducente;M;Illeso;0;;Non accertato;Inesploso
3030571;4;27/10/2016 16:00;Provinciale entro l'abitato;VIA NOMENTANA;in prossimità;;del civico n.;1111;;Investimento di pedone;Rettilineo;Una carreggiata a doppio senso;Asciutto;Asfaltata;Orizzontale;Sereno;Normale;Buona;Ore Diurne;1;0;0;1;12.57456;41.95431;-1;;;;Pedone;F;Rimandato;0;NON DECEDUTO;;
3030571;4;27/10/2016 16:00;Provinciale entro l'abitato;VIA NOMENTANA;in prossimità;;del civico n.;1111;;Investimento di pedone;Rettilineo;Una carreggiata a doppio senso;Asciutto;Asfaltata;Orizzontale;Sereno;Normale;Buona;Ore Diurne;1;0;0;1;12.57456;41.95431;-1;1;Autovettura privata;In marcia / fermata / arresto;Conducente;M;Illeso;0;;Non accertato;
3030592;17;27/10/2016 12:20;Strada Urbana;PIAZZA DEL RISORGIMENTO;in prossimità;;del palo luce n.;29;;Scontro laterale fra veicoli in marcia;Rettilineo;Una carreggiata a senso unico di marcia;Asciutto;Asfaltata;Verticale ed orizzontale;Sereno;Intenso;Buona;Ore Diurne;1;0;0;1;12.45781;41.9059;-1;1;Autovettura privata;In marcia / fermata / arresto;Conducente;M;Illeso;0;;Non accertato;Inesploso
3030592;17;27/10/2016 12:20;Strada Urbana;PIAZZA DEL RISORGIMENTO;in prossimità;;del palo luce n.;29;;Scontro laterale fra veicoli in marcia;Rettilineo;Una carreggiata a senso unico di marcia;Asciutto;Asfaltata;Verticale ed orizzontale;Sereno;Intenso;Buona;Ore Diurne;1;0;0;1;12.45781;41.9059;-1;2;Motociclo con passeggero;In marcia / fermata / arresto;Conducente;F;Rimandato;0;NON DECEDUTO;Non accertato;
3030593;18;27/10/2016 16:20;Strada Urbana;VIA GREGORIO VII;in corrispondenza;;del civico n.;496;;Tamponamento Multiplo;Rettilineo;Più di due carreggiate;Asciutto;Asfaltata;Verticale ed orizzontale;Nuvoloso;Normale;Buona;Ore Diurne;2;0;0;3;12.43135;41.8946;-1;1;Autocarro inferiore 35 q.;In marcia / fermata / arresto;Conducente;M;Illeso;0;;Non accertato;Inesistente
3030593;18;27/10/2016 16:20;Strada Urbana;VIA GREGORIO VII;in corrispondenza;;del civico n.;496;;Tamponamento Multiplo;Rettilineo;Più di due carreggiate;Asciutto;Asfaltata;Verticale ed orizzontale;Nuvoloso;Normale;Buona;Ore Diurne;2;0;0;3;12.43135;41.8946;-1;1;Autocarro inferiore 35 q.;In marcia / fermata / arresto;Passeggero;M;Illeso;0;;Non accertato;Inesistente
3030593;18;27/10/2016 16:20;Strada Urbana;VIA GREGORIO VII;in corrispondenza;;del civico n.;496;;Tamponamento Multiplo;Rettilineo;Più di due carreggiate;Asciutto;Asfaltata;Verticale ed orizzontale;Nuvoloso;Normale;Buona;Ore Diurne;2;0;0;3;12.43135;41.8946;-1;2;Autovettura privata;In marcia / fermata / arresto;Conducente;M;Rimandato;0;NON DECEDUTO;Non accertato;Inesploso
3030593;18;27/10/2016 16:20;Strada Urbana;VIA GREGORIO VII;in corrispondenza;;del civico n.;496;;Tamponamento Multiplo;Rettilineo;Più di due carreggiate;Asciutto;Asfaltata;Verticale ed orizzontale;Nuvoloso;Normale;Buona;Ore Diurne;2;0;0;3;12.43135;41.8946;-1;3;Autovettura privata;In marcia / fermata / arresto;Conducente;F;Rimandato;0;NON DECEDUTO;Non accertato;Inesploso
3030593;18;27/10/2016 16:20;Strada Urbana;VIA GREGORIO VII;in corrispondenza;;del civico n.;496;;Tamponamento Multiplo;Rettilineo;Più di due carreggiate;Asciutto;Asfaltata;Verticale ed orizzontale;Nuvoloso;Normale;Buona;Ore Diurne;2;0;0;3;12.43135;41.8946;-1;3;Autovettura privata;In marcia / fermata / arresto;Passeggero;M;Illeso;0;;Non accertato;Inesploso
3030597;13;27/10/2016 19:30;Strada Urbana;VIA DI SAPONARA;in prossimità;;del civico n.;520;;Veicolo in marcia contro ostacolo accidentale;Rettilineo;Una carreggiata a doppio senso;Asciutto;Asfaltata;Orizzontale;Sereno;Normale;Sufficiente;Sufficiente;0;0;0;4;12.33989;41.77233;-1;1;Autovettura privata;In marcia / fermata / arresto;Conducente;M;Illeso;0;;Non accertato;
3030597;13;27/10/2016 19:30;Strada Urbana;VIA DI SAPONARA;in prossimità;;del civico n.;520;;Veicolo in marcia contro ostacolo accidentale;Rettilineo;Una carreggiata a doppio senso;Asciutto;Asfaltata;Orizzontale;Sereno;Normale;Sufficiente;Sufficiente;0;0;0;4;12.33989;41.77233;-1;1;Autovettura privata;In marcia / fermata / arresto;Passeggero;F;Illeso;0;;Non accertato;
3030597;13;27/10/2016 19:30;Strada Urbana;VIA DI SAPONARA;in prossimità;;del civico n.;520;;Veicolo in marcia contro ostacolo accidentale;Rettilineo;Una carreggiata a doppio senso;Asciutto;Asfaltata;Orizzontale;Sereno;Normale;Sufficiente;Sufficiente;0;0;0;4;12.33989;41.77233;-1;1;Autovettura privata;In marcia / fermata / arresto;Passeggero;M;Illeso;0;;Non accertato;
3030597;13;27/10/2016 19:30;Strada Urbana;VIA DI SAPONARA;in prossimità;;del civico n.;520;;Veicolo in marcia contro ostacolo accidentale;Rettilineo;Una carreggiata a doppio senso;Asciutto;Asfaltata;Orizzontale;Sereno;Normale;Sufficiente;Sufficiente;0;0;0;4;12.33989;41.77233;-1;1;Autovettura privata;In marcia / fermata / arresto;Passeggero;F;Illeso;0;;Non accertato;
3030612;4;27/10/2016 17:00;Strada Urbana;PIAZZA CONCA D'ORO;da specificare;;;;fronte civico  37;Scontro laterale fra veicoli in marcia;Rettilineo;Una carreggiata a senso unico di marcia;Asciutto;Asfaltata;Verticale;Sereno;Normale;Buona;Ore Diurne;0;0;0;2;12.5276;41.93899;-1;1;Autovettura privata;In marcia / fermata / arresto;Conducente;M;Illeso;0;;;
3030612;4;27/10/2016 17:00;Strada Urbana;PIAZZA CONCA D'ORO;da specificare;;;;fronte civico  37;Scontro laterale fra veicoli in marcia;Rettilineo;Una carreggiata a senso unico di marcia;Asciutto;Asfaltata;Verticale;Sereno;Normale;Buona;Ore Diurne;0;0;0;2;12.5276;41.93899;-1;2;Autovettura privata;In marcia / fermata / arresto;Conducente;F;Illeso;0;;;
3030618;19;27/10/2016 10:00;Strada Urbana;VIA DEL QUARTACCIO;all'intersezione con;VIA DEL MONTE DELLA CAPANNA;VIA DEL MONTE DELLA CAPANNA;;;Scontro frontale/laterale SX fra veicoli in marcia;Incrocio;Una carreggiata a doppio senso;Bagnato (umidità in atto);Asfaltata;Assente;Nuvoloso;Normale;Buona;Ore Diurne;1;0;0;1;12.39551;41.91903;-1;1;Autovettura privata;In marcia / fermata / arresto;Conducente;M;Illeso;0;;Non accertato;
3030618;19;27/10/2016 10:00;Strada Urbana;VIA DEL QUARTACCIO;all'intersezione con;VIA DEL MONTE DELLA CAPANNA;VIA DEL MONTE DELLA CAPANNA;;;Scontro frontale/laterale SX fra veicoli in marcia;Incrocio;Una carreggiata a doppio senso;Bagnato (umidità in atto);Asfaltata;Assente;Nuvoloso;Normale;Buona;Ore Diurne;1;0;0;1;12.39551;41.91903;-1;2;Motociclo a solo;In marcia / fermata / arresto;Conducente;M;Rimandato;0;NON DECEDUTO;Non accertato;
3030638;10;28/10/2016 08:35;Strada Urbana;VIALE PALMIRO TOGLIATTI;in prossimità;;del civico n.;83;;Scontro frontale/laterale SX fra veicoli in marcia;Rettilineo;Una carreggiata a senso unico di marcia;Asciutto;Asfaltata;Verticale ed orizzontale;Sereno;Normale;Sufficiente;Ore Diurne;0;0;0;2;12.5707;41.85697;-1;1;Autocarro inferiore 35 q.;In marcia / fermata / arresto;Conducente;M;Illeso;0;;Non accertato;Inesploso
3030638;10;28/10/2016 08:35;Strada Urbana;VIALE PALMIRO TOGLIATTI;in prossimità;;del civico n.;83;;Scontro frontale/laterale SX fra veicoli in marcia;Rettilineo;Una carreggiata a senso unico di marcia;Asciutto;Asfaltata;Verticale ed orizzontale;Sereno;Normale;Sufficiente;Ore Diurne;0;0;0;2;12.5707;41.85697;-1;2;Autovettura privata;In marcia / fermata / arresto;Conducente;M;Illeso;0;;Non accertato;Inesistente
3030639;7;26/10/2016 17:35;Strada Urbana;VIA PRENESTINA;in prossimità;;del civico n.;578;;Scontro frontale/laterale DX fra veicoli in marcia;Rettilineo;Una carreggiata a doppio senso;Asciutto;Asfaltata;Orizzontale;Sereno;Normale;Sufficiente;Ore Diurne;0;0;0;2;12.57875;41.89411;-1;1;Autovettura privata;In marcia / fermata / arresto;Conducente;M;Illeso;0;;;
3030639;7;26/10/2016 17:35;Strada Urbana;VIA PRENESTINA;in prossimità;;del civico n.;578;;Scontro frontale/laterale DX fra veicoli in marcia;Rettilineo;Una carreggiata a doppio senso;Asciutto;Asfaltata;Orizzontale;Sereno;Normale;Sufficiente;Ore Diurne;0;0;0;2;12.57875;41.89411;-1;2;Autovettura privata;In marcia / fermata / arresto;Conducente;M;Illeso;0;;;
3030641;17;28/10/2016 08:40;Strada Urbana;VIA SFORZA PALLAVICINI;all'intersezione con;VIA ALBERICO II;VIA ALBERICO II;;;Scontro frontale/laterale DX fra veicoli in marcia;Intersezione stradale segnalata;Una carreggiata a senso unico di marcia;Asciutto;Asfaltata;Verticale ed orizzontale;Sereno;Normale;Buona;Ore Diurne;1;0;0;1;12.46335;41.90528;-1;1;Autovettura privata;In marcia / fermata / arresto;Conducente;F;Illeso;0;;;
3030641;17;28/10/2016 08:40;Strada Urbana;VIA SFORZA PALLAVICINI;all'intersezione con;VIA ALBERICO II;VIA ALBERICO II;;;Scontro frontale/laterale DX fra veicoli in marcia;Intersezione stradale segnalata;Una carreggiata a senso unico di marcia;Asciutto;Asfaltata;Verticale ed orizzontale;Sereno;Normale;Buona;Ore Diurne;1;0;0;1;12.46335;41.90528;-1;2;Motociclo a solo;In marcia / fermata / arresto;Conducente;M;Ricoverato;0;NON DECEDUTO;;
3030643;12;27/10/2016 08:55;Provinciale entro l'abitato;VIA LAURENTINA;all'intersezione con;VIA DEI BOCCABELLI;VIA DEI BOCCABELLI;;;Scontro frontale/laterale DX fra veicoli in marcia;Intersezione semaforizzata;Più di due carreggiate;Bagnato (pioggia);Asfaltata;Verticale ed orizzontale;Pioggia in atto;Intenso;Buona;Ore Diurne;0;0;0;3;12.48129;41.80121;-1;1;Autovettura privata;In marcia / fermata / arresto;Conducente;M;Illeso;0;;Non accertato;Inesploso
3030643;12;27/10/2016 08:55;Provinciale entro l'abitato;VIA LAURENTINA;all'intersezione con;VIA DEI BOCCABELLI;VIA DEI BOCCABELLI;;;Scontro frontale/laterale DX fra veicoli in marcia;Intersezione semaforizzata;Più di due carreggiate;Bagnato (pioggia);Asfaltata;Verticale ed orizzontale;Pioggia in atto;Intenso;Buona;Ore Diurne;0;0;0;3;12.48129;41.80121;-1;1;Autovettura privata;In marcia / fermata / arresto;Passeggero;M;Illeso;0;;Utilizzato;Inesploso
3030643;12;27/10/2016 08:55;Provinciale entro l'abitato;VIA LAURENTINA;all'intersezione con;VIA DEI BOCCABELLI;VIA DEI BOCCABELLI;;;Scontro frontale/laterale DX fra veicoli in marcia;Intersezione semaforizzata;Più di due carreggiate;Bagnato (pioggia);Asfaltata;Verticale ed orizzontale;Pioggia in atto;Intenso;Buona;Ore Diurne;0;0;0;3;12.48129;41.80121;-1;2;Autovettura privata;In marcia / fermata / arresto;Conducente;M;Illeso;0;;Non accertato;Inesploso
3030649;19;27/10/2016 12:40;Strada Urbana;VIA DELLA PINETA SACCHETTI;in prossimità;;del civico n.;f.c. 480;;Scontro laterale fra veicoli in marcia;Rettilineo;Una carreggiata a senso unico di marcia;Asciutto;Asfaltata;Verticale ed orizzontale;Sereno;Intenso;Buona;Ore Diurne;0;0;0;2;12.42631;41.92599;-1;1;Autovettura privata;In marcia / fermata / arresto;Conducente;M;Illeso;0;;Non accertato;Inesploso
3030649;19;27/10/2016 12:40;Strada Urbana;VIA DELLA PINETA SACCHETTI;in prossimità;;del civico n.;f.c. 480;;Scontro laterale fra veicoli in marcia;Rettilineo;Una carreggiata a senso unico di marcia;Asciutto;Asfaltata;Verticale ed orizzontale;Sereno;Intenso;Buona;Ore Diurne;0;0;0;2;12.42631;41.92599;-1;2;Autovettura privata;In marcia / fermata / arresto;Conducente;F;Illeso;0;;Non accertato;Inesploso
3030652;16;27/10/2016 14:15;Strada Urbana;VIA BERNARDINO RAMAZZINI;in prossimità;;del civico n.;93;;Scontro frontale/laterale DX fra veicoli in marcia;Rettilineo;Una carreggiata a doppio senso;Asciutto;Asfaltata;Verticale ed orizzontale;Sereno;Normale;Buona;Ore Diurne;0;0;0;2;12.45186;41.86827;-1;1;Autovettura privata;In marcia / fermata / arresto;Conducente;F;Illeso;0;;Non accertato;Inesploso
3030652;16;27/10/2016 14:15;Strada Urbana;VIA BERNARDINO RAMAZZINI;in prossimità;;del civico n.;93;;Scontro frontale/laterale DX fra veicoli in marcia;Rettilineo;Una carreggiata a doppio senso;Asciutto;Asfaltata;Verticale ed orizzontale;Sereno;Normale;Buona;Ore Diurne;0;0;0;2;12.45186;41.86827;-1;2;Autovettura privata;In marcia / fermata / arresto;Conducente;F;Illeso;0;;Non accertato;Inesploso
3030653;20;27/10/2016 19:00;Provinciale entro l'abitato;VIA ANGUILLARESE;in prossimità;;del civico n.;534;;Scontro laterale fra veicoli in marcia;Rettilineo;Una carreggiata a doppio senso;Asciutto;Asfaltata;Orizzontale;Sereno;Scarso;Sufficiente;Insufficiente;0;0;0;2;12.2836;42.0823;-1;1;Autovettura privata;In marcia / fermata / arresto;Conducente;M;Illeso;0;;;
3030653;20;27/10/2016 19:00;Provinciale entro l'abitato;VIA ANGUILLARESE;in prossimità;;del civico n.;534;;Scontro laterale fra veicoli in marcia;Rettilineo;Una carreggiata a doppio senso;Asciutto;Asfaltata;Orizzontale;Sereno;Scarso;Sufficiente;Insufficiente;0;0;0;2;12.2836;42.0823;-1;2;Motociclo a solo;In marcia / fermata / arresto;Conducente;M;Illeso;0;;;
3030663;19;27/10/2016 14:00;Strada Urbana;VIA GIUSEPPE MARIA TERRENI;in prossimità;;del civico n.;25;;Veicolo in marcia contro veicolo in sosta;Rettilineo;Una carreggiata a doppio senso;Asciutto;Asfaltata;Assente;Sereno;Scarso;Buona;Ore Diurne;1;0;0;2;12.36122;41.94305;-1;;;;Pedone;M;Rimandato;0;NON DECEDUTO;;
3030663;19;27/10/2016 14:00;Strada Urbana;VIA GIUSEPPE MARIA TERRENI;in prossimità;;del civico n.;25;;Veicolo in marcia contro veicolo in sosta;Rettilineo;Una carreggiata a doppio senso;Asciutto;Asfaltata;Assente;Sereno;Scarso;Buona;Ore Diurne;1;0;0;2;12.36122;41.94305;-1;1;Autovettura privata;In marcia / fermata / arresto;Conducente;M;Illeso;0;;Non accertato;Inesploso
3030663;19;27/10/2016 14:00;Strada Urbana;VIA GIUSEPPE MARIA TERRENI;in prossimità;;del civico n.;25;;Veicolo in marcia contro veicolo in sosta;Rettilineo;Una carreggiata a doppio senso;Asciutto;Asfaltata;Assente;Sereno;Scarso;Buona;Ore Diurne;1;0;0;2;12.36122;41.94305;-1;2;Autovettura privata;Sosta;Passeggero;M;Illeso;0;;Non accertato;Inesploso
3030680;16;27/10/2016 19:55;Strada Urbana;VIALE DEI QUATTRO VENTI;in corrispondenza;;del civico n.;190;;Tamponamento Multiplo;Rettilineo;Una carreggiata a doppio senso;Asciutto;Asfaltata;Orizzontale;Sereno;Normale;Sufficiente;Sufficiente;0;0;0;4;12.45782;41.87539;-1;1;Autovettura privata;In marcia / fermata / arresto;Conducente;M;Illeso;0;;Non accertato;Inesploso
3030680;16;27/10/2016 19:55;Strada Urbana;VIALE DEI QUATTRO VENTI;in corrispondenza;;del civico n.;190;;Tamponamento Multiplo;Rettilineo;Una carreggiata a doppio senso;Asciutto;Asfaltata;Orizzontale;Sereno;Normale;Sufficiente;Sufficiente;0;0;0;4;12.45782;41.87539;-1;1;Autovettura privata;In marcia / fermata / arresto;Passeggero;F;Illeso;0;;Non accertato;Inesploso
3030680;16;27/10/2016 19:55;Strada Urbana;VIALE DEI QUATTRO VENTI;in corrispondenza;;del civico n.;190;;Tamponamento Multiplo;Rettilineo;Una carreggiata a doppio senso;Asciutto;Asfaltata;Orizzontale;Sereno;Normale;Sufficiente;Sufficiente;0;0;0;4;12.45782;41.87539;-1;2;Autovettura privata;In marcia / fermata / arresto;Conducente;F;Illeso;0;;Non accertato;Inesploso
3030680;16;27/10/2016 19:55;Strada Urbana;VIALE DEI QUATTRO VENTI;in corrispondenza;;del civico n.;190;;Tamponamento Multiplo;Rettilineo;Una carreggiata a doppio senso;Asciutto;Asfaltata;Orizzontale;Sereno;Normale;Sufficiente;Sufficiente;0;0;0;4;12.45782;41.87539;-1;3;Autovettura privata;In marcia / fermata / arresto;Conducente;M;Illeso;0;;Non accertato;Inesploso
3030682;4;28/10/2016;Strada Urbana;VIA NOMENTANA;in prossimità;;del civico n.;1563;;Veicolo in marcia contro ostacolo fisso;Rettilineo;Una carreggiata a doppio senso;Asciutto;Asfaltata;Verticale ed orizzontale;Sereno;Scarso;Buona;Sufficiente;1;0;0;0;12.60191;41.96789;-1;1;Autovettura privata;In marcia / fermata / arresto;Passeggero;M;Rimandato;0;NON DECEDUTO;Non accertato;
3030685;7;27/10/2016 15:15;Strada Urbana;VIALE PALMIRO TOGLIATTI;all'intersezione con;VIA DELLE PALME;VIA DELLE PALME;;;Scontro laterale fra veicoli in marcia;Incrocio;Due carreggiate;Asciutto;Asfaltata;Verticale ed orizzontale;Sereno;Normale;Buona;Ore Diurne;1;0;0;1;12.57397;41.89069;-1;1;Motociclo a solo;In marcia / fermata / arresto;Conducente;M;Rimandato;0;NON DECEDUTO;Utilizzato;
3030685;7;27/10/2016 15:15;Strada Urbana;VIALE PALMIRO TOGLIATTI;all'intersezione con;VIA DELLE PALME;VIA DELLE PALME;;;Scontro laterale fra veicoli in marcia;Incrocio;Due carreggiate;Asciutto;Asfaltata;Verticale ed orizzontale;Sereno;Normale;Buona;Ore Diurne;1;0;0;1;12.57397;41.89069;-1;2;Autovettura privata;In marcia / fermata / arresto;Conducente;M;Illeso;0;;Non accertato;Inesploso
3030691;6;28/10/2016 08:20;Strada Urbana;VIA PRENESTINA;all'intersezione semaforizzata con;LARGO PRENESTE;LARGO PRENESTE;;;Scontro frontale/laterale SX fra veicoli in marcia;Intersezione semaforizzata;Due carreggiate;Asciutto;Asfaltata;Verticale ed orizzontale;Sereno;Normale;Buona;Ore Diurne;2;0;0;2;12.54196;41.89248;-1;1;Vettura tranviaria;In marcia / fermata / arresto;Conducente;M;Illeso;0;;Esente;
3030691;6;28/10/2016 08:20;Strada Urbana;VIA PRENESTINA;all'intersezione semaforizzata con;LARGO PRENESTE;LARGO PRENESTE;;;Scontro frontale/laterale SX fra veicoli in marcia;Intersezione semaforizzata;Due carreggiate;Asciutto;Asfaltata;Verticale ed orizzontale;Sereno;Normale;Buona;Ore Diurne;2;0;0;2;12.54196;41.89248;-1;2;Autovettura privata;In marcia / fermata / arresto;Conducente;F;Rimandato;0;NON DECEDUTO;Non accertato;Inesploso
3030691;6;28/10/2016 08:20;Strada Urbana;VIA PRENESTINA;all'intersezione semaforizzata con;LARGO PRENESTE;LARGO PRENESTE;;;Scontro frontale/laterale SX fra veicoli in marcia;Intersezione semaforizzata;Due carreggiate;Asciutto;Asfaltata;Verticale ed orizzontale;Sereno;Normale;Buona;Ore Diurne;2;0;0;2;12.54196;41.89248;-1;2;Autovettura privata;In marcia / fermata / arresto;Passeggero;M;Rimandato;0;NON DECEDUTO;Non accertato;Inesploso
3030691;6;28/10/2016 08:20;Strada Urbana;VIA PRENESTINA;all'intersezione semaforizzata con;LARGO PRENESTE;LARGO PRENESTE;;;Scontro frontale/laterale SX fra veicoli in marcia;Intersezione semaforizzata;Due carreggiate;Asciutto;Asfaltata;Verticale ed orizzontale;Sereno;Normale;Buona;Ore Diurne;2;0;0;2;12.54196;41.89248;-1;3;Autovettura privata;In marcia / fermata / arresto;Conducente;M;Illeso;0;;Non accertato;Inesploso
3030694;19;27/10/2016 16:07;Strada Urbana;VIA DELLA PINETA SACCHETTI;all'intersezione con;VIA DI S. CLETO PAPA;VIA DI S. CLETO PAPA;;;Tamponamento;Intersezione semaforizzata;Una carreggiata a senso unico di marcia;Asciutto;Asfaltata;Verticale ed orizzontale;Sereno;Normale;Buona;Ore Diurne;0;0;0;4;12.42371;41.92232;-1;1;Autovettura privata;In marcia / fermata / arresto;Conducente;M;Illeso;0;;;
3030694;19;27/10/2016 16:07;Strada Urbana;VIA DELLA PINETA SACCHETTI;all'intersezione con;VIA DI S. CLETO PAPA;VIA DI S. CLETO PAPA;;;Tamponamento;Intersezione semaforizzata;Una carreggiata a senso unico di marcia;Asciutto;Asfaltata;Verticale ed orizzontale;Sereno;Normale;Buona;Ore Diurne;0;0;0;4;12.42371;41.92232;-1;1;Autovettura privata;In marcia / fermata / arresto;Passeggero;F;Illeso;0;;;