Protocollo;Gruppo;DataOraIncidente;Localizzazione1;STRADA1;Localizzazione2;STRADA2;Strada02;Chilometrica;DaSpecificare;NaturaIncidente;particolaritastrade;TipoStrada;FondoStradale;Pavimentazione;Segnaletica;CondizioneAtmosferica;Traffico;Visibilita;Illuminazione;NUM_FERITI;NUM_RISERVATA;NUM_MORTI;NUM_ILLESI;Longitudine;Latitudine;Confermato;Progressivo;TipoVeicolo;StatoVeicolo;TipoPersona;Sesso;Tipolesione;Deceduto;DecedutoDopo;CinturaCascoUtilizzato;Airbag
3034119;8;30/10/2016 14:45;Strada Urbana;VIA CASILINA;in corrispondenza;;del civico n.;1746/M;;Investimento di pedone;Rettilineo;Una carreggiata a senso unico di marcia;Asciutto;Asfaltata;Assente;Sereno;Scarso;Buona;Ore Diurne;1;0;0;5;12.66473;41.86388;-1;1;Autovettura privata;In marcia / fermata / arresto;Conducente;M;Illeso;0;;Non accertato;Inesploso
3034119;8;30/10/2016 14:45;Strada Urbana;VIA CASILINA;in corrispondenza;;del civico n.;1746/M;;Investimento di pedone;Rettilineo;Una carreggiata a senso unico di marcia;Asciutto;Asfaltata;Assente;Sereno;Scarso;Buona;Ore Diurne;1;0;0;5;12.66473;41.86388;-1;1;Autovettura privata;In marcia / fermata / arresto;Passeggero;F;Illeso;0;;Non accertato;Inesploso
3034119;8;30/10/2016 14:45;Strada Urbana;VIA CASILINA;in corrispondenza;;del civico n.;1746/M;;Investimento di pedone;Rettilineo;Una carreggiata a senso unico di marcia;Asciutto;Asfaltata;Assente;Sereno;Scarso;Buona;Ore Diurne;1;0;0;5;12.66473;41.86388;-1;1;Autovettura privata;In marcia / fermata / arresto;Passeggero;F;Illeso;0;;Non accertato;Inesploso
3034119;8;30/10/2016 14:45;Strada Urbana;VIA CASILINA;in corrispondenza;;del civico n.;1746/M;;Investimento di pedone;Rettilineo;Una carreggiata a senso unico di marcia;Asciutto;Asfaltata;Assente;Sereno;Scarso;Buona;Ore Diurne;1;0;0;5;12.66473;41.86388;-1;1;Autovettura privata;In marcia / fermata / arresto;Passeggero;M;Illeso;0;;Non accertato;Inesploso
3034119;8;30/10/2016 14:45;Strada Urbana;VIA CASILINA;in corrispondenza;;del civico n.;1746/M;;Investimento di pedone;Rettilineo;Una carreggiata a senso unico di marcia;Asciutto;Asfaltata;Assente;Sereno;Scarso;Buona;Ore Diurne;1;0;0;5;12.66473;41.86388;-1;1;Autovettura privata;In marcia / fermata / arresto;Passeggero;F;Illeso;0;;Non accertato;Inesploso
3034120;2;29/10/2016 19:30;Strada Urbana;VIA TAGLIAMENTO;all'intersezione con;VIA ARNO;VIA ARNO;;;Scontro laterale fra veicoli in marcia;Incrocio;Una carreggiata a doppio senso;Asciutto;Asfaltata;Verticale ed orizzontale;Sereno;Normale;Sufficiente;Sufficiente;0;0;0;4;12.50095;41.91867;-1;1;Autovettura di polizia;In marcia / fermata / arresto;Conducente;M;Illeso;0;;;
3034120;2;29/10/2016 19:30;Strada Urbana;VIA TAGLIAMENTO;all'intersezione con;VIA ARNO;VIA ARNO;;;Scontro laterale fra veicoli in marcia;Incrocio;Una carreggiata a doppio senso;Asciutto;Asfaltata;Verticale ed orizzontale;Sereno;Normale;Sufficiente;Sufficiente;0;0;0;4;12.50095;41.91867;-1;1;Autovettura di polizia;In marcia / fermata / arresto;Passeggero;M;Illeso;0;;;
3034120;2;29/10/2016 19:30;Strada Urbana;VIA TAGLIAMENTO;all'intersezione con;VIA ARNO;VIA ARNO;;;Scontro laterale fra veicoli in marcia;Incrocio;Una carreggiata a doppio senso;Asciutto;Asfaltata;Verticale ed orizzontale;Sereno;Normale;Sufficiente;Sufficiente;0;0;0;4;12.50095;41.91867;-1;2;Autovettura privata;In marcia / fermata / arresto;Conducente;M;Illeso;0;;;
3034120;2;29/10/2016 19:30;Strada Urbana;VIA TAGLIAMENTO;all'intersezione con;VIA ARNO;VIA ARNO;;;Scontro laterale fra veicoli in marcia;Incrocio;Una carreggiata a doppio senso;Asciutto;Asfaltata;Verticale ed orizzontale;Sereno;Normale;Sufficiente;Sufficiente;0;0;0;4;12.50095;41.91867;-1;2;Autovettura privata;In marcia / fermata / arresto;Passeggero;F;Illeso;0;;;
3034123;2;30/10/2016 17:09;Strada Urbana;CORSO D'ITALIA;all'intersezione semaforizzata con;VIA AUGUSTO VALENZIANI;VIA AUGUSTO VALENZIANI;;;Scontro frontale/laterale SX fra veicoli in marcia;Intersezione semaforizzata;Due carreggiate;Asciutto;Asfaltata;Verticale ed orizzontale;Sereno;Normale;Buona;Ore Diurne;1;0;0;1;12.49954;41.91046;-1;1;Autovettura privata;In marcia / fermata / arresto;Conducente;M;Illeso;0;;Non accertato;Inesistente
3034123;2;30/10/2016 17:09;Strada Urbana;CORSO D'ITALIA;all'intersezione semaforizzata con;VIA AUGUSTO VALENZIANI;VIA AUGUSTO VALENZIANI;;;Scontro frontale/laterale SX fra veicoli in marcia;Intersezione semaforizzata;Due carreggiate;Asciutto;Asfaltata;Verticale ed orizzontale;Sereno;Normale;Buona;Ore Diurne;1;0;0;1;12.49954;41.91046;-1;2;Motociclo a solo;In marcia / fermata / arresto;Conducente;F;Rimandato;0;NON DECEDUTO;Non accertato;
3034126;2;30/10/2016 18:00;Strada Urbana;PIAZZA APOLLODORO;all'intersezione con;VIALE TIZIANO;VIALE TIZIANO;;;Scontro frontale/laterale DX fra veicoli in marcia;Incrocio;Una carreggiata a senso unico di marcia;Asciutto;Asfaltata;Verticale;Sereno;Scarso;Buona;Sufficiente;0;0;0;3;12.46971;41.92904;-1;1;Autovettura privata;In marcia / fermata / arresto;Conducente;M;Illeso;0;;;
3034126;2;30/10/2016 18:00;Strada Urbana;PIAZZA APOLLODORO;all'intersezione con;VIALE TIZIANO;VIALE TIZIANO;;;Scontro frontale/laterale DX fra veicoli in marcia;Incrocio;Una carreggiata a senso unico di marcia;Asciutto;Asfaltata;Verticale;Sereno;Scarso;Buona;Sufficiente;0;0;0;3;12.46971;41.92904;-1;2;Autovettura privata;In marcia / fermata / arresto;Conducente;M;Illeso;0;;;
3034126;2;30/10/2016 18:00;Strada Urbana;PIAZZA APOLLODORO;all'intersezione con;VIALE TIZIANO;VIALE TIZIANO;;;Scontro frontale/laterale DX fra veicoli in marcia;Incrocio;Una carreggiata a senso unico di marcia;Asciutto;Asfaltata;Verticale;Sereno;Scarso;Buona;Sufficiente;0;0;0;3;12.46971;41.92904;-1;2;Autovettura privata;In marcia / fermata / arresto;Passeggero;F;Illeso;0;;;
3034128;2;30/10/2016 21:15;Strada Urbana;PIAZZA MONTE GENNARO;in corrispondenza;;del civico n.;7;;Scontro laterale fra veicoli in marcia;Rettilineo;Una carreggiata a doppio senso;Asciutto;Asfaltata;Verticale ed orizzontale;Sereno;Scarso;Buona;Sufficiente;0;0;0;2;12.53794;41.94471;-1;1;Autovettura privata;In marcia / fermata / arresto;Conducente;F;Illeso;0;;Non accertato;Inesploso
3034128;2;30/10/2016 21:15;Strada Urbana;PIAZZA MONTE GENNARO;in corrispondenza;;del civico n.;7;;Scontro laterale fra veicoli in marcia;Rettilineo;Una carreggiata a doppio senso;Asciutto;Asfaltata;Verticale ed orizzontale;Sereno;Scarso;Buona;Sufficiente;0;0;0;2;12.53794;41.94471;-1;2;Autovettura pubblica;In marcia / fermata / arresto;Conducente;M;Illeso;0;;Non accertato;Inesploso
3034129;2;30/10/2016 00:30;Strada Urbana;VIALE ETIOPIA;all'intersezione con;VIA DEI GALLA E SIDAMA;VIA DEI GALLA E SIDAMA;;;Scontro frontale/laterale SX fra veicoli in marcia;Intersezione stradale segnalata;Una carreggiata a doppio senso;Asciutto;Asfaltata;Verticale ed orizzontale;Sereno;Scarso;Sufficiente;Sufficiente;0;0;0;4;12.52319;41.93164;-1;1;Autovettura privata;In marcia / fermata / arresto;Conducente;M;Illeso;0;;Non accertato;Inesploso
3034129;2;30/10/2016 00:30;Strada Urbana;VIALE ETIOPIA;all'intersezione con;VIA DEI GALLA E SIDAMA;VIA DEI GALLA E SIDAMA;;;Scontro frontale/laterale SX fra veicoli in marcia;Intersezione stradale segnalata;Una carreggiata a doppio senso;Asciutto;Asfaltata;Verticale ed orizzontale;Sereno;Scarso;Sufficiente;Sufficiente;0;0;0;4;12.52319;41.93164;-1;1;Autovettura privata;In marcia / fermata / arresto;Passeggero;F;Illeso;0;;Non accertato;Inesploso
3034129;2;30/10/2016 00:30;Strada Urbana;VIALE ETIOPIA;all'intersezione con;VIA DEI GALLA E SIDAMA;VIA DEI GALLA E SIDAMA;;;Scontro frontale/laterale SX fra veicoli in marcia;Intersezione stradale segnalata;Una carreggiata a doppio senso;Asciutto;Asfaltata;Verticale ed orizzontale;Sereno;Scarso;Sufficiente;Sufficiente;0;0;0;4;12.52319;41.93164;-1;1;Autovettura privata;In marcia / fermata / arresto;Passeggero;M;Illeso;0;;Non accertato;Inesploso
3034129;2;30/10/2016 00:30;Strada Urbana;VIALE ETIOPIA;all'intersezione con;VIA DEI GALLA E SIDAMA;VIA DEI GALLA E SIDAMA;;;Scontro frontale/laterale SX fra veicoli in marcia;Intersezione stradale segnalata;Una carreggiata a doppio senso;Asciutto;Asfaltata;Verticale ed orizzontale;Sereno;Scarso;Sufficiente;Sufficiente;0;0;0;4;12.52319;41.93164;-1;2;Velocipede;In marcia / fermata / arresto;Conducente;M;Illeso;0;;Esente;
3034138;2;30/10/2016 04:25;Strada Urbana;VIALE DI TOR DI QUINTO;in corrispondenza;;del civico n.;fr. 116;;Veicolo in marcia contro ostacolo fisso;Rettilineo;Più di due carreggiate;Asciutto;Asfaltata;Verticale ed orizzontale;Sereno;Scarso;Buona;Sufficiente;1;0;0;0;12.48344;41.95002;-1;1;Autovettura privata;In marcia / fermata / arresto;Conducente;M;Rimandato;0;NON DECEDUTO;;
3034141;17;30/10/2016 16:00;Strada Urbana;PONTE DEL RISORGIMENTO;da specificare;;;;PRESSI PIAZZA MONTE GRAPPA;Veicolo in marcia contro ostacolo accidentale;Rettilineo;Una carreggiata a senso unico di marcia;Asciutto;Asfaltata;Verticale ed orizzontale;Sereno;Normale;Buona;Ore Diurne;0;0;0;2;12.47016;41.91864;-1;1;Autovettura privata;In marcia / fermata / arresto;Conducente;M;Illeso;0;;Non accertato;Inesploso
3034141;17;30/10/2016 16:00;Strada Urbana;PONTE DEL RISORGIMENTO;da specificare;;;;PRESSI PIAZZA MONTE GRAPPA;Veicolo in marcia contro ostacolo accidentale;Rettilineo;Una carreggiata a senso unico di marcia;Asciutto;Asfaltata;Verticale ed orizzontale;Sereno;Normale;Buona;Ore Diurne;0;0;0;2;12.47016;41.91864;-1;1;Autovettura privata;In marcia / fermata / arresto;Passeggero;M;Illeso;0;;Non accertato;Inesploso
3034142;16;29/10/2016 23:30;Strada Urbana;VIA LUIGI MERCANTINI;da specificare;;;;in prossimità di Via G. CARINI;Tamponamento;Rettilineo;Una carreggiata a senso unico di marcia;Asciutto;Asfaltata;Orizzontale;Sereno;Normale;Buona;Sufficiente;0;0;0;2;12.46104;41.88724;-1;1;Autovettura pubblica;In marcia / fermata / arresto;Conducente;M;Illeso;0;;;
3034142;16;29/10/2016 23:30;Strada Urbana;VIA LUIGI MERCANTINI;da specificare;;;;in prossimità di Via G. CARINI;Tamponamento;Rettilineo;Una carreggiata a senso unico di marcia;Asciutto;Asfaltata;Orizzontale;Sereno;Normale;Buona;Sufficiente;0;0;0;2;12.46104;41.88724;-1;2;Autovettura privata;In marcia / fermata / arresto;Conducente;M;Illeso;0;;Non accertato;
3034143;12;28/10/2016 10:40;Regionale;VIA PONTINA;da specificare;;;;km 12,000 alt. svincolo GRA (Napoli) dir. Roma;Tamponamento;Rettilineo;Due carreggiate;Asciutto;Asfaltata;Verticale ed orizzontale;Sereno;Intenso;Buona;Ore Diurne;0;0;0;2;12.4541;41.80087;-1;1;Autocarro inferiore 35 q.;In marcia / fermata / arresto;Conducente;M;Illeso;0;;Utilizzato;Inesploso
3034143;12;28/10/2016 10:40;Regionale;VIA PONTINA;da specificare;;;;km 12,000 alt. svincolo GRA (Napoli) dir. Roma;Tamponamento;Rettilineo;Due carreggiate;Asciutto;Asfaltata;Verticale ed orizzontale;Sereno;Intenso;Buona;Ore Diurne;0;0;0;2;12.4541;41.80087;-1;2;Autocarro inferiore 35 q.;In marcia / fermata / arresto;Conducente;M;Illeso;0;;Utilizzato;Inesploso
3034158;19;28/10/2016 13:00;Strada Urbana;VIA UGO DE CAROLIS;in corrispondenza;;del civico n.;108;;Scontro laterale fra veicoli in marcia;Rettilineo;Una carreggiata a doppio senso;Asciutto;Asfaltata;Assente;Sereno;Normale;Buona;Ore Diurne;2;0;0;0;12.43901;41.91788;-1;1;Autovettura privata;In marcia / fermata / arresto;Conducente;M;Rifiuta cure immediate;0;NON DECEDUTO;Non accertato;Inesploso
3034158;19;28/10/2016 13:00;Strada Urbana;VIA UGO DE CAROLIS;in corrispondenza;;del civico n.;108;;Scontro laterale fra veicoli in marcia;Rettilineo;Una carreggiata a doppio senso;Asciutto;Asfaltata;Assente;Sereno;Normale;Buona;Ore Diurne;2;0;0;0;12.43901;41.91788;-1;2;Autovettura privata;In marcia / fermata / arresto;Conducente;M;Rifiuta cure immediate;0;NON DECEDUTO;Non accertato;Inesploso
3034159;12;28/10/2016 08:45;Strada Urbana;VIA LAURENTINA;all'intersezione con;VIA DI VALLERANO;VIA DI VALLERANO;;;Veicolo in marcia contro ostacolo accidentale;Rotatoria;Una carreggiata a senso unico di marcia;Asciutto;Asfaltata;Verticale ed orizzontale;Sereno;Normale;Buona;Ore Diurne;0;0;0;2;12.48147;41.8018;-1;1;Autovettura privata;In marcia / fermata / arresto;Conducente;F;Illeso;0;;Utilizzato;Inesploso
3034159;12;28/10/2016 08:45;Strada Urbana;VIA LAURENTINA;all'intersezione con;VIA DI VALLERANO;VIA DI VALLERANO;;;Veicolo in marcia contro ostacolo accidentale;Rotatoria;Una carreggiata a senso unico di marcia;Asciutto;Asfaltata;Verticale ed orizzontale;Sereno;Normale;Buona;Ore Diurne;0;0;0;2;12.48147;41.8018;-1;1;Autovettura privata;In marcia / fermata / arresto;Passeggero;F;Illeso;0;;Utilizzato;Inesploso
3034160;17;30/10/2016 23:25;Strada Urbana;VIA TRIONFALE;in corrispondenza;;del civico n.;8477;;Scontro frontale/laterale SX fra veicoli in marcia;Rettilineo;Una carreggiata a senso unico di marcia;Asciutto;Asfaltata;Verticale ed orizzontale;Sereno;Normale;Sufficiente;Sufficiente;0;0;0;4;12.42531;41.93848;-1;1;Autocarro inferiore 35 q.;In marcia / fermata / arresto;Passeggero;M;Illeso;0;;;
3034160;17;30/10/2016 23:25;Strada Urbana;VIA TRIONFALE;in corrispondenza;;del civico n.;8477;;Scontro frontale/laterale SX fra veicoli in marcia;Rettilineo;Una carreggiata a senso unico di marcia;Asciutto;Asfaltata;Verticale ed orizzontale;Sereno;Normale;Sufficiente;Sufficiente;0;0;0;4;12.42531;41.93848;-1;1;Autocarro inferiore 35 q.;In marcia / fermata / arresto;Conducente;M;Illeso;0;;;
3034160;17;30/10/2016 23:25;Strada Urbana;VIA TRIONFALE;in corrispondenza;;del civico n.;8477;;Scontro frontale/laterale SX fra veicoli in marcia;Rettilineo;Una carreggiata a senso unico di marcia;Asciutto;Asfaltata;Verticale ed orizzontale;Sereno;Normale;Sufficiente;Sufficiente;0;0;0;4;12.42531;41.93848;-1;2;Autovettura privata;In marcia / fermata / arresto;Conducente;F;Illeso;0;;;
3034160;17;30/10/2016 23:25;Strada Urbana;VIA TRIONFALE;in corrispondenza;;del civico n.;8477;;Scontro frontale/laterale SX fra veicoli in marcia;Rettilineo;Una carreggiata a senso unico di marcia;Asciutto;Asfaltata;Verticale ed orizzontale;Sereno;Normale;Sufficiente;Sufficiente;0;0;0;4;12.42531;41.93848;-1;2;Autovettura privata;In marcia / fermata / arresto;Passeggero;F;Illeso;0;;;
3034162;5;29/10/2016 12:45;Strada Urbana;VIA TIBURTINA;in corrispondenza;;del civico n.;820;;Tamponamento;Rettilineo;Una carreggiata a doppio senso;Asciutto;Asfaltata;Orizzontale;Sereno;Normale;Buona;Ore Diurne;0;0;0;3;12.56071;41.9148;-1;1;Autocarro inferiore 35 q.;In marcia / fermata / arresto;Conducente;M;Illeso;0;;Non accertato;Inesploso
3034162;5;29/10/2016 12:45;Strada Urbana;VIA TIBURTINA;in corrispondenza;;del civico n.;820;;Tamponamento;Rettilineo;Una carreggiata a doppio senso;Asciutto;Asfaltata;Orizzontale;Sereno;Normale;Buona;Ore Diurne;0;0;0;3;12.56071;41.9148;-1;2;Autovettura privata;In marcia / fermata / arresto;Conducente;M;Illeso;0;;Non accertato;Inesploso
3034162;5;29/10/2016 12:45;Strada Urbana;VIA TIBURTINA;in corrispondenza;;del civico n.;820;;Tamponamento;Rettilineo;Una carreggiata a doppio senso;Asciutto;Asfaltata;Orizzontale;Sereno;Normale;Buona;Ore Diurne;0;0;0;3;12.56071;41.9148;-1;2;Autovettura privata;In marcia / fermata / arresto;Passeggero;F;Illeso;0;;Non accertato;Inesploso
3034167;5;29/10/2016 23:05;Strada Urbana;VIA UGO OJETTI;all'intersezione con;VIA JACOPONE DA TODI;VIA JACOPONE DA TODI;;;Tamponamento;Incrocio;Due carreggiate;Bagnato (umidità in atto);Asfaltata;Verticale ed orizzontale;Sereno;Scarso;Buona;Sufficiente;1;0;0;1;12.55323;41.94527;-1;1;Autobus di linea;In marcia / fermata / arresto;Conducente;M;Illeso;0;;Non accertato;Inesploso
3034167;5;29/10/2016 23:05;Strada Urbana;VIA UGO OJETTI;all'intersezione con;VIA JACOPONE DA TODI;VIA JACOPONE DA TODI;;;Tamponamento;Incrocio;Due carreggiate;Bagnato (umidità in atto);Asfaltata;Verticale ed orizzontale;Sereno;Scarso;Buona;Sufficiente;1;0;0;1;12.55323;41.94527;-1;2;Autovettura privata;In marcia / fermata / arresto;Conducente;M;Rimandato;0;NON DECEDUTO;Non accertato;
3034187;12;28/10/2016 20:15;Strada Urbana;VIA DI CASTEL DI LEVA;in prossimità;;del civico n.;131;;Veicolo in marcia contro ostacolo accidentale;Rettilineo;Una carreggiata a doppio senso;Asciutto;Asfaltata;Verticale ed orizzontale;Sereno;Normale;Buona;Inesistente;0;0;0;1;12.50669;41.78804;-1;1;Autobus di linea;In marcia / fermata / arresto;Conducente;M;Illeso;0;;Esente;Inesploso
3034188;12;28/10/2016 17:20;Provinciale;VIA PONTINA;in prossimità;;della chilometrica;15.8;;Tamponamento;Rettilineo;Due carreggiate;Asciutto;Asfaltata;Verticale ed orizzontale;Sereno;Normale;Buona;Ore Diurne;2;0;0;2;12.44415;41.77322;-1;1;Autovettura privata;In marcia / fermata / arresto;Conducente;F;Rimandato;0;NON DECEDUTO;Utilizzato;Inesploso
3034188;12;28/10/2016 17:20;Provinciale;VIA PONTINA;in prossimità;;della chilometrica;15.8;;Tamponamento;Rettilineo;Due carreggiate;Asciutto;Asfaltata;Verticale ed orizzontale;Sereno;Normale;Buona;Ore Diurne;2;0;0;2;12.44415;41.77322;-1;1;Autovettura privata;In marcia / fermata / arresto;Passeggero;F;Rimandato;0;NON DECEDUTO;Non accertato;Inesistente
3034188;12;28/10/2016 17:20;Provinciale;VIA PONTINA;in prossimità;;della chilometrica;15.8;;Tamponamento;Rettilineo;Due carreggiate;Asciutto;Asfaltata;Verticale ed orizzontale;Sereno;Normale;Buona;Ore Diurne;2;0;0;2;12.44415;41.77322;-1;2;Autocarro inferiore 35 q.;In marcia / fermata / arresto;Conducente;M;Illeso;0;;Utilizzato;Inesploso
3034188;12;28/10/2016 17:20;Provinciale;VIA PONTINA;in prossimità;;della chilometrica;15.8;;Tamponamento;Rettilineo;Due carreggiate;Asciutto;Asfaltata;Verticale ed orizzontale;Sereno;Normale;Buona;Ore Diurne;2;0;0;2;12.44415;41.77322;-1;2;Autocarro inferiore 35 q.;In marcia / fermata / arresto;Passeggero;M;Illeso;0;;Utilizzato;Inesploso
3034191;5;30/10/2016 10:30;Strada Urbana;VIALE PALMIRO TOGLIATTI;da specificare;;;;DIREZIONE PRENESTINA altezza SVINCOLO A24;Tamponamento;Rettilineo;Due carreggiate;Asciutto;Asfaltata;Verticale ed orizzontale;Sereno;Normale;Buona;Ore Diurne;1;0;0;1;12.5726;41.9081;-1;1;Autovettura privata;In marcia / fermata / arresto;Conducente;M;Illeso;0;;Non accertato;Inesploso
3034191;5;30/10/2016 10:30;Strada Urbana;VIALE PALMIRO TOGLIATTI;da specificare;;;;DIREZIONE PRENESTINA altezza SVINCOLO A24;Tamponamento;Rettilineo;Due carreggiate;Asciutto;Asfaltata;Verticale ed orizzontale;Sereno;Normale;Buona;Ore Diurne;1;0;0;1;12.5726;41.9081;-1;2;Autovettura privata;In marcia / fermata / arresto;Conducente;M;Rimandato;0;NON DECEDUTO;Non accertato;Esploso
3034199;7;28/10/2016 20:50;Strada Urbana;VIALE ALESSANDRINO;in corrispondenza;;del civico n.;263;;Veicolo in marcia contro veicoli in sosta;Rettilineo;Una carreggiata a doppio senso;Asciutto;Asfaltata;Verticale ed orizzontale;Sereno;Scarso;Sufficiente;Sufficiente;0;0;0;1;12.57902;41.87613;-1;1;Autovettura privata;In marcia / fermata / arresto;Conducente;M;Illeso;0;;;
3034201;5;30/10/2016 15:00;Strada Urbana;NUOVA CIRCONVALLAZIONE INTERNA;da specificare;;;;altezza batteria Nomentana dir. S.Giovanni;Veicolo in marcia contro ostacolo fisso;Galleria illuminata;Una carreggiata a senso unico di marcia;Asciutto;Asfaltata;Verticale ed orizzontale;Sereno;Normale;Sufficiente;Ore Diurne;0;0;0;2;12.52654;41.92992;-1;1;Autovettura privata;In marcia / fermata / arresto;Conducente;F;Illeso;0;;Non accertato;Inesploso
3034201;5;30/10/2016 15:00;Strada Urbana;NUOVA CIRCONVALLAZIONE INTERNA;da specificare;;;;altezza batteria Nomentana dir. S.Giovanni;Veicolo in marcia contro ostacolo fisso;Galleria illuminata;Una carreggiata a senso unico di marcia;Asciutto;Asfaltata;Verticale ed orizzontale;Sereno;Normale;Sufficiente;Ore Diurne;0;0;0;2;12.52654;41.92992;-1;1;Autovettura privata;In marcia / fermata / arresto;Passeggero;F;Illeso;0;;Non accertato;Inesploso
3034207;5;30/10/2016 17:25;Strada Urbana;VIALE DEL TECNOPOLO;da specificare;;;;alt. Leroy Merlin x via Peroni;Scontro laterale fra veicoli in marcia;Rettilineo;Due carreggiate;Asciutto;Asfaltata;Verticale ed orizzontale;Sereno;Normale;Buona;Sufficiente;1;0;0;4;12.64013;41.93706;-1;1;Autovettura privata;In marcia / fermata / arresto;Conducente;M;Illeso;0;;Non accertato;Inesploso
3034207;5;30/10/2016 17:25;Strada Urbana;VIALE DEL TECNOPOLO;da specificare;;;;alt. Leroy Merlin x via Peroni;Scontro laterale fra veicoli in marcia;Rettilineo;Due carreggiate;Asciutto;Asfaltata;Verticale ed orizzontale;Sereno;Normale;Buona;Sufficiente;1;0;0;4;12.64013;41.93706;-1;1;Autovettura privata;In marcia / fermata / arresto;Passeggero;F;Illeso;0;;Non accertato;Inesploso
3034207;5;30/10/2016 17:25;Strada Urbana;VIALE DEL TECNOPOLO;da specificare;;;;alt. Leroy Merlin x via Peroni;Scontro laterale fra veicoli in marcia;Rettilineo;Due carreggiate;Asciutto;Asfaltata;Verticale ed orizzontale;Sereno;Normale;Buona;Sufficiente;1;0;0;4;12.64013;41.93706;-1;1;Autovettura privata;In marcia / fermata / arresto;Passeggero;F;Illeso;0;;Non accertato;Inesploso
3034207;5;30/10/2016 17:25;Strada Urbana;VIALE DEL TECNOPOLO;da specificare;;;;alt. Leroy Merlin x via Peroni;Scontro laterale fra veicoli in marcia;Rettilineo;Due carreggiate;Asciutto;Asfaltata;Verticale ed orizzontale;Sereno;Normale;Buona;Sufficiente;1;0;0;4;12.64013;41.93706;-1;1;Autovettura privata;In marcia / fermata / arresto;Passeggero;F;Illeso;0;;Non accertato;Inesploso
3034207;5;30/10/2016 17:25;Strada Urbana;VIALE DEL TECNOPOLO;da specificare;;;;alt. Leroy Merlin x via Peroni;Scontro laterale fra veicoli in marcia;Rettilineo;Due carreggiate;Asciutto;Asfaltata;Verticale ed orizzontale;Sereno;Normale;Buona;Sufficiente;1;0;0;4;12.64013;41.93706;-1;2;Autovettura privata;In marcia / fermata / arresto;Conducente;F;Rifiuta cure immediate;0;NON DECEDUTO;Non accertato;Inesploso
3034214;7;31/10/2016 09:40;Strada Urbana;VIA SANTI ROMANO;in prossimità;;del civico n.;22;;Veicolo in marcia contro veicoli in sosta;Rettilineo;Una carreggiata a doppio senso;Asciutto;Asfaltata;Orizzontale;Sereno;Normale;Buona;Ore Diurne;0;0;0;1;12.56887;41.8624;-1;1;Autotreno;In marcia / fermata / arresto;Conducente;M;Illeso;0;;Non accertato;Inesploso
3034218;5;31/10/2016 00:10;Strada Urbana;VIA DELLE PALME;in corrispondenza;;del civico n.;41;;Scontro frontale/laterale SX fra veicoli in marcia;Rettilineo;Una carreggiata a senso unico di marcia;Asciutto;Asfaltata;Orizzontale;Sereno;Scarso;Buona;Sufficiente;0;0;0;3;12.56427;41.88926;-1;1;Autovettura privata;In marcia / fermata / arresto;Conducente;M;Illeso;0;;Non accertato;Inesploso
3034218;5;31/10/2016 00:10;Strada Urbana;VIA DELLE PALME;in corrispondenza;;del civico n.;41;;Scontro frontale/laterale SX fra veicoli in marcia;Rettilineo;Una carreggiata a senso unico di marcia;Asciutto;Asfaltata;Orizzontale;Sereno;Scarso;Buona;Sufficiente;0;0;0;3;12.56427;41.88926;-1;2;Autovettura privata;In marcia / fermata / arresto;Conducente;M;Illeso;0;;Non accertato;Inesploso
3034218;5;31/10/2016 00:10;Strada Urbana;VIA DELLE PALME;in corrispondenza;;del civico n.;41;;Scontro frontale/laterale SX fra veicoli in marcia;Rettilineo;Una carreggiata a senso unico di marcia;Asciutto;Asfaltata;Orizzontale;Sereno;Scarso;Buona;Sufficiente;0;0;0;3;12.56427;41.88926;-1;2;Autovettura privata;In marcia / fermata / arresto;Passeggero;F;Illeso;0;;Non accertato;Inesploso
3034222;7;29/10/2016 08:20;Strada Urbana;VIA GIROLAMO COCCONI;in corrispondenza;;del civico n.;21;;Investimento di pedone;Rettilineo;Una carreggiata a doppio senso;Asciutto;Asfaltata;Verticale ed orizzontale;Sereno;Normale;Buona;Ore Diurne;1;0;0;1;12.56358;41.89357;-1;;;;Pedone;M;Rimandato;0;NON DECEDUTO;;
3034222;7;29/10/2016 08:20;Strada Urbana;VIA GIROLAMO COCCONI;in corrispondenza;;del civico n.;21;;Investimento di pedone;Rettilineo;Una carreggiata a doppio senso;Asciutto;Asfaltata;Verticale ed orizzontale;Sereno;Normale;Buona;Ore Diurne;1;0;0;1;12.56358;41.89357;-1;1;Autovettura privata;In marcia / fermata / arresto;Conducente;M;Illeso;0;;;
3034223;12;28/10/2016 19:15;Strada Urbana;VIA DI VALLERANO;in prossimità;;del civico n.;162;;Veicolo in marcia contro ostacolo accidentale;Rettilineo;Una carreggiata a doppio senso;Asciutto;Asfaltata;Verticale ed orizzontale;Sereno;Normale;Buona;Inesistente;0;0;0;1;12.45789;41.78723;-1;1;Autovettura privata;In marcia / fermata / arresto;Conducente;M;Illeso;0;;Non accertato;Inesploso
3034224;12;29/10/2016 14:00;Strada Urbana;VIA CRISTOFORO COLOMBO;da specificare;;;;DIREZIONE OSTIA DOPO PALAEUR;Scontro laterale fra veicoli in marcia;Rettilineo;Due carreggiate;Asciutto;Asfaltata;Verticale ed orizzontale;Sereno;Normale;Buona;Ore Diurne;0;0;0;2;12.42449;41.78815;-1;1;Motociclo a solo;In marcia / fermata / arresto;Conducente;M;Illeso;0;;Utilizzato;